scenario_id,vehicle_id,profile_id,hang_xe,mau_xe,doi_xe,dung_tich_dong_co_L,xang_do_thi_L_100km,xang_hon_hop_L_100km,may_phat_dinh_muc_A_GIA_LAP,suc_khoe_may_phat_pct_GIA_LAP,suc_khoe_acquy_pct_GIA_LAP,muc_sac_acquy_SOC_pct_GIA_LAP,ty_le_dung_cho_no_may_do_thi,vong_tua_may_rpm,toc_do_xe_kmh,tai_dien_co_ban_A,den_pha_A,quat_gio_dieu_hoa_A,suoi_kinh_A,dong_sac_acquy_A,dau_CD_cu_A,man_hinh_android_ranh_A,am_luong_pct,do_nang_luong_am_thanh_RMS_0_1,amp_ngoai_co_lap,amp_ngoai_dinh_muc_dong_A_GIA_LAP,amp_ngoai_dong_thuc_A_GIA_LAP,tai_man_hinh_luc_phat_A_GIA_LAP,loi_lap_dat_dien_GIA_LAP,tai_roi_nguon_do_loi_A,sut_ap_mat_V_GIA_LAP,dong_may_phat_co_san_A_GIA_LAP,tong_tai_dien_moi_A_GIA_LAP,du_dia_dien_moi_A_GIA_LAP,du_dia_dien_dau_cu_A_GIA_LAP,dien_ap_khi_no_may_V_GIA_LAP,the_loai_nhac,ca_si_minh_hoa,loi_bom_xang_GIA_LAP,chet_may_GIA_LAP,y1_man_hinh_gop_phan_thieu_dien,y2_can_nang_cap_may_phat
SIM_00001,FAKE_CAR_0001,YARIS13_UK_MT,Toyota,Yaris hatchback 1.3 VVT-i,2008,1.3,7.2,6,80,54.1,69.4,82.2,0.28,1994,17,15.2,0,15,0,1,2.02,2.39,35,0.252,0,0,0,3.32,0,0,0.114,35.3,34.52,0.78,2.08,14.02,nhạc trẻ,Lam Trường,0,0,0,0
SIM_00002,FAKE_CAR_0001,YARIS13_UK_MT,Toyota,Yaris hatchback 1.3 VVT-i,2008,1.3,7.2,6,80,54.1,69.4,71.1,0.28,1737,32,15.2,0,0,0,4.6,2.02,2.39,95,0.666,0,0,0,9.35,0,0,0.114,32.6,29.15,3.45,10.78,14.05,bolero,Lệ Quyên,0,0,0,0
SIM_00003,FAKE_CAR_0001,YARIS13_UK_MT,Toyota,Yaris hatchback 1.3 VVT-i,2008,1.3,7.2,6,80,54.1,69.4,77.1,0.28,1635,45,15.2,0,0,0,1.2,2.02,2.39,50,0.295,0,0,0,4.14,0,0,0.114,31.53,20.54,10.99,13.11,14.11,dân ca/pop,Phương Mỹ Chi,0,0,0,0
SIM_00004,FAKE_CAR_0001,YARIS13_UK_MT,Toyota,Yaris hatchback 1.3 VVT-i,2008,1.3,7.2,6,80,54.1,69.4,78.8,0.28,2212,30,15.2,0,5,12,2.2,2.02,2.39,80,0.291,0,0,0,6.18,0,0,0.114,37.59,40.58,-2.99,1.17,12.67,bolero,Lệ Quyên,0,0,0,0
SIM_00005,FAKE_CAR_0001,YARIS13_UK_MT,Toyota,Yaris hatchback 1.3 VVT-i,2008,1.3,7.2,6,80,54.1,69.4,71.2,0.28,959,0,15.2,0,13,0,3.9,2.02,2.39,10,0.545,0,0,0,2.54,0,0,0.114,20.31,34.64,-14.33,-13.81,12.4,bolero,Lệ Quyên,0,0,0,0
SIM_00006,FAKE_CAR_0001,YARIS13_UK_MT,Toyota,Yaris hatchback 1.3 VVT-i,2008,1.3,7.2,6,80,54.1,69.4,78.1,0.28,965,0,15.2,0,5,11,4.4,2.02,2.39,20,0.85,0,0,0,2.99,0,0,0.114,20.43,38.59,-18.16,-17.19,12.35,pop,Hòa Minzy,0,0,0,0
SIM_00007,FAKE_CAR_0001,YARIS13_UK_MT,Toyota,Yaris hatchback 1.3 VVT-i,2008,1.3,7.2,6,80,54.1,69.4,75.1,0.28,791,0,15.2,0,10,0,3.6,2.02,2.39,20,0.231,0,0,0,2.75,0,0,0.114,16.99,31.55,-14.56,-13.83,12.47,pop,Hòa Minzy,0,0,0,0
SIM_00008,FAKE_CAR_0001,YARIS13_UK_MT,Toyota,Yaris hatchback 1.3 VVT-i,2008,1.3,7.2,6,80,54.1,69.4,80.1,0.28,995,0,15.2,0,11,16,1.3,2.02,2.39,20,0.311,0,0,0,2.78,0,0,0.114,21.02,46.28,-25.26,-24.5,12.17,nhạc trẻ,Lam Trường,0,0,0,0
SIM_00009,FAKE_CAR_0002,YARIS13_UK_MM,Toyota,Yaris hatchback 1.3 VVT-i,2008,1.3,6.7,5.8,80,98.7,93.9,52.4,0.68,850,0,18.9,0,5,0,5.9,2.97,2.63,20,0.791,1,12,2.69,3.21,0,0,0.094,33.12,35.7,-2.58,0.35,12.78,bolero,Lệ Quyên,0,0,0,0
SIM_00010,FAKE_CAR_0002,YARIS13_UK_MM,Toyota,Yaris hatchback 1.3 VVT-i,2008,1.3,6.7,5.8,80,98.7,93.9,46.2,0.68,831,0,18.9,0,5,16,3.9,2.97,2.63,20,0.476,1,12,2.14,3.09,0,0,0.094,32.43,49.03,-16.6,-14.34,12.43,pop,Hòa Minzy,0,0,0,0
SIM_00011,FAKE_CAR_0002,YARIS13_UK_MM,Toyota,Yaris hatchback 1.3 VVT-i,2008,1.3,6.7,5.8,80,98.7,93.9,59.2,0.68,933,0,18.9,11,13,13,5.9,2.97,2.63,35,0.602,1,12,3.51,3.91,0,0,0.094,36.11,69.22,-33.11,-28.66,11.97,instrumental,không rõ,0,0,0,0
SIM_00012,FAKE_CAR_0002,YARIS13_UK_MM,Toyota,Yaris hatchback 1.3 VVT-i,2008,1.3,6.7,5.8,80,98.7,93.9,48.9,0.68,888,0,18.9,10,0,14,4.5,2.97,2.63,50,0.544,1,12,4.79,4.83,0,0,0.094,34.49,57.02,-22.53,-15.88,12.29,instrumental,không rõ,0,0,1,0
SIM_00013,FAKE_CAR_0002,YARIS13_UK_MM,Toyota,Yaris hatchback 1.3 VVT-i,2008,1.3,6.7,5.8,80,98.7,93.9,51.3,0.68,873,0,18.9,0,5,11,3.4,2.97,2.63,50,0.795,1,12,5.74,5.28,0,0,0.094,33.95,49.32,-15.37,-7.32,12.37,dân ca/pop,Phương Mỹ Chi,0,0,1,0
SIM_00014,FAKE_CAR_0002,YARIS13_UK_MM,Toyota,Yaris hatchback 1.3 VVT-i,2008,1.3,6.7,5.8,80,98.7,93.9,52.1,0.68,886,0,18.9,0,14,0,3,2.97,2.63,10,0.318,1,12,1.44,2.76,0,0,0.094,34.42,40.1,-5.68,-4.45,12.59,dân ca/pop,Phương Mỹ Chi,0,0,0,0
SIM_00015,FAKE_CAR_0002,YARIS13_UK_MM,Toyota,Yaris hatchback 1.3 VVT-i,2008,1.3,6.7,5.8,80,98.7,93.9,56.8,0.68,926,0,18.9,0,14,0,5.9,2.97,2.63,10,0.397,1,12,1.54,2.77,0,0,0.094,35.86,43.11,-7.25,-5.91,12.61,rock,không rõ,0,0,0,0
SIM_00016,FAKE_CAR_0002,YARIS13_UK_MM,Toyota,Yaris hatchback 1.3 VVT-i,2008,1.3,6.7,5.8,80,98.7,93.9,56.3,0.68,926,0,18.9,14,8,0,5.3,2.97,2.63,10,0.525,1,12,1.72,2.78,0,0,0.094,35.86,50.7,-14.84,-13.31,12.44,bolero,Lệ Quyên,0,0,0,0
SIM_00017,FAKE_CAR_0003,YARIS13_NCP_2NZ,Toyota,Yaris 1.3 NCP9# / 2NZ-FE,2008,1.3,,,85,88.3,99.1,64.3,0.38,2072,47,21.2,0,5,0,2.3,1.93,1.88,20,0.801,0,0,0,2.47,0,0,0.121,62.64,30.97,31.67,32.21,14.05,pop,Hòa Minzy,0,0,0,0
SIM_00018,FAKE_CAR_0003,YARIS13_NCP_2NZ,Toyota,Yaris 1.3 NCP9# / 2NZ-FE,2008,1.3,,,85,88.3,99.1,70,0.38,2995,12,21.2,11,9,0,5.2,1.93,1.88,35,0.516,0,0,0,3.07,0,0,0.121,71.3,49.47,21.83,22.97,14.02,bolero,Lệ Quyên,0,0,0,0
SIM_00019,FAKE_CAR_0003,YARIS13_NCP_2NZ,Toyota,Yaris 1.3 NCP9# / 2NZ-FE,2008,1.3,,,85,88.3,99.1,62.2,0.38,785,0,21.2,0,12,0,1.7,1.93,1.88,20,0.651,0,0,0,2.41,0,0,0.121,29.25,37.31,-8.06,-7.58,12.58,instrumental,không rõ,0,0,0,0
SIM_00020,FAKE_CAR_0003,YARIS13_NCP_2NZ,Toyota,Yaris 1.3 NCP9# / 2NZ-FE,2008,1.3,,,85,88.3,99.1,71.7,0.38,2387,51,21.2,0,8,18,2.2,1.93,1.88,35,0.591,0,0,0,3.15,0,0,0.121,68.38,52.55,15.83,17.05,14.13,bolero,Lệ Quyên,0,0,0,0
SIM_00021,FAKE_CAR_0003,YARIS13_NCP_2NZ,Toyota,Yaris 1.3 NCP9# / 2NZ-FE,2008,1.3,,,85,88.3,99.1,63.7,0.38,2979,18,21.2,0,8,0,4.7,1.93,1.88,80,0.453,0,0,0,6.3,0,0,0.121,71.3,40.2,31.1,35.47,14.1,instrumental,không rõ,0,0,0,0
SIM_00022,FAKE_CAR_0003,YARIS13_NCP_2NZ,Toyota,Yaris 1.3 NCP9# / 2NZ-FE,2008,1.3,,,85,88.3,99.1,66.1,0.38,794,0,21.2,0,5,0,3.6,1.93,1.88,20,0.345,0,0,0,2.29,0,0,0.121,29.56,32.09,-2.53,-2.17,12.75,dân ca/pop,Phương Mỹ Chi,0,0,0,0
SIM_00023,FAKE_CAR_0003,YARIS13_NCP_2NZ,Toyota,Yaris 1.3 NCP9# / 2NZ-FE,2008,1.3,,,85,88.3,99.1,65.4,0.38,1751,47,21.2,0,11,0,3.9,1.93,1.88,50,0.376,0,0,0,3.78,0,0,0.121,56.79,39.88,16.91,18.76,14.03,rock,không rõ,0,0,0,0
SIM_00024,FAKE_CAR_0003,YARIS13_NCP_2NZ,Toyota,Yaris 1.3 NCP9# / 2NZ-FE,2008,1.3,,,85,88.3,99.1,68,0.38,2567,21,21.2,0,12,0,2,1.93,1.88,20,0.57,0,0,0,2.37,0,0,0.121,71.3,37.57,33.73,34.17,14.08,nhạc trẻ,Lam Trường,0,0,0,0
SIM_00025,FAKE_CAR_0004,YARIS15_CA_MT,Toyota,Yaris hatchback 1.5,2008,1.5,7,6.3,80,88.7,94.5,69.5,0.23,1969,55,18.6,0,5,0,2.5,1.31,2.18,35,0.792,1,90,30.08,3.65,1,9.19,0.138,57.45,69.02,-11.57,30.04,12.51,bolero,Lệ Quyên,0,0,1,0
SIM_00026,FAKE_CAR_0004,YARIS15_CA_MT,Toyota,Yaris hatchback 1.5,2008,1.5,7,6.3,80,88.7,94.5,69.2,0.23,2536,13,18.6,0,5,0,2.2,1.31,2.18,65,0.204,1,90,35.85,4.63,1,9.19,0.138,67.22,75.47,-8.25,40.11,12.54,bolero,Lệ Quyên,0,0,1,0
SIM_00027,FAKE_CAR_0004,YARIS15_CA_MT,Toyota,Yaris hatchback 1.5,2008,1.5,7,6.3,80,88.7,94.5,56.4,0.23,853,0,18.6,0,0,0,3.8,1.31,2.18,65,0.408,1,90,43.66,5.19,1,9.19,0.138,29.86,80.44,-50.58,6.15,11.55,pop,Hòa Minzy,0,0,1,0
SIM_00028,FAKE_CAR_0004,YARIS15_CA_MT,Toyota,Yaris hatchback 1.5,2008,1.5,7,6.3,80,88.7,94.5,67,0.23,2772,40,18.6,0,5,0,2.4,1.31,2.18,95,0.85,1,90,99.55,10,1,9.19,0.138,67.41,144.74,-77.33,40.1,11.11,nhạc trẻ,Lam Trường,0,0,1,0
SIM_00029,FAKE_CAR_0004,YARIS15_CA_MT,Toyota,Yaris hatchback 1.5,2008,1.5,7,6.3,80,88.7,94.5,68,0.23,999,0,18.6,0,0,16,4.3,1.31,2.18,65,0.434,1,90,44.65,5.27,1,9.19,0.138,34.6,98.01,-63.41,-5.61,11.22,bolero,Lệ Quyên,0,0,1,0
SIM_00030,FAKE_CAR_0004,YARIS15_CA_MT,Toyota,Yaris hatchback 1.5,2008,1.5,7,6.3,80,88.7,94.5,57.1,0.23,2361,44,18.6,10,5,0,5.4,1.31,2.18,50,0.566,1,90,36.57,4.42,1,9.19,0.138,64.21,89.18,-24.97,23.9,12.11,pop,Hòa Minzy,0,0,1,0
SIM_00031,FAKE_CAR_0004,YARIS15_CA_MT,Toyota,Yaris hatchback 1.5,2008,1.5,7,6.3,80,88.7,94.5,68.7,0.23,2699,46,18.6,0,15,0,5.3,1.31,2.18,10,0.68,1,90,14.49,2.35,1,9.19,0.138,67.41,64.93,2.48,27.2,14.13,bolero,Lệ Quyên,0,0,0,0
SIM_00032,FAKE_CAR_0004,YARIS15_CA_MT,Toyota,Yaris hatchback 1.5,2008,1.5,7,6.3,80,88.7,94.5,63,0.23,1908,34,18.6,0,11,11,5.4,1.31,2.18,65,0.754,1,90,56.89,6.15,1,9.19,0.138,56.4,118.23,-61.83,9.09,11.26,pop,Hòa Minzy,0,1,1,0
SIM_00033,FAKE_CAR_0005,YARIS15_CA_AT,Toyota,Yaris hatchback 1.5,2008,1.5,7,6.4,80,90,80.7,51.1,0.73,830,0,14.6,9,14,0,4.5,1.38,2.16,35,0.75,0,0,0,3.58,0,0,0.134,29.54,45.68,-16.14,-13.94,12.32,rock,không rõ,0,0,0,0
SIM_00034,FAKE_CAR_0005,YARIS15_CA_AT,Toyota,Yaris hatchback 1.5,2008,1.5,7,6.4,80,90,80.7,41.5,0.73,996,0,14.6,0,0,0,3.4,1.38,2.16,20,0.773,0,0,0,2.73,0,0,0.134,35,20.73,14.27,15.62,14.06,dân ca/pop,Phương Mỹ Chi,0,0,0,0
SIM_00035,FAKE_CAR_0005,YARIS15_CA_AT,Toyota,Yaris hatchback 1.5,2008,1.5,7,6.4,80,90,80.7,43,0.73,798,0,14.6,0,5,0,5,1.38,2.16,50,0.686,0,0,0,4.61,0,0,0.134,28.49,29.21,-0.72,2.51,12.79,instrumental,không rõ,0,0,0,0
SIM_00036,FAKE_CAR_0005,YARIS15_CA_AT,Toyota,Yaris hatchback 1.5,2008,1.5,7,6.4,80,90,80.7,45.8,0.73,945,0,14.6,0,0,16,4.3,1.38,2.16,95,0.606,0,0,0,8.82,0,0,0.134,33.33,43.72,-10.39,-2.95,12.48,rock,không rõ,0,0,1,0
SIM_00037,FAKE_CAR_0005,YARIS15_CA_AT,Toyota,Yaris hatchback 1.5,2008,1.5,7,6.4,80,90,80.7,52.5,0.73,784,0,14.6,0,14,0,5.8,1.38,2.16,80,0.217,0,0,0,5.67,0,0,0.134,28.03,40.07,-12.04,-7.75,12.45,bolero,Lệ Quyên,0,0,0,0
SIM_00038,FAKE_CAR_0005,YARIS15_CA_AT,Toyota,Yaris hatchback 1.5,2008,1.5,7,6.4,80,90,80.7,47.7,0.73,855,0,14.6,0,5,0,5.3,1.38,2.16,80,0.442,0,0,0,6.54,0,0,0.134,30.36,31.44,-1.08,4.08,12.75,dân ca/pop,Phương Mỹ Chi,0,0,0,0
SIM_00039,FAKE_CAR_0005,YARIS15_CA_AT,Toyota,Yaris hatchback 1.5,2008,1.5,7,6.4,80,90,80.7,47.6,0.73,2588,38,14.6,0,5,0,4,1.38,2.16,35,0.271,0,0,0,3.11,0,0,0.134,68.4,26.71,41.69,43.42,14.12,instrumental,không rõ,0,0,0,0
SIM_00040,FAKE_CAR_0005,YARIS15_CA_AT,Toyota,Yaris hatchback 1.5,2008,1.5,7,6.4,80,90,80.7,41.3,0.73,956,0,14.6,12,15,17,3.5,1.38,2.16,20,0.519,0,0,0,2.63,0,0,0.134,33.69,64.73,-31.04,-29.79,11.94,pop,Hòa Minzy,0,0,0,0
SIM_00041,FAKE_CAR_0006,YARIS10_UK_MT,Toyota,Yaris hatchback 1.0 VVT-i,2008,1,6.4,5.4,70,89.2,81,72.5,0.53,904,0,14.4,0,5,18,4,1.79,1.95,20,0.827,1,90,20.67,2.55,0,0,0.12,27.73,64.62,-36.89,-15.46,11.84,pop,Hòa Minzy,0,0,1,1
SIM_00042,FAKE_CAR_0006,YARIS10_UK_MT,Toyota,Yaris hatchback 1.0 VVT-i,2008,1,6.4,5.4,70,89.2,81,74.3,0.53,744,0,14.4,0,8,16,2.5,1.79,1.95,95,0.341,1,90,67.55,7.24,0,0,0.12,23.16,115.69,-92.53,-19.53,11.17,rock,không rõ,0,0,1,1
SIM_00043,FAKE_CAR_0006,YARIS10_UK_MT,Toyota,Yaris hatchback 1.0 VVT-i,2008,1,6.4,5.4,70,89.2,81,75.5,0.53,2703,40,14.4,0,12,0,3.7,1.79,1.95,95,0.642,1,90,86.47,8.79,0,0,0.12,59.32,125.36,-66.04,27.43,11.08,pop,Hòa Minzy,0,0,1,1
SIM_00044,FAKE_CAR_0006,YARIS10_UK_MT,Toyota,Yaris hatchback 1.0 VVT-i,2008,1,6.4,5.4,70,89.2,81,76.8,0.53,916,0,14.4,0,14,15,1.2,1.79,1.95,10,0.687,1,90,14.56,2.12,0,0,0.12,28.07,61.28,-33.21,-18.32,11.95,nhạc trẻ,Lam Trường,0,0,1,1
SIM_00045,FAKE_CAR_0006,YARIS10_UK_MT,Toyota,Yaris hatchback 1.0 VVT-i,2008,1,6.4,5.4,70,89.2,81,74,0.53,926,0,14.4,0,11,0,4.9,1.79,1.95,20,0.518,1,90,16.58,2.42,0,0,0.12,28.36,49.3,-20.94,-3.73,12.22,dân ca/pop,Phương Mỹ Chi,0,0,1,1
SIM_00046,FAKE_CAR_0006,YARIS10_UK_MT,Toyota,Yaris hatchback 1.0 VVT-i,2008,1,6.4,5.4,70,89.2,81,83.6,0.53,905,0,14.4,0,0,11,2.1,1.79,1.95,80,0.592,1,90,66.09,6.91,0,0,0.12,27.76,100.5,-72.74,-1.53,11.08,dân ca/pop,Phương Mỹ Chi,0,0,1,1
SIM_00047,FAKE_CAR_0006,YARIS10_UK_MT,Toyota,Yaris hatchback 1.0 VVT-i,2008,1,6.4,5.4,70,89.2,81,71.7,0.53,2482,24,14.4,14,5,13,2.5,1.79,1.95,10,0.749,1,90,15.19,2.13,0,0,0.12,58.33,66.22,-7.89,7.64,12.61,dân ca/pop,Phương Mỹ Chi,0,0,1,1
SIM_00048,FAKE_CAR_0006,YARIS10_UK_MT,Toyota,Yaris hatchback 1.0 VVT-i,2008,1,6.4,5.4,70,89.2,81,72.6,0.53,930,0,14.4,14,8,0,3.9,1.79,1.95,10,0.495,1,90,12.59,2.1,0,0,0.12,28.47,54.99,-26.52,-13.62,12.18,dân ca/pop,Phương Mỹ Chi,0,0,1,1
SIM_00049,FAKE_CAR_0007,AYGO10_UK_MT,Toyota,Aygo hatchback 1.0 VVT-i,2008,1,5.5,4.6,75,85.4,86.3,37.7,0.3,1917,29,17.5,0,5,0,8.3,1.45,2.24,95,0.261,1,28,19.45,7.12,0,0,0.053,51.05,57.37,-6.32,18.8,12.69,nhạc trẻ,Lam Trường,0,0,1,1
SIM_00050,FAKE_CAR_0007,AYGO10_UK_MT,Toyota,Aygo hatchback 1.0 VVT-i,2008,1,5.5,4.6,75,85.4,86.3,27.6,0.3,908,0,17.5,0,14,0,5.6,1.45,2.24,20,0.45,1,28,4.88,2.69,0,0,0.053,28.56,44.67,-16.11,-9.99,12.37,nhạc trẻ,Lam Trường,0,0,1,0
SIM_00051,FAKE_CAR_0007,AYGO10_UK_MT,Toyota,Aygo hatchback 1.0 VVT-i,2008,1,5.5,4.6,75,85.4,86.3,31.4,0.3,1724,22,17.5,0,8,0,5.1,1.45,2.24,95,0.4,1,28,22.17,7.84,0,0,0.053,48.04,60.61,-12.57,15.99,12.47,pop,Hòa Minzy,0,0,1,1
SIM_00052,FAKE_CAR_0007,AYGO10_UK_MT,Toyota,Aygo hatchback 1.0 VVT-i,2008,1,5.5,4.6,75,85.4,86.3,28.1,0.3,2426,13,17.5,0,8,0,7,1.45,2.24,80,0.324,1,28,16.4,6.16,0,0,0.053,58.96,55.06,3.9,25.01,14.06,rock,không rõ,0,0,0,1
SIM_00053,FAKE_CAR_0007,AYGO10_UK_MT,Toyota,Aygo hatchback 1.0 VVT-i,2008,1,5.5,4.6,75,85.4,86.3,37.1,0.3,2001,37,17.5,10,0,0,7.5,1.45,2.24,35,0.275,1,28,6.19,3.19,0,0,0.053,52.35,44.38,7.97,15.9,14.17,dân ca/pop,Phương Mỹ Chi,0,0,0,0
SIM_00054,FAKE_CAR_0007,AYGO10_UK_MT,Toyota,Aygo hatchback 1.0 VVT-i,2008,1,5.5,4.6,75,85.4,86.3,36.4,0.3,2408,63,17.5,0,15,12,6.8,1.45,2.24,95,0.285,1,28,19.92,7.24,0,0,0.053,58.68,78.46,-19.78,5.93,12.32,bolero,Lệ Quyên,0,0,1,1
SIM_00055,FAKE_CAR_0007,AYGO10_UK_MT,Toyota,Aygo hatchback 1.0 VVT-i,2008,1,5.5,4.6,75,85.4,86.3,35.7,0.3,919,0,17.5,0,8,0,7.6,1.45,2.24,35,0.392,1,28,6.91,3.31,0,0,0.053,28.88,43.32,-14.44,-5.67,12.44,nhạc trẻ,Lam Trường,0,0,1,0
SIM_00056,FAKE_CAR_0007,AYGO10_UK_MT,Toyota,Aygo hatchback 1.0 VVT-i,2008,1,5.5,4.6,75,85.4,86.3,31.7,0.3,1751,31,17.5,0,5,0,7.7,1.45,2.24,10,0.666,1,28,4.46,2.41,0,0,0.053,48.46,37.07,11.39,16.81,14.18,instrumental,không rõ,0,0,0,0
SIM_00057,FAKE_CAR_0008,AURIS14_UK_MT,Toyota,Auris hatchback 1.4 VVT-i,2008,1.4,8.7,6.9,90,85.5,99.5,31.7,0.61,983,0,18.8,0,5,0,4.3,1.33,3.1,95,0.621,1,12,11.35,9.83,0,0,0.138,36.95,49.28,-12.33,7.52,12.41,dân ca/pop,Phương Mỹ Chi,0,0,1,0
SIM_00058,FAKE_CAR_0008,AURIS14_UK_MT,Toyota,Auris hatchback 1.4 VVT-i,2008,1.4,8.7,6.9,90,85.5,99.5,43.8,0.61,2964,39,18.8,0,13,14,7.6,1.33,3.1,20,0.832,1,12,2.76,3.7,0,0,0.138,73.1,59.86,13.24,18.37,14.13,bolero,Lệ Quyên,0,0,0,0
SIM_00059,FAKE_CAR_0008,AURIS14_UK_MT,Toyota,Auris hatchback 1.4 VVT-i,2008,1.4,8.7,6.9,90,85.5,99.5,44.8,0.61,809,0,18.8,0,0,0,7,1.33,3.1,50,0.728,1,12,5.48,5.63,0,0,0.138,30.83,36.91,-6.08,3.7,12.55,instrumental,không rõ,0,0,1,0
SIM_00060,FAKE_CAR_0008,AURIS14_UK_MT,Toyota,Auris hatchback 1.4 VVT-i,2008,1.4,8.7,6.9,90,85.5,99.5,37.6,0.61,911,0,18.8,0,14,0,4.8,1.33,3.1,95,0.824,1,12,13.06,10,0,0,0.138,34.42,60.66,-26.24,-4.51,12.09,dân ca/pop,Phương Mỹ Chi,0,0,1,0
SIM_00061,FAKE_CAR_0008,AURIS14_UK_MT,Toyota,Auris hatchback 1.4 VVT-i,2008,1.4,8.7,6.9,90,85.5,99.5,39.1,0.61,2245,13,18.8,0,15,18,7,1.33,3.1,20,0.665,1,12,2.47,3.63,0,0,0.138,67.46,64.9,2.56,7.33,14.05,instrumental,không rõ,0,0,0,0
SIM_00062,FAKE_CAR_0008,AURIS14_UK_MT,Toyota,Auris hatchback 1.4 VVT-i,2008,1.4,8.7,6.9,90,85.5,99.5,43.3,0.61,812,0,18.8,10,9,0,6.2,1.33,3.1,80,0.637,1,12,9.11,8.23,0,0,0.138,30.94,61.34,-30.4,-14.39,11.94,dân ca/pop,Phương Mỹ Chi,0,0,1,0
SIM_00063,FAKE_CAR_0008,AURIS14_UK_MT,Toyota,Auris hatchback 1.4 VVT-i,2008,1.4,8.7,6.9,90,85.5,99.5,44.6,0.61,856,0,18.8,10,0,0,7.9,1.33,3.1,95,0.516,1,12,10.47,9.29,0,0,0.138,32.49,56.46,-23.97,-5.54,12.23,rock,không rõ,0,0,1,0
SIM_00064,FAKE_CAR_0008,AURIS14_UK_MT,Toyota,Auris hatchback 1.4 VVT-i,2008,1.4,8.7,6.9,90,85.5,99.5,39.2,0.61,934,0,18.8,0,8,0,5,1.33,3.1,80,0.758,1,12,9.92,8.7,0,0,0.138,35.23,50.42,-15.19,2.1,12.43,bolero,Lệ Quyên,0,0,1,0
SIM_00065,FAKE_CAR_0009,AURIS16_UK_MT,Toyota,Auris hatchback 1.6 VVT-i,2008,1.6,9,7.1,100,97.1,91.4,77.2,0.24,1789,46,13.3,0,14,0,1.3,3.04,3.08,65,0.628,0,0,0,6.7,0,0,0.052,74.37,35.3,39.07,42.73,14.08,instrumental,không rõ,0,0,0,0
SIM_00066,FAKE_CAR_0009,AURIS16_UK_MT,Toyota,Auris hatchback 1.6 VVT-i,2008,1.6,9,7.1,100,97.1,91.4,84.9,0.24,1954,19,13.3,0,5,0,4.9,3.04,3.08,50,0.371,0,0,0,4.97,0,0,0.052,78.26,28.17,50.09,52.02,14.1,pop,Hòa Minzy,0,0,0,0
SIM_00067,FAKE_CAR_0009,AURIS16_UK_MT,Toyota,Auris hatchback 1.6 VVT-i,2008,1.6,9,7.1,100,97.1,91.4,78.1,0.24,1895,14,13.3,0,0,0,1.8,3.04,3.08,50,0.652,0,0,0,5.47,0,0,0.052,76.87,20.57,56.3,58.73,14.13,dân ca/pop,Phương Mỹ Chi,0,0,0,0
SIM_00068,FAKE_CAR_0009,AURIS16_UK_MT,Toyota,Auris hatchback 1.6 VVT-i,2008,1.6,9,7.1,100,97.1,91.4,82.4,0.24,2238,58,13.3,14,9,0,4.8,3.04,3.08,10,0.539,0,0,0,3.23,0,0,0.052,84.96,44.33,40.63,40.82,14.18,nhạc trẻ,Lam Trường,0,0,0,0
SIM_00069,FAKE_CAR_0009,AURIS16_UK_MT,Toyota,Auris hatchback 1.6 VVT-i,2008,1.6,9,7.1,100,97.1,91.4,76,0.24,979,0,13.3,0,0,0,1.5,3.04,3.08,80,0.538,0,0,0,7.83,0,0,0.052,46.45,22.63,23.82,28.61,14.09,pop,Hòa Minzy,0,0,0,0
SIM_00070,FAKE_CAR_0009,AURIS16_UK_MT,Toyota,Auris hatchback 1.6 VVT-i,2008,1.6,9,7.1,100,97.1,91.4,83.9,0.24,821,0,13.3,10,5,0,3.4,3.04,3.08,10,0.866,0,0,0,3.27,0,0,0.052,39.44,34.97,4.47,4.7,14.12,bolero,Lệ Quyên,0,0,0,0
SIM_00071,FAKE_CAR_0009,AURIS16_UK_MT,Toyota,Auris hatchback 1.6 VVT-i,2008,1.6,9,7.1,100,97.1,91.4,82.6,0.24,1614,12,13.3,9,10,0,1.6,3.04,3.08,20,0.264,0,0,0,3.45,0,0,0.052,70.24,37.35,32.89,33.3,14.08,dân ca/pop,Phương Mỹ Chi,0,0,0,0
SIM_00072,FAKE_CAR_0009,AURIS16_UK_MT,Toyota,Auris hatchback 1.6 VVT-i,2008,1.6,9,7.1,100,97.1,91.4,81.3,0.24,2488,60,13.3,0,11,0,4.9,3.04,3.08,80,0.595,0,0,0,8.05,0,0,0.052,90.85,37.25,53.6,58.61,14.11,bolero,Lệ Quyên,0,0,0,0
SIM_00073,FAKE_CAR_0010,AVENSIS18_UK_MT,Toyota,Avensis sedan/hatch 1.8 VVT-i,2008,1.8,9.4,7.2,105,97.9,79.4,46.6,0.42,1962,47,13.8,0,5,0,6,2.27,3.21,95,0.601,0,0,0,9.84,1,7.81,0.018,83.05,42.45,40.6,55.98,14.09,bolero,Lệ Quyên,0,0,0,0
SIM_00074,FAKE_CAR_0010,AVENSIS18_UK_MT,Toyota,Avensis sedan/hatch 1.8 VVT-i,2008,1.8,9.4,7.2,105,97.9,79.4,47.1,0.42,2301,33,13.8,0,0,0,5.6,2.27,3.21,50,0.229,0,0,0,4.85,1,7.81,0.018,91.51,32.06,59.45,69.84,14.07,bolero,Lệ Quyên,0,0,0,0
SIM_00075,FAKE_CAR_0010,AVENSIS18_UK_MT,Toyota,Avensis sedan/hatch 1.8 VVT-i,2008,1.8,9.4,7.2,105,97.9,79.4,42.3,0.42,2475,41,13.8,0,15,0,4.8,2.27,3.21,95,0.344,0,0,0,8.52,1,7.81,0.018,95.86,49.93,45.93,59.99,14.18,rock,không rõ,0,0,0,0
SIM_00076,FAKE_CAR_0010,AVENSIS18_UK_MT,Toyota,Avensis sedan/hatch 1.8 VVT-i,2008,1.8,9.4,7.2,105,97.9,79.4,43.2,0.42,2250,53,13.8,0,16,0,3.8,2.27,3.21,10,0.836,0,0,0,3.4,1,7.81,0.018,90.24,44.81,45.43,54.37,14.11,dân ca/pop,Phương Mỹ Chi,0,0,0,0
SIM_00077,FAKE_CAR_0010,AVENSIS18_UK_MT,Toyota,Avensis sedan/hatch 1.8 VVT-i,2008,1.8,9.4,7.2,105,97.9,79.4,38.5,0.42,962,0,13.8,10,5,0,5.1,2.27,3.21,65,0.257,0,0,0,5.81,1,7.81,0.018,48.38,47.52,0.86,12.21,14.08,dân ca/pop,Phương Mỹ Chi,0,0,0,0
SIM_00078,FAKE_CAR_0010,AVENSIS18_UK_MT,Toyota,Avensis sedan/hatch 1.8 VVT-i,2008,1.8,9.4,7.2,105,97.9,79.4,50.7,0.42,850,0,13.8,9,0,0,5.9,2.27,3.21,80,0.833,0,0,0,9.1,1,7.81,0.018,43.12,45.61,-2.49,12.15,12.81,instrumental,không rõ,0,0,0,0
SIM_00079,FAKE_CAR_0010,AVENSIS18_UK_MT,Toyota,Avensis sedan/hatch 1.8 VVT-i,2008,1.8,9.4,7.2,105,97.9,79.4,42.3,0.42,2126,48,13.8,0,12,12,6.4,2.27,3.21,10,0.653,0,0,0,3.38,1,7.81,0.018,87.14,55.39,31.75,40.67,14.2,dân ca/pop,Phương Mỹ Chi,0,0,0,0
SIM_00080,FAKE_CAR_0010,AVENSIS18_UK_MT,Toyota,Avensis sedan/hatch 1.8 VVT-i,2008,1.8,9.4,7.2,105,97.9,79.4,43.5,0.42,894,0,13.8,0,0,14,4.4,2.27,3.21,10,0.359,0,0,0,3.34,1,7.81,0.018,45.18,43.35,1.83,10.71,14.19,rock,không rõ,0,0,0,0
SIM_00081,FAKE_CAR_0011,RAV4_20_UK_MT,Toyota,RAV4 2.0 VVT-i,2008,2,11,8.6,120,97.8,66.5,68.9,0.8,2597,40,20,0,8,0,2.5,2.39,2.3,65,0.751,1,28,17.66,6.26,0,0,0.146,111.49,54.42,57.07,78.6,14.02,nhạc trẻ,Lam Trường,0,0,0,0
SIM_00082,FAKE_CAR_0011,RAV4_20_UK_MT,Toyota,RAV4 2.0 VVT-i,2008,2,11,8.6,120,97.8,66.5,64,0.8,831,0,20,0,0,14,4.5,2.39,2.3,50,0.651,1,28,12.12,4.69,0,0,0.146,48.2,55.31,-7.11,7.31,12.52,dân ca/pop,Phương Mỹ Chi,0,0,1,0
SIM_00083,FAKE_CAR_0011,RAV4_20_UK_MT,Toyota,RAV4 2.0 VVT-i,2008,2,11,8.6,120,97.8,66.5,61.8,0.8,770,0,20,0,0,0,5.6,2.39,2.3,10,0.598,1,28,4.25,2.46,0,0,0.146,44.93,32.31,12.62,16.94,14.05,rock,không rõ,0,0,0,0
SIM_00084,FAKE_CAR_0011,RAV4_20_UK_MT,Toyota,RAV4 2.0 VVT-i,2008,2,11,8.6,120,97.8,66.5,71.7,0.8,2686,54,20,0,11,0,2.5,2.39,2.3,35,0.663,1,28,8.57,3.64,0,0,0.146,111.49,45.71,65.78,75.6,14.1,nhạc trẻ,Lam Trường,0,0,0,0
SIM_00085,FAKE_CAR_0011,RAV4_20_UK_MT,Toyota,RAV4 2.0 VVT-i,2008,2,11,8.6,120,97.8,66.5,62.5,0.8,959,0,20,8,5,0,4.8,2.39,2.3,50,0.676,1,28,12.34,4.73,0,0,0.146,55.07,54.87,0.2,14.88,14.13,dân ca/pop,Phương Mỹ Chi,0,0,0,0
SIM_00086,FAKE_CAR_0011,RAV4_20_UK_MT,Toyota,RAV4 2.0 VVT-i,2008,2,11,8.6,120,97.8,66.5,71.1,0.8,927,0,20,0,0,0,3.4,2.39,2.3,50,0.513,1,28,10.91,4.44,0,0,0.146,53.36,38.75,14.61,27.57,14.02,dân ca/pop,Phương Mỹ Chi,0,0,0,0
SIM_00087,FAKE_CAR_0011,RAV4_20_UK_MT,Toyota,RAV4 2.0 VVT-i,2008,2,11,8.6,120,97.8,66.5,70.1,0.8,846,0,20,9,11,0,4.1,2.39,2.3,10,0.647,1,28,4.4,2.47,0,0,0.146,49.01,50.97,-1.96,2.52,12.66,bolero,Lệ Quyên,0,0,0,0
SIM_00088,FAKE_CAR_0011,RAV4_20_UK_MT,Toyota,RAV4 2.0 VVT-i,2008,2,11,8.6,120,97.8,66.5,63.2,0.8,840,0,20,0,9,15,5.5,2.39,2.3,80,0.766,1,28,23.26,7.93,0,0,0.146,48.69,80.69,-32,-3.2,11.93,rock,không rõ,0,0,1,0
SIM_00089,FAKE_CAR_0012,MAZDA2_13_UK_MT,Mazda,Mazda2 hatchback 1.3 MZR 86ps 5 cửa,2008,1.349,6.9,5.2,90,85.6,62.5,56,0.32,1659,20,14.8,0,10,0,3,2.12,2.12,65,0.86,0,0,0,6.38,0,0,0.154,56.57,34.18,22.39,26.65,14.12,dân ca/pop,Phương Mỹ Chi,0,0,0,0
SIM_00090,FAKE_CAR_0012,MAZDA2_13_UK_MT,Mazda,Mazda2 hatchback 1.3 MZR 86ps 5 cửa,2008,1.349,6.9,5.2,90,85.6,62.5,59,0.32,1880,18,14.8,0,9,0,4.7,2.12,2.12,10,0.536,0,0,0,2.27,0,0,0.154,60.71,30.77,29.94,30.09,14.11,dân ca/pop,Phương Mỹ Chi,0,0,0,0
SIM_00091,FAKE_CAR_0012,MAZDA2_13_UK_MT,Mazda,Mazda2 hatchback 1.3 MZR 86ps 5 cửa,2008,1.349,6.9,5.2,90,85.6,62.5,55.1,0.32,1750,22,14.8,0,0,0,2.2,2.12,2.12,50,0.44,0,0,0,4.13,0,0,0.154,58.28,21.13,37.15,39.16,14.09,nhạc trẻ,Lam Trường,0,0,0,0
SIM_00092,FAKE_CAR_0012,MAZDA2_13_UK_MT,Mazda,Mazda2 hatchback 1.3 MZR 86ps 5 cửa,2008,1.349,6.9,5.2,90,85.6,62.5,55.2,0.32,2752,36,14.8,0,16,0,3.3,2.12,2.12,80,0.695,0,0,0,7.48,0,0,0.154,73.19,41.58,31.61,36.97,14.05,bolero,Lệ Quyên,0,0,0,0
SIM_00093,FAKE_CAR_0012,MAZDA2_13_UK_MT,Mazda,Mazda2 hatchback 1.3 MZR 86ps 5 cửa,2008,1.349,6.9,5.2,90,85.6,62.5,63.3,0.32,2897,46,14.8,11,5,0,5.7,2.12,2.12,80,0.685,0,0,0,7.44,0,0,0.154,73.19,43.94,29.25,34.57,14.09,instrumental,không rõ,0,0,0,0
SIM_00094,FAKE_CAR_0012,MAZDA2_13_UK_MT,Mazda,Mazda2 hatchback 1.3 MZR 86ps 5 cửa,2008,1.349,6.9,5.2,90,85.6,62.5,68.8,0.32,1712,14,14.8,0,8,14,2.5,2.12,2.12,35,0.361,0,0,0,3.16,0,0,0.154,57.56,42.46,15.1,16.14,14,rock,không rõ,0,0,0,0
SIM_00095,FAKE_CAR_0012,MAZDA2_13_UK_MT,Mazda,Mazda2 hatchback 1.3 MZR 86ps 5 cửa,2008,1.349,6.9,5.2,90,85.6,62.5,63.8,0.32,2541,42,14.8,9,8,0,2.7,2.12,2.12,95,0.707,0,0,0,9.3,0,0,0.154,73.07,43.8,29.27,36.45,14,nhạc trẻ,Lam Trường,0,0,0,0
SIM_00096,FAKE_CAR_0012,MAZDA2_13_UK_MT,Mazda,Mazda2 hatchback 1.3 MZR 86ps 5 cửa,2008,1.349,6.9,5.2,90,85.6,62.5,64.2,0.32,2622,19,14.8,10,0,14,3.4,2.12,2.12,95,0.493,0,0,0,8.19,0,0,0.154,73.19,50.39,22.8,28.87,14.11,instrumental,không rõ,0,0,0,0
SIM_00097,FAKE_CAR_0013,MAZDA2_15_UK_MT,Mazda,Mazda2 hatchback 1.5 MZR 103ps,2008,1.498,7.6,5.7,90,91,65.6,35.3,0.35,824,0,16.8,0,0,0,7.3,2.48,2.78,95,0.717,0,0,0,10,0,0,0.524,33.38,34.1,-0.72,6.8,12.54,rock,không rõ,0,0,0,0
SIM_00098,FAKE_CAR_0013,MAZDA2_15_UK_MT,Mazda,Mazda2 hatchback 1.5 MZR 103ps,2008,1.498,7.6,5.7,90,91,65.6,40.8,0.35,2760,36,16.8,0,11,0,7.2,2.48,2.78,80,0.705,0,0,0,8.18,0,0,0.524,77.81,43.18,34.63,40.33,13.82,bolero,Lệ Quyên,0,0,0,0
SIM_00099,FAKE_CAR_0013,MAZDA2_15_UK_MT,Mazda,Mazda2 hatchback 1.5 MZR 103ps,2008,1.498,7.6,5.7,90,91,65.6,31.7,0.35,916,0,16.8,0,0,0,6,2.48,2.78,80,0.347,0,0,0,6.79,0,0,0.524,36.82,29.59,7.23,11.54,13.78,instrumental,không rõ,0,0,0,0
SIM_00100,FAKE_CAR_0013,MAZDA2_15_UK_MT,Mazda,Mazda2 hatchback 1.5 MZR 103ps,2008,1.498,7.6,5.7,90,91,65.6,31.5,0.35,2147,55,16.8,0,16,0,4.3,2.48,2.78,80,0.596,0,0,0,7.75,0,0,0.524,69.85,44.85,25,30.27,13.9,dân ca/pop,Phương Mỹ Chi,0,0,0,0
SIM_00101,FAKE_CAR_0013,MAZDA2_15_UK_MT,Mazda,Mazda2 hatchback 1.5 MZR 103ps,2008,1.498,7.6,5.7,90,91,65.6,33.3,0.35,745,0,16.8,0,0,17,4.3,2.48,2.78,95,0.579,0,0,0,9.3,0,0,0.524,30.42,47.4,-16.98,-10.16,12.15,nhạc trẻ,Lam Trường,0,0,1,0
SIM_00102,FAKE_CAR_0013,MAZDA2_15_UK_MT,Mazda,Mazda2 hatchback 1.5 MZR 103ps,2008,1.498,7.6,5.7,90,91,65.6,32.5,0.35,2924,20,16.8,0,0,0,7.1,2.48,2.78,10,0.657,0,0,0,2.95,0,0,0.524,77.81,26.85,50.96,51.43,13.84,instrumental,không rõ,0,0,0,0
SIM_00103,FAKE_CAR_0013,MAZDA2_15_UK_MT,Mazda,Mazda2 hatchback 1.5 MZR 103ps,2008,1.498,7.6,5.7,90,91,65.6,37.7,0.35,881,0,16.8,8,16,0,6,2.48,2.78,35,0.806,0,0,0,4.26,0,0,0.524,35.51,51.06,-15.55,-13.77,12.16,rock,không rõ,0,0,0,0
SIM_00104,FAKE_CAR_0013,MAZDA2_15_UK_MT,Mazda,Mazda2 hatchback 1.5 MZR 103ps,2008,1.498,7.6,5.7,90,91,65.6,34.5,0.35,908,0,16.8,14,0,0,7.4,2.48,2.78,20,0.201,0,0,0,3.13,0,0,0.524,36.52,41.33,-4.81,-4.16,12.45,pop,Hòa Minzy,0,0,0,0
SIM_00105,FAKE_CAR_0014,HONDA_FIT15_CA_MT,Honda,Fit hatchback 1.5 DX,2008,1.5,7.1,6.5,90,93.5,86,41.2,0.63,1777,40,17.5,0,12,0,5.9,2.83,3.17,35,0.562,0,0,0,4.41,1,13.25,0.133,64.21,53.06,11.15,25.98,14.13,pop,Hòa Minzy,0,0,0,0
SIM_00106,FAKE_CAR_0014,HONDA_FIT15_CA_MT,Honda,Fit hatchback 1.5 DX,2008,1.5,7.1,6.5,90,93.5,86,41.1,0.63,2791,53,17.5,0,0,0,5.2,2.83,3.17,10,0.772,0,0,0,3.35,1,13.25,0.133,79.94,39.3,40.64,54.41,14.01,rock,không rõ,0,0,0,0
SIM_00107,FAKE_CAR_0014,HONDA_FIT15_CA_MT,Honda,Fit hatchback 1.5 DX,2008,1.5,7.1,6.5,90,93.5,86,34,0.63,732,0,17.5,0,0,9,4.6,2.83,3.17,65,0.801,0,0,0,7.26,1,13.25,0.133,30.76,51.61,-20.85,-3.17,12.23,pop,Hòa Minzy,0,0,1,0
SIM_00108,FAKE_CAR_0014,HONDA_FIT15_CA_MT,Honda,Fit hatchback 1.5 DX,2008,1.5,7.1,6.5,90,93.5,86,37.3,0.63,993,0,17.5,0,5,13,7,2.83,3.17,80,0.774,0,0,0,8.83,1,13.25,0.133,40.8,64.58,-23.78,-4.53,12.21,dân ca/pop,Phương Mỹ Chi,0,0,1,0
SIM_00109,FAKE_CAR_0014,HONDA_FIT15_CA_MT,Honda,Fit hatchback 1.5 DX,2008,1.5,7.1,6.5,90,93.5,86,39.5,0.63,876,0,17.5,0,5,13,5.8,2.83,3.17,95,0.358,0,0,0,8.55,1,13.25,0.133,36.3,63.1,-26.8,-7.83,12.17,nhạc trẻ,Lam Trường,0,0,1,0
SIM_00110,FAKE_CAR_0014,HONDA_FIT15_CA_MT,Honda,Fit hatchback 1.5 DX,2008,1.5,7.1,6.5,90,93.5,86,34.4,0.63,833,0,17.5,14,9,9,7.3,2.83,3.17,50,0.341,0,0,0,5.01,1,13.25,0.133,34.64,75.06,-40.42,-24.99,11.71,nhạc trẻ,Lam Trường,0,0,1,0
SIM_00111,FAKE_CAR_0014,HONDA_FIT15_CA_MT,Honda,Fit hatchback 1.5 DX,2008,1.5,7.1,6.5,90,93.5,86,41.9,0.63,819,0,17.5,12,8,11,6,2.83,3.17,35,0.305,0,0,0,4.15,1,13.25,0.133,34.1,71.9,-37.8,-23.23,11.87,pop,Hòa Minzy,0,0,1,0
SIM_00112,FAKE_CAR_0014,HONDA_FIT15_CA_MT,Honda,Fit hatchback 1.5 DX,2008,1.5,7.1,6.5,90,93.5,86,33.2,0.63,846,0,17.5,0,9,0,4.4,2.83,3.17,65,0.732,0,0,0,7.08,1,13.25,0.133,35.14,51.23,-16.09,1.41,12.32,bolero,Lệ Quyên,0,0,1,0
SIM_00113,FAKE_CAR_0015,YARIS13_UK_MT,Toyota,Yaris hatchback 1.3 VVT-i,2008,1.3,7.2,6,80,78.5,86.5,69.5,0.47,2105,35,19.8,0,0,9,5.5,2.69,3.12,50,0.775,0,0,0,5.73,0,0,0.026,52.92,40.03,12.89,15.93,14.1,dân ca/pop,Phương Mỹ Chi,0,0,0,0
SIM_00114,FAKE_CAR_0015,YARIS13_UK_MT,Toyota,Yaris hatchback 1.3 VVT-i,2008,1.3,7.2,6,80,78.5,86.5,66.8,0.47,2682,21,19.8,0,5,0,4.7,2.69,3.12,10,0.355,0,0,0,3.25,0,0,0.026,59.66,32.75,26.91,27.47,14.12,nhạc trẻ,Lam Trường,0,0,0,0
SIM_00115,FAKE_CAR_0015,YARIS13_UK_MT,Toyota,Yaris hatchback 1.3 VVT-i,2008,1.3,7.2,6,80,78.5,86.5,67.3,0.47,731,0,19.8,0,8,0,2.2,2.69,3.12,65,0.627,0,0,0,6.74,0,0,0.026,22.92,36.74,-13.82,-9.77,12.5,dân ca/pop,Phương Mỹ Chi,0,0,0,0
SIM_00116,FAKE_CAR_0015,YARIS13_UK_MT,Toyota,Yaris hatchback 1.3 VVT-i,2008,1.3,7.2,6,80,78.5,86.5,61.1,0.47,1715,63,19.8,0,13,15,4.7,2.69,3.12,80,0.787,0,0,0,8.83,0,0,0.026,46.97,61.33,-14.36,-8.22,12.43,bolero,Lệ Quyên,0,0,1,0
SIM_00117,FAKE_CAR_0015,YARIS13_UK_MT,Toyota,Yaris hatchback 1.3 VVT-i,2008,1.3,7.2,6,80,78.5,86.5,62.9,0.47,945,0,19.8,0,5,0,2.5,2.69,3.12,10,0.728,0,0,0,3.3,0,0,0.026,29.07,30.6,-1.53,-0.92,12.78,pop,Hòa Minzy,0,0,0,0
SIM_00118,FAKE_CAR_0015,YARIS13_UK_MT,Toyota,Yaris hatchback 1.3 VVT-i,2008,1.3,7.2,6,80,78.5,86.5,67.7,0.47,2092,60,19.8,0,12,0,4.9,2.69,3.12,50,0.338,0,0,0,4.95,0,0,0.026,52.72,41.65,11.07,13.33,14.12,bolero,Lệ Quyên,0,0,0,0
SIM_00119,FAKE_CAR_0015,YARIS13_UK_MT,Toyota,Yaris hatchback 1.3 VVT-i,2008,1.3,7.2,6,80,78.5,86.5,72.3,0.47,2958,21,19.8,0,11,0,4.6,2.69,3.12,10,0.811,0,0,0,3.31,0,0,0.026,59.66,38.71,20.95,21.57,14.17,instrumental,không rõ,0,0,0,0
SIM_00120,FAKE_CAR_0015,YARIS13_UK_MT,Toyota,Yaris hatchback 1.3 VVT-i,2008,1.3,7.2,6,80,78.5,86.5,74.6,0.47,892,0,19.8,0,5,9,3.5,2.69,3.12,65,0.673,0,0,0,6.86,0,0,0.026,27.55,44.16,-16.61,-12.44,12.44,rock,không rõ,0,0,0,0
SIM_00121,FAKE_CAR_0016,YARIS13_UK_MM,Toyota,Yaris hatchback 1.3 VVT-i,2008,1.3,6.7,5.8,80,57.1,98.2,33.3,0.43,2952,37,21.5,0,5,0,6.2,2.38,1.94,80,0.557,0,0,0,6.76,0,0,0.478,43.4,39.46,3.94,8.32,13.84,bolero,Lệ Quyên,0,0,0,0
SIM_00122,FAKE_CAR_0016,YARIS13_UK_MM,Toyota,Yaris hatchback 1.3 VVT-i,2008,1.3,6.7,5.8,80,57.1,98.2,34.5,0.43,2343,62,21.5,0,10,0,8.1,2.38,1.94,35,0.332,0,0,0,2.95,0,0,0.478,41.13,42.55,-1.42,-0.85,12.51,rock,không rõ,0,0,0,0
SIM_00123,FAKE_CAR_0016,YARIS13_UK_MM,Toyota,Yaris hatchback 1.3 VVT-i,2008,1.3,6.7,5.8,80,57.1,98.2,30.8,0.43,1798,36,21.5,12,0,14,7.2,2.38,1.94,35,0.68,0,0,0,3.29,0,0,0.478,35.09,57.99,-22.9,-21.99,11.94,nhạc trẻ,Lam Trường,0,0,0,0
SIM_00124,FAKE_CAR_0016,YARIS13_UK_MM,Toyota,Yaris hatchback 1.3 VVT-i,2008,1.3,6.7,5.8,80,57.1,98.2,39,0.43,2377,44,21.5,12,0,11,4.6,2.38,1.94,35,0.368,0,0,0,2.99,0,0,0.478,41.51,52.09,-10.58,-9.97,12.32,bolero,Lệ Quyên,0,0,0,0
SIM_00125,FAKE_CAR_0016,YARIS13_UK_MM,Toyota,Yaris hatchback 1.3 VVT-i,2008,1.3,6.7,5.8,80,57.1,98.2,38,0.43,2432,62,21.5,10,5,0,4.3,2.38,1.94,65,0.403,0,0,0,4.94,0,0,0.478,42.12,45.74,-3.62,-1.06,12.41,rock,không rõ,0,0,1,0
SIM_00126,FAKE_CAR_0016,YARIS13_UK_MM,Toyota,Yaris hatchback 1.3 VVT-i,2008,1.3,6.7,5.8,80,57.1,98.2,32.2,0.43,868,0,21.5,0,12,0,7.6,2.38,1.94,80,0.702,0,0,0,7.32,0,0,0.478,19.54,48.42,-28.88,-23.94,11.79,dân ca/pop,Phương Mỹ Chi,0,0,0,0
SIM_00127,FAKE_CAR_0016,YARIS13_UK_MM,Toyota,Yaris hatchback 1.3 VVT-i,2008,1.3,6.7,5.8,80,57.1,98.2,37.8,0.43,2705,33,21.5,14,16,0,7.1,2.38,1.94,65,0.567,0,0,0,5.39,0,0,0.478,43.4,63.99,-20.59,-17.58,11.99,pop,Hòa Minzy,0,0,0,0
SIM_00128,FAKE_CAR_0016,YARIS13_UK_MM,Toyota,Yaris hatchback 1.3 VVT-i,2008,1.3,6.7,5.8,80,57.1,98.2,32,0.43,839,0,21.5,0,5,0,6,2.38,1.94,95,0.284,0,0,0,6.94,0,0,0.478,18.93,39.44,-20.51,-15.95,12.11,bolero,Lệ Quyên,0,0,0,0
SIM_00129,FAKE_CAR_0017,YARIS13_NCP_2NZ,Toyota,Yaris 1.3 NCP9# / 2NZ-FE,2008,1.3,,,80,96.8,93.2,48.8,0.24,2744,64,17.5,9,5,0,6,2.83,2.88,35,0.408,0,0,0,3.97,0,0,0.034,73.57,41.47,32.1,33.24,14.09,rock,không rõ,0,0,0,0
SIM_00130,FAKE_CAR_0017,YARIS13_NCP_2NZ,Toyota,Yaris 1.3 NCP9# / 2NZ-FE,2008,1.3,,,80,96.8,93.2,44.4,0.24,971,0,17.5,0,5,0,4.8,2.83,2.88,65,0.564,0,0,0,6.32,0,0,0.034,36.76,33.62,3.14,6.63,14.17,instrumental,không rõ,0,0,0,0
SIM_00131,FAKE_CAR_0017,YARIS13_NCP_2NZ,Toyota,Yaris 1.3 NCP9# / 2NZ-FE,2008,1.3,,,80,96.8,93.2,50.1,0.24,779,0,17.5,0,15,16,6.4,2.83,2.88,95,0.621,0,0,0,9.61,0,0,0.034,29.97,64.51,-34.54,-27.76,11.95,dân ca/pop,Phương Mỹ Chi,0,0,1,0
SIM_00132,FAKE_CAR_0017,YARIS13_NCP_2NZ,Toyota,Yaris 1.3 NCP9# / 2NZ-FE,2008,1.3,,,80,96.8,93.2,43.3,0.24,1607,25,17.5,0,9,0,6,2.83,2.88,80,0.286,0,0,0,6.65,0,0,0.034,55.89,39.15,16.74,20.56,14.16,pop,Hòa Minzy,0,0,0,0
SIM_00133,FAKE_CAR_0017,YARIS13_NCP_2NZ,Toyota,Yaris 1.3 NCP9# / 2NZ-FE,2008,1.3,,,80,96.8,93.2,43.9,0.24,987,0,17.5,0,5,0,3.4,2.83,2.88,10,0.479,0,0,0,3.03,0,0,0.034,37.33,28.93,8.4,8.6,14.18,rock,không rõ,0,0,0,0
SIM_00134,FAKE_CAR_0017,YARIS13_NCP_2NZ,Toyota,Yaris 1.3 NCP9# / 2NZ-FE,2008,1.3,,,80,96.8,93.2,42.8,0.24,2511,54,17.5,12,8,0,4.9,2.83,2.88,35,0.339,0,0,0,3.9,0,0,0.034,72.89,46.3,26.59,27.66,14.16,bolero,Lệ Quyên,0,0,0,0
SIM_00135,FAKE_CAR_0017,YARIS13_NCP_2NZ,Toyota,Yaris 1.3 NCP9# / 2NZ-FE,2008,1.3,,,80,96.8,93.2,47.4,0.24,1973,22,17.5,0,5,0,5.1,2.83,2.88,65,0.393,0,0,0,5.85,0,0,0.034,62.77,33.45,29.32,32.34,14.12,rock,không rõ,0,0,0,0
SIM_00136,FAKE_CAR_0017,YARIS13_NCP_2NZ,Toyota,Yaris 1.3 NCP9# / 2NZ-FE,2008,1.3,,,80,96.8,93.2,41.4,0.24,2626,15,17.5,14,0,0,7.1,2.83,2.88,20,0.859,0,0,0,3.49,0,0,0.034,73.57,42.09,31.48,32.14,14.16,nhạc trẻ,Lam Trường,0,0,0,0
SIM_00137,FAKE_CAR_0018,YARIS15_CA_MT,Toyota,Yaris hatchback 1.5,2008,1.5,7,6.3,80,82.9,88.9,72.5,0.43,889,0,20.7,0,16,0,4.6,1.66,2.26,50,0.356,1,28,9.54,4.12,0,0,0.51,29,54.96,-25.96,-13.96,11.94,nhạc trẻ,Lam Trường,0,0,1,0
SIM_00138,FAKE_CAR_0018,YARIS15_CA_MT,Toyota,Yaris hatchback 1.5,2008,1.5,7,6.3,80,82.9,88.9,72,0.43,1934,59,20.7,12,9,0,5.4,1.66,2.26,80,0.392,1,28,17.46,6.44,0,0,0.51,53.13,71,-17.87,4.37,12.03,instrumental,không rõ,0,0,1,0
SIM_00139,FAKE_CAR_0018,YARIS15_CA_MT,Toyota,Yaris hatchback 1.5,2008,1.5,7,6.3,80,82.9,88.9,75,0.43,2346,53,20.7,0,11,0,2.8,1.66,2.26,10,0.264,1,28,3.18,2.38,0,0,0.51,59.77,40.06,19.71,23.61,13.81,rock,không rõ,0,0,0,0
SIM_00140,FAKE_CAR_0018,YARIS15_CA_MT,Toyota,Yaris hatchback 1.5,2008,1.5,7,6.3,80,82.9,88.9,62.4,0.43,1693,23,20.7,0,15,0,1.9,1.66,2.26,80,0.511,1,28,19.31,6.9,0,0,0.51,49.25,63.81,-14.56,9.99,12.15,rock,không rõ,0,0,1,0
SIM_00141,FAKE_CAR_0018,YARIS15_CA_MT,Toyota,Yaris hatchback 1.5,2008,1.5,7,6.3,80,82.9,88.9,74.2,0.43,968,0,20.7,0,14,0,3.7,1.66,2.26,50,0.571,1,28,11.42,4.51,0,0,0.51,31.39,54.33,-22.94,-8.67,11.96,instrumental,không rõ,0,0,1,0
SIM_00142,FAKE_CAR_0018,YARIS15_CA_MT,Toyota,Yaris hatchback 1.5,2008,1.5,7,6.3,80,82.9,88.9,69.6,0.43,992,0,20.7,0,0,0,4.4,1.66,2.26,80,0.649,1,28,21.45,7.44,0,0,0.51,32.12,53.99,-21.87,5.36,11.98,bolero,Lệ Quyên,0,0,1,0
SIM_00143,FAKE_CAR_0018,YARIS15_CA_MT,Toyota,Yaris hatchback 1.5,2008,1.5,7,6.3,80,82.9,88.9,74.9,0.43,1845,35,20.7,0,0,0,5.2,1.66,2.26,65,0.799,1,28,18.24,6.35,0,0,0.51,51.7,50.49,1.21,24.14,13.83,bolero,Lệ Quyên,0,0,0,0
SIM_00144,FAKE_CAR_0018,YARIS15_CA_MT,Toyota,Yaris hatchback 1.5,2008,1.5,7,6.3,80,82.9,88.9,73.3,0.43,2609,41,20.7,0,11,0,3.6,1.66,2.26,35,0.833,1,28,9.61,3.77,0,0,0.51,63,48.68,14.32,26.04,13.82,instrumental,không rõ,0,0,0,0
SIM_00145,FAKE_CAR_0019,YARIS15_CA_AT,Toyota,Yaris hatchback 1.5,2008,1.5,7,6.4,75,92,53,83,0.2,1941,12,22.8,13,16,11,3,2.65,2.52,80,0.345,1,90,53.77,6.52,0,0,0.117,55.39,126.09,-70.7,-13.06,11.08,bolero,Lệ Quyên,0,0,1,0
SIM_00146,FAKE_CAR_0019,YARIS15_CA_AT,Toyota,Yaris hatchback 1.5,2008,1.5,7,6.4,75,92,53,77,0.2,2017,42,22.8,0,0,0,1.1,2.65,2.52,35,0.465,1,90,23.63,3.66,0,0,0.117,56.67,51.19,5.48,30.12,14.1,instrumental,không rõ,0,0,0,0
SIM_00147,FAKE_CAR_0019,YARIS15_CA_AT,Toyota,Yaris hatchback 1.5,2008,1.5,7,6.4,75,92,53,77.6,0.2,980,0,22.8,0,5,0,1.2,2.65,2.52,20,0.826,1,90,20.66,3.12,0,0,0.117,33.04,52.78,-19.74,1.39,12.31,pop,Hòa Minzy,0,0,1,0
SIM_00148,FAKE_CAR_0019,YARIS15_CA_AT,Toyota,Yaris hatchback 1.5,2008,1.5,7,6.4,75,92,53,70.7,0.2,909,0,22.8,0,9,0,4.6,2.65,2.52,50,0.829,1,90,43.98,5.23,0,0,0.117,30.8,85.61,-54.81,-8.25,11.36,instrumental,không rõ,0,0,1,0
SIM_00149,FAKE_CAR_0019,YARIS15_CA_AT,Toyota,Yaris hatchback 1.5,2008,1.5,7,6.4,75,92,53,69.4,0.2,2096,35,22.8,0,16,0,4.5,2.65,2.52,95,0.831,1,90,98.35,10,0,0,0.117,57.99,151.65,-93.66,12.04,11.19,pop,Hòa Minzy,0,1,1,0
SIM_00150,FAKE_CAR_0019,YARIS15_CA_AT,Toyota,Yaris hatchback 1.5,2008,1.5,7,6.4,75,92,53,74.2,0.2,2686,15,22.8,10,8,0,3.4,2.65,2.52,10,0.799,1,90,15.71,2.71,0,0,0.117,65.55,62.62,2.93,18.7,14.11,instrumental,không rõ,0,0,0,0
SIM_00151,FAKE_CAR_0019,YARIS15_CA_AT,Toyota,Yaris hatchback 1.5,2008,1.5,7,6.4,75,92,53,72.6,0.2,1977,26,22.8,0,0,0,4.1,2.65,2.52,65,0.802,1,90,58.73,6.62,0,0,0.117,56,92.25,-36.25,26.45,11.88,instrumental,không rõ,0,0,1,0
SIM_00152,FAKE_CAR_0019,YARIS15_CA_AT,Toyota,Yaris hatchback 1.5,2008,1.5,7,6.4,75,92,53,77.5,0.2,1735,54,22.8,0,13,0,2.1,2.65,2.52,35,0.801,1,90,30.26,3.99,0,0,0.117,51.94,72.15,-20.21,11.39,12.3,rock,không rõ,0,0,1,0
SIM_00153,FAKE_CAR_0020,YARIS10_UK_MT,Toyota,Yaris hatchback 1.0 VVT-i,2008,1,6.4,5.4,70,99.3,97.2,34.6,0.66,911,0,14,0,11,16,5.7,2.26,1.85,10,0.442,1,90,12.05,1.99,0,0,0.116,31.09,60.74,-29.65,-17.87,12.04,pop,Hòa Minzy,0,0,1,1
SIM_00154,FAKE_CAR_0020,YARIS10_UK_MT,Toyota,Yaris hatchback 1.0 VVT-i,2008,1,6.4,5.4,70,99.3,97.2,38.8,0.66,1878,56,14,10,12,0,5.4,2.26,1.85,10,0.538,1,90,13.03,2,0,0,0.116,54.74,56.43,-1.69,11.08,12.73,dân ca/pop,Phương Mỹ Chi,0,0,0,0
SIM_00155,FAKE_CAR_0020,YARIS10_UK_MT,Toyota,Yaris hatchback 1.0 VVT-i,2008,1,6.4,5.4,70,99.3,97.2,44.2,0.66,750,0,14,0,0,13,4.9,2.26,1.85,10,0.57,1,90,13.36,2.01,0,0,0.116,25.98,47.27,-21.29,-8.18,12.25,nhạc trẻ,Lam Trường,0,0,1,1
SIM_00156,FAKE_CAR_0020,YARIS10_UK_MT,Toyota,Yaris hatchback 1.0 VVT-i,2008,1,6.4,5.4,70,99.3,97.2,41.6,0.66,726,0,14,0,12,12,6.2,2.26,1.85,20,0.38,1,90,14.75,2.27,0,0,0.116,25.21,61.22,-36.01,-21.25,11.87,dân ca/pop,Phương Mỹ Chi,0,0,1,1
SIM_00157,FAKE_CAR_0020,YARIS10_UK_MT,Toyota,Yaris hatchback 1.0 VVT-i,2008,1,6.4,5.4,70,99.3,97.2,37.2,0.66,765,0,14,12,5,0,5.4,2.26,1.85,65,0.283,1,90,38.88,4.52,0,0,0.116,26.45,79.8,-53.35,-12.21,11.51,bolero,Lệ Quyên,0,0,1,1
SIM_00158,FAKE_CAR_0020,YARIS10_UK_MT,Toyota,Yaris hatchback 1.0 VVT-i,2008,1,6.4,5.4,70,99.3,97.2,41.8,0.66,974,0,14,8,5,12,4.9,2.26,1.85,35,0.615,1,90,26.59,3.14,0,0,0.116,33.09,73.63,-40.54,-13.07,11.82,nhạc trẻ,Lam Trường,0,0,1,1
SIM_00159,FAKE_CAR_0020,YARIS10_UK_MT,Toyota,Yaris hatchback 1.0 VVT-i,2008,1,6.4,5.4,70,99.3,97.2,46.2,0.66,975,0,14,0,16,0,5.2,2.26,1.85,20,0.253,1,90,13.07,2.22,0,0,0.116,33.13,50.49,-17.36,-4.33,12.32,bolero,Lệ Quyên,0,0,1,1
SIM_00160,FAKE_CAR_0020,YARIS10_UK_MT,Toyota,Yaris hatchback 1.0 VVT-i,2008,1,6.4,5.4,70,99.3,97.2,37.1,0.66,806,0,14,0,12,0,5,2.26,1.85,95,0.371,1,90,69.43,7.3,0,0,0.116,27.76,107.73,-79.97,-5.5,11.11,pop,Hòa Minzy,0,1,1,1
SIM_00161,FAKE_CAR_0021,AYGO10_UK_MT,Toyota,Aygo hatchback 1.0 VVT-i,2008,1,5.5,4.6,70,77.2,79,44.3,0.47,2755,32,15.3,0,8,0,3.9,1.32,1.92,10,0.775,1,12,2.06,2.1,0,0,0.146,51.34,31.36,19.98,22.82,14.12,rock,không rõ,1,0,0,0
SIM_00162,FAKE_CAR_0021,AYGO10_UK_MT,Toyota,Aygo hatchback 1.0 VVT-i,2008,1,5.5,4.6,70,77.2,79,35.3,0.47,847,0,15.3,0,10,0,5.4,1.32,1.92,95,0.699,1,12,12.01,9.05,0,0,0.146,22.59,51.76,-29.17,-9.43,12.02,rock,không rõ,1,0,1,0
SIM_00163,FAKE_CAR_0021,AYGO10_UK_MT,Toyota,Aygo hatchback 1.0 VVT-i,2008,1,5.5,4.6,70,77.2,79,36.5,0.47,2678,59,15.3,0,11,0,7.5,1.32,1.92,10,0.476,1,12,1.65,2.07,0,0,0.146,51.34,37.52,13.82,16.22,14.11,dân ca/pop,Phương Mỹ Chi,1,0,0,0
SIM_00164,FAKE_CAR_0021,AYGO10_UK_MT,Toyota,Aygo hatchback 1.0 VVT-i,2008,1,5.5,4.6,70,77.2,79,42.5,0.47,2553,45,15.3,0,13,0,5,1.32,1.92,80,0.533,1,12,8.42,6.65,0,0,0.146,51.34,48.37,2.97,16.72,14.04,instrumental,không rõ,1,0,0,0
SIM_00165,FAKE_CAR_0021,AYGO10_UK_MT,Toyota,Aygo hatchback 1.0 VVT-i,2008,1,5.5,4.6,70,77.2,79,42.1,0.47,844,0,15.3,0,16,0,6.8,1.32,1.92,95,0.553,1,12,10.78,8.3,0,0,0.146,22.52,57.18,-34.66,-16.9,11.89,dân ca/pop,Phương Mỹ Chi,1,0,1,0
SIM_00166,FAKE_CAR_0021,AYGO10_UK_MT,Toyota,Aygo hatchback 1.0 VVT-i,2008,1,5.5,4.6,70,77.2,79,42.4,0.47,2240,46,15.3,0,0,13,4.1,1.32,1.92,65,0.301,1,12,5.28,4.64,0,0,0.146,47.31,42.32,4.99,13.59,14.06,dân ca/pop,Phương Mỹ Chi,1,0,0,0
SIM_00167,FAKE_CAR_0021,AYGO10_UK_MT,Toyota,Aygo hatchback 1.0 VVT-i,2008,1,5.5,4.6,70,77.2,79,44.7,0.47,998,0,15.3,0,13,0,6.8,1.32,1.92,10,0.366,1,12,1.5,2.05,0,0,0.146,26.32,38.65,-12.33,-10.1,12.4,instrumental,không rõ,1,1,0,0
SIM_00168,FAKE_CAR_0021,AYGO10_UK_MT,Toyota,Aygo hatchback 1.0 VVT-i,2008,1,5.5,4.6,70,77.2,79,47.6,0.47,2558,35,15.3,0,5,0,5.2,1.32,1.92,95,0.838,1,12,13.17,9.77,0,0,0.146,51.34,48.44,2.9,24.52,14.04,nhạc trẻ,Lam Trường,1,0,0,0
SIM_00169,FAKE_CAR_0022,AURIS14_UK_MT,Toyota,Auris hatchback 1.4 VVT-i,2008,1.4,8.7,6.9,90,85.2,75.4,68.2,0.54,961,0,16.4,0,0,0,4.1,1.65,1.67,35,0.739,0,0,0,3.08,0,0,0.02,36.05,23.58,12.47,13.9,14.09,nhạc trẻ,Lam Trường,0,0,0,0
SIM_00170,FAKE_CAR_0022,AURIS14_UK_MT,Toyota,Auris hatchback 1.4 VVT-i,2008,1.4,8.7,6.9,90,85.2,75.4,71.4,0.54,942,0,16.4,0,0,0,3.8,1.65,1.67,80,0.599,0,0,0,6.66,0,0,0.02,35.39,26.86,8.53,13.54,14.19,pop,Hòa Minzy,0,0,0,0
SIM_00171,FAKE_CAR_0022,AURIS14_UK_MT,Toyota,Auris hatchback 1.4 VVT-i,2008,1.4,8.7,6.9,90,85.2,75.4,65.9,0.54,2877,23,16.4,0,0,0,5.3,1.65,1.67,65,0.732,0,0,0,5.58,0,0,0.02,72.85,27.28,45.57,49.5,14.19,rock,không rõ,0,0,0,0
SIM_00172,FAKE_CAR_0022,AURIS14_UK_MT,Toyota,Auris hatchback 1.4 VVT-i,2008,1.4,8.7,6.9,90,85.2,75.4,61.4,0.54,2167,18,16.4,9,0,0,4.6,1.65,1.67,10,0.689,0,0,0,1.84,0,0,0.02,65.77,31.84,33.93,34.12,14.17,instrumental,không rõ,0,0,0,0
SIM_00173,FAKE_CAR_0022,AURIS14_UK_MT,Toyota,Auris hatchback 1.4 VVT-i,2008,1.4,8.7,6.9,90,85.2,75.4,64.9,0.54,2151,61,16.4,0,14,11,4.9,1.65,1.67,95,0.796,0,0,0,9.3,0,0,0.02,65.47,55.6,9.87,17.52,14.09,instrumental,không rõ,0,0,0,0
SIM_00174,FAKE_CAR_0022,AURIS14_UK_MT,Toyota,Auris hatchback 1.4 VVT-i,2008,1.4,8.7,6.9,90,85.2,75.4,72,0.54,1605,40,16.4,0,15,18,3,1.65,1.67,80,0.488,0,0,0,6.23,0,0,0.02,55.3,58.63,-3.33,1.25,12.78,rock,không rõ,0,0,1,0
SIM_00175,FAKE_CAR_0022,AURIS14_UK_MT,Toyota,Auris hatchback 1.4 VVT-i,2008,1.4,8.7,6.9,90,85.2,75.4,65.4,0.54,1674,29,16.4,0,5,0,5.3,1.65,1.67,65,0.341,0,0,0,4.5,0,0,0.02,56.59,31.2,25.39,28.24,14.17,pop,Hòa Minzy,0,0,0,0
SIM_00176,FAKE_CAR_0022,AURIS14_UK_MT,Toyota,Auris hatchback 1.4 VVT-i,2008,1.4,8.7,6.9,90,85.2,75.4,59.6,0.54,1782,19,16.4,0,15,0,4.7,1.65,1.67,50,0.796,0,0,0,4.32,0,0,0.02,58.6,40.42,18.18,20.85,14.14,pop,Hòa Minzy,0,0,0,0
SIM_00177,FAKE_CAR_0023,AURIS16_UK_MT,Toyota,Auris hatchback 1.6 VVT-i,2008,1.6,9,7.1,100,94.3,91.1,60.2,0.83,792,0,19.3,0,0,0,3,1.68,2.46,50,0.365,0,0,0,4.34,0,0,0.528,37.05,26.64,10.41,13.07,13.79,instrumental,không rõ,0,0,0,0
SIM_00178,FAKE_CAR_0023,AURIS16_UK_MT,Toyota,Auris hatchback 1.6 VVT-i,2008,1.6,9,7.1,100,94.3,91.1,69.4,0.83,991,0,19.3,13,14,0,5,1.68,2.46,50,0.218,0,0,0,4.08,0,0,0.528,45.63,55.38,-9.75,-7.35,12.31,bolero,Lệ Quyên,0,0,0,0
SIM_00179,FAKE_CAR_0023,AURIS16_UK_MT,Toyota,Auris hatchback 1.6 VVT-i,2008,1.6,9,7.1,100,94.3,91.1,59.9,0.83,754,0,19.3,8,13,0,5,1.68,2.46,80,0.492,0,0,0,7.03,0,0,0.528,35.41,52.33,-16.92,-11.57,12.17,bolero,Lệ Quyên,0,0,1,0
SIM_00180,FAKE_CAR_0023,AURIS16_UK_MT,Toyota,Auris hatchback 1.6 VVT-i,2008,1.6,9,7.1,100,94.3,91.1,67.2,0.83,907,0,19.3,0,0,0,3.7,1.68,2.46,35,0.728,0,0,0,3.86,0,0,0.528,42.01,26.86,15.15,17.33,13.87,instrumental,không rõ,0,0,0,0
SIM_00181,FAKE_CAR_0023,AURIS16_UK_MT,Toyota,Auris hatchback 1.6 VVT-i,2008,1.6,9,7.1,100,94.3,91.1,60,0.83,968,0,19.3,0,0,0,5.6,1.68,2.46,50,0.655,0,0,0,4.86,0,0,0.528,44.64,29.76,14.88,18.06,13.77,dân ca/pop,Phương Mỹ Chi,0,0,0,0
SIM_00182,FAKE_CAR_0023,AURIS16_UK_MT,Toyota,Auris hatchback 1.6 VVT-i,2008,1.6,9,7.1,100,94.3,91.1,63.6,0.83,2854,55,19.3,0,8,0,4.4,1.68,2.46,65,0.602,0,0,0,6.01,0,0,0.528,89.58,37.71,51.87,56.2,13.86,nhạc trẻ,Lam Trường,0,0,0,0
SIM_00183,FAKE_CAR_0023,AURIS16_UK_MT,Toyota,Auris hatchback 1.6 VVT-i,2008,1.6,9,7.1,100,94.3,91.1,60,0.83,985,0,19.3,0,12,0,5,1.68,2.46,65,0.588,0,0,0,5.97,0,0,0.528,45.37,42.27,3.1,7.39,13.81,pop,Hòa Minzy,0,0,0,0
SIM_00184,FAKE_CAR_0023,AURIS16_UK_MT,Toyota,Auris hatchback 1.6 VVT-i,2008,1.6,9,7.1,100,94.3,91.1,64.4,0.83,778,0,19.3,0,0,0,4.7,1.68,2.46,50,0.619,0,0,0,4.79,0,0,0.528,36.45,28.79,7.66,10.77,13.81,rock,không rõ,0,0,0,0
SIM_00185,FAKE_CAR_0024,AVENSIS18_UK_MT,Toyota,Avensis sedan/hatch 1.8 VVT-i,2008,1.8,9.4,7.2,110,75.6,92.4,47.2,0.22,953,0,17.4,0,11,0,4,2.72,2.01,80,0.753,1,28,23.06,7.59,0,0,0.03,38.8,63.05,-24.25,3.68,12.18,bolero,Lệ Quyên,0,0,1,0
SIM_00186,FAKE_CAR_0024,AVENSIS18_UK_MT,Toyota,Avensis sedan/hatch 1.8 VVT-i,2008,1.8,9.4,7.2,110,75.6,92.4,35.1,0.22,2629,46,17.4,0,16,0,5.5,2.72,2.01,95,0.474,1,28,23.62,7.99,0,0,0.03,79,70.51,8.49,37.38,14.12,rock,không rõ,0,0,0,0
SIM_00187,FAKE_CAR_0024,AVENSIS18_UK_MT,Toyota,Avensis sedan/hatch 1.8 VVT-i,2008,1.8,9.4,7.2,110,75.6,92.4,36.4,0.22,823,0,17.4,9,5,12,4.4,2.72,2.01,10,0.273,1,28,3.21,2.13,0,0,0.03,33.85,53.14,-19.29,-16.67,12.38,instrumental,không rõ,0,0,0,0
SIM_00188,FAKE_CAR_0024,AVENSIS18_UK_MT,Toyota,Avensis sedan/hatch 1.8 VVT-i,2008,1.8,9.4,7.2,110,75.6,92.4,38.4,0.22,1702,25,17.4,0,5,0,4.7,2.72,2.01,20,0.39,1,28,4.63,2.43,0,0,0.03,61.94,34.16,27.78,32.12,14.08,dân ca/pop,Phương Mỹ Chi,0,0,0,0
SIM_00189,FAKE_CAR_0024,AVENSIS18_UK_MT,Toyota,Avensis sedan/hatch 1.8 VVT-i,2008,1.8,9.4,7.2,110,75.6,92.4,35.3,0.22,2369,50,17.4,0,9,0,7.1,2.72,2.01,35,0.651,1,28,8.49,3.34,0,0,0.03,75.41,45.33,30.08,39.19,14.14,nhạc trẻ,Lam Trường,0,0,0,0
SIM_00190,FAKE_CAR_0024,AVENSIS18_UK_MT,Toyota,Avensis sedan/hatch 1.8 VVT-i,2008,1.8,9.4,7.2,110,75.6,92.4,45.7,0.22,2494,27,17.4,0,9,0,6.5,2.72,2.01,20,0.222,1,28,3.94,2.37,0,0,0.03,77.93,39.21,38.72,42.31,14.17,instrumental,không rõ,0,0,0,0
SIM_00191,FAKE_CAR_0024,AVENSIS18_UK_MT,Toyota,Avensis sedan/hatch 1.8 VVT-i,2008,1.8,9.4,7.2,110,75.6,92.4,36.2,0.22,2467,52,17.4,0,8,12,6,2.72,2.01,10,0.767,1,28,4.78,2.19,0,0,0.03,77.39,50.37,27.02,31.27,14.08,rock,không rõ,0,0,0,0
SIM_00192,FAKE_CAR_0024,AVENSIS18_UK_MT,Toyota,Avensis sedan/hatch 1.8 VVT-i,2008,1.8,9.4,7.2,110,75.6,92.4,46,0.22,947,0,17.4,12,0,0,4.4,2.72,2.01,20,0.832,1,28,6.45,2.61,0,0,0.03,38.57,42.86,-4.29,2.05,12.77,instrumental,không rõ,0,0,1,0
SIM_00193,FAKE_CAR_0025,RAV4_20_UK_MT,Toyota,RAV4 2.0 VVT-i,2008,2,11,8.6,120,85.5,92.8,44.3,0.25,2413,25,15.5,14,9,0,7,2.89,2.8,35,0.255,0,0,0,3.73,0,0,0.075,94.13,49.23,44.9,45.74,14.07,nhạc trẻ,Lam Trường,0,0,0,0
SIM_00194,FAKE_CAR_0025,RAV4_20_UK_MT,Toyota,RAV4 2.0 VVT-i,2008,2,11,8.6,120,85.5,92.8,44,0.25,822,0,15.5,0,11,0,4.8,2.89,2.8,65,0.541,0,0,0,6.18,0,0,0.075,41.72,37.48,4.24,7.53,14.1,dân ca/pop,Phương Mỹ Chi,0,0,0,0
SIM_00195,FAKE_CAR_0025,RAV4_20_UK_MT,Toyota,RAV4 2.0 VVT-i,2008,2,11,8.6,120,85.5,92.8,37.9,0.25,2953,48,15.5,12,0,0,7.2,2.89,2.8,95,0.64,0,0,0,9.63,0,0,0.075,97.47,44.33,53.14,59.88,14.09,rock,không rõ,0,0,0,0
SIM_00196,FAKE_CAR_0025,RAV4_20_UK_MT,Toyota,RAV4 2.0 VVT-i,2008,2,11,8.6,120,85.5,92.8,38.4,0.25,1956,42,15.5,0,5,0,4.6,2.89,2.8,65,0.388,0,0,0,5.76,0,0,0.075,82.74,30.86,51.88,54.75,14.16,rock,không rõ,0,0,0,0
SIM_00197,FAKE_CAR_0025,RAV4_20_UK_MT,Toyota,RAV4 2.0 VVT-i,2008,2,11,8.6,120,85.5,92.8,42.8,0.25,1781,59,15.5,14,5,0,6.2,2.89,2.8,20,0.526,0,0,0,3.28,0,0,0.075,78.38,43.98,34.4,34.79,14.11,pop,Hòa Minzy,0,0,0,0
SIM_00198,FAKE_CAR_0025,RAV4_20_UK_MT,Toyota,RAV4 2.0 VVT-i,2008,2,11,8.6,120,85.5,92.8,37.2,0.25,2901,21,15.5,0,9,0,7.2,2.89,2.8,35,0.494,0,0,0,3.97,0,0,0.075,97.47,35.67,61.8,62.88,14.07,pop,Hòa Minzy,0,0,0,0
SIM_00199,FAKE_CAR_0025,RAV4_20_UK_MT,Toyota,RAV4 2.0 VVT-i,2008,2,11,8.6,120,85.5,92.8,41.7,0.25,2321,40,15.5,0,5,0,5.7,2.89,2.8,65,0.489,0,0,0,6.04,0,0,0.075,91.84,32.24,59.6,62.75,14.11,pop,Hòa Minzy,0,0,0,0
SIM_00200,FAKE_CAR_0025,RAV4_20_UK_MT,Toyota,RAV4 2.0 VVT-i,2008,2,11,8.6,120,85.5,92.8,35.2,0.25,2951,40,15.5,14,5,0,7.9,2.89,2.8,20,0.406,0,0,0,3.23,0,0,0.075,97.47,45.63,51.84,52.18,14.11,pop,Hòa Minzy,0,0,0,0
SIM_00201,FAKE_CAR_0026,MAZDA2_13_UK_MT,Mazda,Mazda2 hatchback 1.3 MZR 86ps 5 cửa,2008,1.349,6.9,5.2,80,94.5,80.9,52.2,0.44,2182,31,16.2,0,11,0,5.5,1.37,3.06,20,0.228,1,90,12.73,3.42,0,0,0.025,65.12,48.85,16.27,31.05,14.15,bolero,Lệ Quyên,0,0,0,0
SIM_00202,FAKE_CAR_0026,MAZDA2_13_UK_MT,Mazda,Mazda2 hatchback 1.3 MZR 86ps 5 cửa,2008,1.349,6.9,5.2,80,94.5,80.9,57,0.44,1668,50,16.2,13,14,13,4.6,1.37,3.06,80,0.821,1,90,77.51,8.91,0,0,0.025,55.68,147.22,-91.54,-6.49,11.15,nhạc trẻ,Lam Trường,0,1,1,1
SIM_00203,FAKE_CAR_0026,MAZDA2_13_UK_MT,Mazda,Mazda2 hatchback 1.3 MZR 86ps 5 cửa,2008,1.349,6.9,5.2,80,94.5,80.9,63.8,0.44,791,0,16.2,0,8,0,3.5,1.37,3.06,65,0.478,1,90,46.34,6.27,0,0,0.025,29.67,80.31,-50.64,0.6,11.61,nhạc trẻ,Lam Trường,0,0,1,1
SIM_00204,FAKE_CAR_0026,MAZDA2_13_UK_MT,Mazda,Mazda2 hatchback 1.3 MZR 86ps 5 cửa,2008,1.349,6.9,5.2,80,94.5,80.9,63,0.44,733,0,16.2,0,5,11,2.8,1.37,3.06,50,0.72,1,90,40.91,5.57,0,0,0.025,27.67,81.48,-53.81,-8.7,11.46,rock,không rõ,0,1,1,1
SIM_00205,FAKE_CAR_0026,MAZDA2_13_UK_MT,Mazda,Mazda2 hatchback 1.3 MZR 86ps 5 cửa,2008,1.349,6.9,5.2,80,94.5,80.9,62.5,0.44,827,0,16.2,0,16,11,5.5,1.37,3.06,65,0.509,1,90,47.52,6.35,0,0,0.025,30.91,102.57,-71.66,-19.16,11.15,instrumental,không rõ,0,0,1,1
SIM_00206,FAKE_CAR_0026,MAZDA2_13_UK_MT,Mazda,Mazda2 hatchback 1.3 MZR 86ps 5 cửa,2008,1.349,6.9,5.2,80,94.5,80.9,57.4,0.44,2486,34,16.2,0,5,9,5.7,1.37,3.06,10,0.746,1,90,15.16,3.24,0,0,0.025,70.7,54.3,16.4,33.43,14.17,nhạc trẻ,Lam Trường,0,0,0,0
SIM_00207,FAKE_CAR_0026,MAZDA2_13_UK_MT,Mazda,Mazda2 hatchback 1.3 MZR 86ps 5 cửa,2008,1.349,6.9,5.2,80,94.5,80.9,59.2,0.44,898,0,16.2,0,13,0,6.1,1.37,3.06,50,0.774,1,90,42.43,5.67,0,0,0.025,33.37,83.4,-50.03,-3.3,11.54,rock,không rõ,0,0,1,1
SIM_00208,FAKE_CAR_0026,MAZDA2_13_UK_MT,Mazda,Mazda2 hatchback 1.3 MZR 86ps 5 cửa,2008,1.349,6.9,5.2,80,94.5,80.9,62.3,0.44,2960,43,16.2,0,14,0,5,1.37,3.06,65,0.451,1,90,45.3,6.19,0,0,0.025,71.82,86.69,-14.87,35.25,12.4,nhạc trẻ,Lam Trường,0,0,1,1
SIM_00209,FAKE_CAR_0027,MAZDA2_15_UK_MT,Mazda,Mazda2 hatchback 1.5 MZR 103ps,2008,1.498,7.6,5.7,90,76.6,84.4,40.2,0.65,1660,45,14.7,0,15,0,5.8,2.2,1.9,50,0.395,0,0,0,3.83,0,0,0.132,50.64,39.33,11.31,12.94,14.09,rock,không rõ,0,0,0,0
SIM_00210,FAKE_CAR_0027,MAZDA2_15_UK_MT,Mazda,Mazda2 hatchback 1.5 MZR 103ps,2008,1.498,7.6,5.7,90,76.6,84.4,40.8,0.65,748,0,14.7,0,5,0,6.2,2.2,1.9,20,0.408,0,0,0,2.33,0,0,0.132,25.7,28.23,-2.53,-2.4,12.69,bolero,Lệ Quyên,0,0,0,0
SIM_00211,FAKE_CAR_0027,MAZDA2_15_UK_MT,Mazda,Mazda2 hatchback 1.5 MZR 103ps,2008,1.498,7.6,5.7,90,76.6,84.4,30.1,0.65,2396,44,14.7,0,11,0,4.1,2.2,1.9,20,0.461,0,0,0,2.35,0,0,0.132,62.96,32.15,30.81,30.96,14.11,instrumental,không rõ,0,0,0,0
SIM_00212,FAKE_CAR_0027,MAZDA2_15_UK_MT,Mazda,Mazda2 hatchback 1.5 MZR 103ps,2008,1.498,7.6,5.7,90,76.6,84.4,41.9,0.65,1776,54,14.7,0,16,0,4.2,2.2,1.9,50,0.81,0,0,0,4.57,0,0,0.132,52.58,39.47,13.11,15.48,14,nhạc trẻ,Lam Trường,0,0,0,0
SIM_00213,FAKE_CAR_0027,MAZDA2_15_UK_MT,Mazda,Mazda2 hatchback 1.5 MZR 103ps,2008,1.498,7.6,5.7,90,76.6,84.4,38.8,0.65,1819,57,14.7,0,5,0,7.6,2.2,1.9,50,0.57,0,0,0,4.14,0,0,0.132,53.3,31.44,21.86,23.8,14.01,instrumental,không rõ,0,0,0,0
SIM_00214,FAKE_CAR_0027,MAZDA2_15_UK_MT,Mazda,Mazda2 hatchback 1.5 MZR 103ps,2008,1.498,7.6,5.7,90,76.6,84.4,30.4,0.65,760,0,14.7,12,0,13,5.7,2.2,1.9,80,0.51,0,0,0,6.54,0,0,0.132,26.08,51.94,-25.86,-21.52,12.18,dân ca/pop,Phương Mỹ Chi,0,0,0,0
SIM_00215,FAKE_CAR_0027,MAZDA2_15_UK_MT,Mazda,Mazda2 hatchback 1.5 MZR 103ps,2008,1.498,7.6,5.7,90,76.6,84.4,31.5,0.65,824,0,14.7,0,0,14,5.9,2.2,1.9,10,0.751,0,0,0,2.08,0,0,0.132,28.1,36.68,-8.58,-8.7,12.52,bolero,Lệ Quyên,0,0,0,0
SIM_00216,FAKE_CAR_0027,MAZDA2_15_UK_MT,Mazda,Mazda2 hatchback 1.5 MZR 103ps,2008,1.498,7.6,5.7,90,76.6,84.4,35.2,0.65,723,0,14.7,0,11,0,4.5,2.2,1.9,95,0.791,0,0,0,9.51,0,0,0.132,24.91,39.71,-14.8,-7.49,12.34,instrumental,không rõ,0,0,1,0
SIM_00217,FAKE_CAR_0028,HONDA_FIT15_CA_MT,Honda,Fit hatchback 1.5 DX,2008,1.5,7.1,6.5,75,93.2,76.1,56.8,0.26,2324,23,18.6,0,13,0,4.7,1.71,2.69,80,0.527,1,12,8.38,7.4,0,0,0.019,62.62,52.08,10.54,24.61,14.17,pop,Hòa Minzy,0,0,0,0
SIM_00218,FAKE_CAR_0028,HONDA_FIT15_CA_MT,Honda,Fit hatchback 1.5 DX,2008,1.5,7.1,6.5,75,93.2,76.1,54,0.26,2153,31,18.6,0,13,0,5.4,1.71,2.69,50,0.549,1,12,4.81,4.9,0,0,0.019,59.72,46.71,13.01,21.01,14.16,nhạc trẻ,Lam Trường,0,0,0,0
SIM_00219,FAKE_CAR_0028,HONDA_FIT15_CA_MT,Honda,Fit hatchback 1.5 DX,2008,1.5,7.1,6.5,75,93.2,76.1,53.5,0.26,986,0,18.6,12,13,0,6.4,1.71,2.69,65,0.297,1,12,5.25,5.4,0,0,0.019,33.66,60.65,-26.99,-18.05,12.1,bolero,Lệ Quyên,0,0,1,0
SIM_00220,FAKE_CAR_0028,HONDA_FIT15_CA_MT,Honda,Fit hatchback 1.5 DX,2008,1.5,7.1,6.5,75,93.2,76.1,56.2,0.26,2351,40,18.6,0,5,0,3.9,1.71,2.69,65,0.222,1,12,4.87,5.19,0,0,0.019,63.08,37.56,25.52,33.87,14.12,rock,không rõ,0,0,0,0
SIM_00221,FAKE_CAR_0028,HONDA_FIT15_CA_MT,Honda,Fit hatchback 1.5 DX,2008,1.5,7.1,6.5,75,93.2,76.1,51.7,0.26,1970,26,18.6,0,5,0,4,1.71,2.69,80,0.397,1,12,7.52,6.89,0,0,0.019,56.61,42.01,14.6,27.3,14.08,rock,không rõ,0,0,0,0
SIM_00222,FAKE_CAR_0028,HONDA_FIT15_CA_MT,Honda,Fit hatchback 1.5 DX,2008,1.5,7.1,6.5,75,93.2,76.1,61.2,0.26,858,0,18.6,0,10,0,5.5,1.71,2.69,35,0.345,1,12,2.84,3.71,0,0,0.019,29.57,40.65,-11.08,-6.24,12.52,pop,Hòa Minzy,0,0,0,0
SIM_00223,FAKE_CAR_0028,HONDA_FIT15_CA_MT,Honda,Fit hatchback 1.5 DX,2008,1.5,7.1,6.5,75,93.2,76.1,59.1,0.26,2615,29,18.6,0,0,0,6,1.71,2.69,35,0.349,1,12,2.85,3.72,0,0,0.019,66.41,31.17,35.24,40.1,14.18,rock,không rõ,0,0,0,0
SIM_00224,FAKE_CAR_0028,HONDA_FIT15_CA_MT,Honda,Fit hatchback 1.5 DX,2008,1.5,7.1,6.5,75,93.2,76.1,51.6,0.26,2908,18,18.6,13,15,0,6,1.71,2.69,10,0.492,1,12,1.67,2.84,0,0,0.019,66.41,57.11,9.3,12.1,14.08,dân ca/pop,Phương Mỹ Chi,0,0,0,0
SIM_00225,FAKE_CAR_0029,YARIS13_UK_MT,Toyota,Yaris hatchback 1.3 VVT-i,2008,1.3,7.2,6,75,79.2,50.9,39,0.44,2870,42,17.4,0,5,0,7.2,2.71,2.16,20,0.827,0,0,0,2.76,0,0,0.023,56.43,32.36,24.07,24.12,14.19,dân ca/pop,Phương Mỹ Chi,0,0,0,0
SIM_00226,FAKE_CAR_0029,YARIS13_UK_MT,Toyota,Yaris hatchback 1.3 VVT-i,2008,1.3,7.2,6,75,79.2,50.9,42.3,0.44,1949,53,17.4,0,12,0,5.5,2.71,2.16,35,0.652,0,0,0,3.49,0,0,0.023,47.8,38.39,9.41,10.19,14.11,bolero,Lệ Quyên,0,0,0,0
SIM_00227,FAKE_CAR_0029,YARIS13_UK_MT,Toyota,Yaris hatchback 1.3 VVT-i,2008,1.3,7.2,6,75,79.2,50.9,35.3,0.44,2089,15,17.4,0,14,0,7.1,2.71,2.16,80,0.8,0,0,0,7.92,0,0,0.023,49.82,46.42,3.4,8.61,14.12,bolero,Lệ Quyên,0,0,0,0
SIM_00228,FAKE_CAR_0029,YARIS13_UK_MT,Toyota,Yaris hatchback 1.3 VVT-i,2008,1.3,7.2,6,75,79.2,50.9,34.6,0.44,892,0,17.4,0,0,0,5.6,2.71,2.16,95,0.474,0,0,0,8.14,0,0,0.023,26.05,31.14,-5.09,0.34,12.75,instrumental,không rõ,0,0,1,0
SIM_00229,FAKE_CAR_0029,YARIS13_UK_MT,Toyota,Yaris hatchback 1.3 VVT-i,2008,1.3,7.2,6,75,79.2,50.9,41.1,0.44,1646,12,17.4,0,5,0,5.3,2.71,2.16,50,0.226,0,0,0,3.79,0,0,0.023,43.43,31.49,11.94,13.02,14.1,pop,Hòa Minzy,0,0,0,0
SIM_00230,FAKE_CAR_0029,YARIS13_UK_MT,Toyota,Yaris hatchback 1.3 VVT-i,2008,1.3,7.2,6,75,79.2,50.9,42.3,0.44,2726,46,17.4,0,0,18,6.5,2.71,2.16,65,0.343,0,0,0,4.99,0,0,0.023,56.43,46.89,9.54,11.82,14.08,bolero,Lệ Quyên,0,0,0,0
SIM_00231,FAKE_CAR_0029,YARIS13_UK_MT,Toyota,Yaris hatchback 1.3 VVT-i,2008,1.3,7.2,6,75,79.2,50.9,40.4,0.44,974,0,17.4,0,0,0,6.5,2.71,2.16,80,0.425,0,0,0,6.47,0,0,0.023,28.28,30.37,-2.09,1.67,12.75,bolero,Lệ Quyên,0,0,0,0
SIM_00232,FAKE_CAR_0029,YARIS13_UK_MT,Toyota,Yaris hatchback 1.3 VVT-i,2008,1.3,7.2,6,75,79.2,50.9,33.9,0.44,763,0,17.4,11,0,0,7.2,2.71,2.16,10,0.75,0,0,0,2.34,0,0,0.023,22.55,37.94,-15.39,-15.76,12.45,dân ca/pop,Phương Mỹ Chi,0,0,0,0
SIM_00233,FAKE_CAR_0030,YARIS13_UK_MM,Toyota,Yaris hatchback 1.3 VVT-i,2008,1.3,6.7,5.8,80,85.3,92.9,82.7,0.63,954,0,13.5,12,14,0,4.6,2.48,2.32,95,0.637,1,28,26.8,9.14,0,0,0.039,31.87,80.04,-48.17,-14.71,11.63,bolero,Lệ Quyên,0,0,1,1
SIM_00234,FAKE_CAR_0030,YARIS13_UK_MM,Toyota,Yaris hatchback 1.3 VVT-i,2008,1.3,6.7,5.8,80,85.3,92.9,84.9,0.63,983,0,13.5,0,16,0,1.8,2.48,2.32,80,0.709,1,28,22.38,7.73,0,0,0.039,32.77,61.41,-28.64,-1.01,12.1,rock,không rõ,0,0,1,1
SIM_00235,FAKE_CAR_0030,YARIS13_UK_MM,Toyota,Yaris hatchback 1.3 VVT-i,2008,1.3,6.7,5.8,80,85.3,92.9,74.4,0.63,2045,24,13.5,0,0,11,4.1,2.48,2.32,35,0.87,1,28,9.84,3.86,0,0,0.039,56.51,42.3,14.21,25.43,14.15,bolero,Lệ Quyên,0,0,0,0
SIM_00236,FAKE_CAR_0030,YARIS13_UK_MM,Toyota,Yaris hatchback 1.3 VVT-i,2008,1.3,6.7,5.8,80,85.3,92.9,74.7,0.63,985,0,13.5,0,12,0,1.4,2.48,2.32,95,0.253,1,28,19.29,7.16,0,0,0.039,32.83,53.35,-20.52,3.45,12.35,instrumental,không rõ,0,0,1,1
SIM_00237,FAKE_CAR_0030,YARIS13_UK_MM,Toyota,Yaris hatchback 1.3 VVT-i,2008,1.3,6.7,5.8,80,85.3,92.9,77.7,0.63,833,0,13.5,10,11,0,1.6,2.48,2.32,95,0.55,1,28,25.1,8.69,0,0,0.039,28.09,69.89,-41.8,-10.49,11.84,dân ca/pop,Phương Mỹ Chi,0,0,1,1
SIM_00238,FAKE_CAR_0030,YARIS13_UK_MM,Toyota,Yaris hatchback 1.3 VVT-i,2008,1.3,6.7,5.8,80,85.3,92.9,75.9,0.63,807,0,13.5,0,16,0,2.4,2.48,2.32,50,0.791,1,28,13.35,4.96,0,0,0.039,27.28,50.21,-22.93,-7.1,12.25,pop,Hòa Minzy,0,0,1,1
SIM_00239,FAKE_CAR_0030,YARIS13_UK_MM,Toyota,Yaris hatchback 1.3 VVT-i,2008,1.3,6.7,5.8,80,85.3,92.9,72,0.63,759,0,13.5,0,13,16,3.1,2.48,2.32,80,0.547,1,28,19.86,7.1,0,0,0.039,25.78,72.56,-46.78,-22.3,11.66,nhạc trẻ,Lam Trường,0,0,1,1
SIM_00240,FAKE_CAR_0030,YARIS13_UK_MM,Toyota,Yaris hatchback 1.3 VVT-i,2008,1.3,6.7,5.8,80,85.3,92.9,84.7,0.63,1644,45,13.5,11,0,0,2.8,2.48,2.32,80,0.358,1,28,16.93,6.37,0,0,0.039,49.86,50.6,-0.74,20.08,12.78,bolero,Lệ Quyên,0,0,0,0
SIM_00241,FAKE_CAR_0031,YARIS13_NCP_2NZ,Toyota,Yaris 1.3 NCP9# / 2NZ-FE,2008,1.3,,,90,93.6,78.4,56,0.48,2528,19,21.1,0,0,0,2.3,1.65,3.27,20,0.582,1,12,2.32,3.77,0,0,0.064,79.64,29.49,50.15,54.59,14.14,pop,Hòa Minzy,1,1,0,0
SIM_00242,FAKE_CAR_0031,YARIS13_NCP_2NZ,Toyota,Yaris 1.3 NCP9# / 2NZ-FE,2008,1.3,,,90,93.6,78.4,66.6,0.48,2864,28,21.1,8,5,0,4.8,1.65,3.27,50,0.366,1,12,4.13,5.15,0,0,0.064,80.03,48.18,31.85,39.48,14.06,nhạc trẻ,Lam Trường,1,0,0,0
SIM_00243,FAKE_CAR_0031,YARIS13_NCP_2NZ,Toyota,Yaris 1.3 NCP9# / 2NZ-FE,2008,1.3,,,90,93.6,78.4,60.1,0.48,2791,41,21.1,0,12,0,5.3,1.65,3.27,95,0.293,1,12,8.6,8.32,0,0,0.064,80.03,55.32,24.71,39.98,14.08,dân ca/pop,Phương Mỹ Chi,1,0,0,0
SIM_00244,FAKE_CAR_0031,YARIS13_NCP_2NZ,Toyota,Yaris 1.3 NCP9# / 2NZ-FE,2008,1.3,,,90,93.6,78.4,56.3,0.48,853,0,21.1,0,5,0,3,1.65,3.27,10,0.212,1,12,1.29,3.38,0,0,0.064,35.45,33.77,1.68,4.7,14.15,pop,Hòa Minzy,1,0,0,0
SIM_00245,FAKE_CAR_0031,YARIS13_NCP_2NZ,Toyota,Yaris 1.3 NCP9# / 2NZ-FE,2008,1.3,,,90,93.6,78.4,55.4,0.48,975,0,21.1,0,0,0,2.8,1.65,3.27,65,0.627,1,12,6.94,6.89,0,0,0.064,40.15,37.73,2.42,14.6,14.1,rock,không rõ,1,1,0,0
SIM_00246,FAKE_CAR_0031,YARIS13_NCP_2NZ,Toyota,Yaris 1.3 NCP9# / 2NZ-FE,2008,1.3,,,90,93.6,78.4,59.3,0.48,975,0,21.1,0,9,0,3.6,1.65,3.27,35,0.592,1,12,3.49,4.54,0,0,0.064,40.15,41.73,-1.58,4.8,12.79,bolero,Lệ Quyên,1,0,0,0
SIM_00247,FAKE_CAR_0031,YARIS13_NCP_2NZ,Toyota,Yaris 1.3 NCP9# / 2NZ-FE,2008,1.3,,,90,93.6,78.4,61.8,0.48,766,0,21.1,0,5,0,2.8,1.65,3.27,10,0.46,1,12,1.63,3.41,0,0,0.064,32.1,33.94,-1.84,1.55,12.81,instrumental,không rõ,1,1,0,0
SIM_00248,FAKE_CAR_0031,YARIS13_NCP_2NZ,Toyota,Yaris 1.3 NCP9# / 2NZ-FE,2008,1.3,,,90,93.6,78.4,55.7,0.48,802,0,21.1,0,0,0,2.7,1.65,3.27,65,0.842,1,12,8.03,7.48,0,0,0.064,33.48,39.31,-5.83,8.03,12.66,instrumental,không rõ,1,0,1,0
SIM_00249,FAKE_CAR_0032,YARIS15_CA_MT,Toyota,Yaris hatchback 1.5,2008,1.5,7,6.3,80,91.7,92.9,52.2,0.47,2259,22,16.2,0,11,15,5.7,2,3.06,35,0.704,1,55,17.32,4.44,0,0,0.102,64.56,69.66,-5.1,14.66,12.63,rock,không rõ,0,0,1,0
SIM_00250,FAKE_CAR_0032,YARIS15_CA_MT,Toyota,Yaris hatchback 1.5,2008,1.5,7,6.3,80,91.7,92.9,52.5,0.47,821,0,16.2,13,5,9,3.5,2,3.06,95,0.444,1,55,45.24,8.88,0,0,0.102,29.8,100.82,-71.02,-18.9,11.16,instrumental,không rõ,0,1,1,1
SIM_00251,FAKE_CAR_0032,YARIS15_CA_MT,Toyota,Yaris hatchback 1.5,2008,1.5,7,6.3,80,91.7,92.9,44.5,0.47,992,0,16.2,0,16,0,7.1,2,3.06,50,0.752,1,55,25.55,5.63,0,0,0.102,35.53,70.48,-34.95,-5.77,11.95,nhạc trẻ,Lam Trường,0,0,1,1
SIM_00252,FAKE_CAR_0032,YARIS15_CA_MT,Toyota,Yaris hatchback 1.5,2008,1.5,7,6.3,80,91.7,92.9,42.8,0.47,832,0,16.2,0,0,11,6.9,2,3.06,95,0.36,1,55,42.01,8.45,0,0,0.102,30.17,84.56,-54.39,-5.93,11.47,pop,Hòa Minzy,0,0,1,1
SIM_00253,FAKE_CAR_0032,YARIS15_CA_MT,Toyota,Yaris hatchback 1.5,2008,1.5,7,6.3,80,91.7,92.9,39.3,0.47,2748,25,16.2,0,0,0,5.3,2,3.06,65,0.558,1,55,30.19,6.49,0,0,0.102,69.69,58.18,11.51,46.19,14.08,nhạc trẻ,Lam Trường,0,0,0,1
SIM_00254,FAKE_CAR_0032,YARIS15_CA_MT,Toyota,Yaris hatchback 1.5,2008,1.5,7,6.3,80,91.7,92.9,48.1,0.47,2647,54,16.2,0,5,0,3.8,2,3.06,80,0.749,1,55,45.17,8.63,0,0,0.102,69.69,78.8,-9.11,42.69,12.57,nhạc trẻ,Lam Trường,0,0,1,1
SIM_00255,FAKE_CAR_0032,YARIS15_CA_MT,Toyota,Yaris hatchback 1.5,2008,1.5,7,6.3,80,91.7,92.9,50.2,0.47,852,0,16.2,0,13,15,4.7,2,3.06,35,0.855,1,55,19.14,4.59,0,0,0.102,30.84,72.63,-41.79,-20.06,11.81,bolero,Lệ Quyên,0,0,1,0
SIM_00256,FAKE_CAR_0032,YARIS15_CA_MT,Toyota,Yaris hatchback 1.5,2008,1.5,7,6.3,80,91.7,92.9,43.5,0.47,850,0,16.2,0,0,0,4.3,2,3.06,50,0.338,1,55,18.43,4.89,0,0,0.102,30.77,43.82,-13.05,8.27,12.42,nhạc trẻ,Lam Trường,0,0,1,0
SIM_00257,FAKE_CAR_0033,YARIS15_CA_AT,Toyota,Yaris hatchback 1.5,2008,1.5,7,6.4,90,56.4,90.8,61.8,0.72,933,0,12.9,0,11,0,4.7,1.36,2.18,65,0.844,0,0,0,6.39,0,0,0.062,23.22,34.99,-11.77,-6.74,12.58,nhạc trẻ,Lam Trường,0,0,1,0
SIM_00258,FAKE_CAR_0033,YARIS15_CA_AT,Toyota,Yaris hatchback 1.5,2008,1.5,7,6.4,90,56.4,90.8,59.6,0.72,869,0,12.9,0,5,17,5.4,1.36,2.18,95,0.397,0,0,0,7.76,0,0,0.062,21.73,48.06,-26.33,-19.93,12.09,instrumental,không rõ,0,0,1,0
SIM_00259,FAKE_CAR_0033,YARIS15_CA_AT,Toyota,Yaris hatchback 1.5,2008,1.5,7,6.4,90,56.4,90.8,62.2,0.72,2354,28,12.9,0,5,0,5.8,1.36,2.18,10,0.639,0,0,0,2.35,0,0,0.062,45.84,26.05,19.79,20.78,14.14,instrumental,không rõ,0,0,0,0
SIM_00260,FAKE_CAR_0033,YARIS15_CA_AT,Toyota,Yaris hatchback 1.5,2008,1.5,7,6.4,90,56.4,90.8,66.8,0.72,926,0,12.9,0,15,16,2.7,1.36,2.18,35,0.499,0,0,0,3.36,0,0,0.062,23.05,49.96,-26.91,-24.91,12.1,pop,Hòa Minzy,0,0,0,0
SIM_00261,FAKE_CAR_0033,YARIS15_CA_AT,Toyota,Yaris hatchback 1.5,2008,1.5,7,6.4,90,56.4,90.8,68.5,0.72,950,0,12.9,0,0,10,4.3,1.36,2.18,65,0.669,0,0,0,5.91,0,0,0.062,23.61,33.11,-9.5,-4.95,12.58,pop,Hòa Minzy,0,0,0,0
SIM_00262,FAKE_CAR_0033,YARIS15_CA_AT,Toyota,Yaris hatchback 1.5,2008,1.5,7,6.4,90,56.4,90.8,56.3,0.72,2696,63,12.9,0,8,0,2,1.36,2.18,50,0.406,0,0,0,4.13,0,0,0.062,48.22,27.03,21.19,23.96,14.09,rock,không rõ,0,0,0,0
SIM_00263,FAKE_CAR_0033,YARIS15_CA_AT,Toyota,Yaris hatchback 1.5,2008,1.5,7,6.4,90,56.4,90.8,62.6,0.72,959,0,12.9,0,0,11,2.3,1.36,2.18,80,0.488,0,0,0,6.74,0,0,0.062,23.82,32.94,-9.12,-3.74,12.6,instrumental,không rõ,0,0,1,0
SIM_00264,FAKE_CAR_0033,YARIS15_CA_AT,Toyota,Yaris hatchback 1.5,2008,1.5,7,6.4,90,56.4,90.8,59.2,0.72,900,0,12.9,0,12,16,4.6,1.36,2.18,50,0.392,0,0,0,4.11,0,0,0.062,22.45,49.61,-27.16,-24.41,12.16,instrumental,không rõ,0,0,0,0
SIM_00265,FAKE_CAR_0034,YARIS10_UK_MT,Toyota,Yaris hatchback 1.0 VVT-i,2008,1,6.4,5.4,65,85.2,85.3,79.6,0.4,2160,18,23,0,15,0,4.9,1.97,3.28,65,0.271,0,0,0,5.92,0,0,0.086,47.41,48.82,-1.41,2.54,12.8,instrumental,không rõ,0,0,0,0
SIM_00266,FAKE_CAR_0034,YARIS10_UK_MT,Toyota,Yaris hatchback 1.0 VVT-i,2008,1,6.4,5.4,65,85.2,85.3,79.8,0.4,925,0,23,0,5,18,3.3,1.97,3.28,10,0.512,0,0,0,3.43,0,0,0.086,25.13,52.73,-27.6,-26.14,12.14,nhạc trẻ,Lam Trường,0,0,0,0
SIM_00267,FAKE_CAR_0034,YARIS10_UK_MT,Toyota,Yaris hatchback 1.0 VVT-i,2008,1,6.4,5.4,65,85.2,85.3,80.8,0.4,2579,41,23,0,16,0,1,1.97,3.28,20,0.489,0,0,0,3.74,0,0,0.086,52.61,43.74,8.87,10.64,14.1,dân ca/pop,Phương Mỹ Chi,0,0,0,0
SIM_00268,FAKE_CAR_0034,YARIS10_UK_MT,Toyota,Yaris hatchback 1.0 VVT-i,2008,1,6.4,5.4,65,85.2,85.3,75,0.4,1611,21,23,0,14,0,1.4,1.97,3.28,50,0.684,0,0,0,5.73,0,0,0.086,40.02,44.13,-4.11,-0.35,12.69,instrumental,không rõ,0,0,1,0
SIM_00269,FAKE_CAR_0034,YARIS10_UK_MT,Toyota,Yaris hatchback 1.0 VVT-i,2008,1,6.4,5.4,65,85.2,85.3,76.4,0.4,968,0,23,0,5,0,3.1,1.97,3.28,80,0.738,0,0,0,8.8,0,0,0.086,26.22,39.9,-13.68,-6.85,12.47,bolero,Lệ Quyên,0,0,1,0
SIM_00270,FAKE_CAR_0034,YARIS10_UK_MT,Toyota,Yaris hatchback 1.0 VVT-i,2008,1,6.4,5.4,65,85.2,85.3,70,0.4,838,0,23,0,12,0,4.7,1.97,3.28,20,0.543,0,0,0,3.76,0,0,0.086,22.92,43.46,-20.54,-18.75,12.23,nhạc trẻ,Lam Trường,0,0,0,0
SIM_00271,FAKE_CAR_0034,YARIS10_UK_MT,Toyota,Yaris hatchback 1.0 VVT-i,2008,1,6.4,5.4,65,85.2,85.3,79.7,0.4,2971,25,23,10,5,0,2.6,1.97,3.28,35,0.303,0,0,0,4.26,0,0,0.086,52.61,44.86,7.75,10.04,14.03,dân ca/pop,Phương Mỹ Chi,0,0,0,0
SIM_00272,FAKE_CAR_0034,YARIS10_UK_MT,Toyota,Yaris hatchback 1.0 VVT-i,2008,1,6.4,5.4,65,85.2,85.3,69.5,0.4,2699,53,23,0,12,18,2.5,1.97,3.28,35,0.375,0,0,0,4.33,0,0,0.086,52.61,59.83,-7.22,-4.86,12.65,pop,Hòa Minzy,0,0,0,0
SIM_00273,FAKE_CAR_0035,AYGO10_UK_MT,Toyota,Aygo hatchback 1.0 VVT-i,2008,1,5.5,4.6,65,97.2,57.7,36.1,0.3,2791,58,15.2,0,5,0,6.5,2.14,2.63,20,0.77,0,0,0,3.2,0,0,0.779,60.02,29.9,30.12,31.18,13.66,rock,không rõ,0,0,0,0
SIM_00274,FAKE_CAR_0035,AYGO10_UK_MT,Toyota,Aygo hatchback 1.0 VVT-i,2008,1,5.5,4.6,65,97.2,57.7,29.9,0.3,2390,30,15.2,0,0,0,5.5,2.14,2.63,10,0.846,0,0,0,2.82,0,0,0.779,57.61,23.52,34.09,34.77,13.69,dân ca/pop,Phương Mỹ Chi,0,0,0,0
SIM_00275,FAKE_CAR_0035,AYGO10_UK_MT,Toyota,Aygo hatchback 1.0 VVT-i,2008,1,5.5,4.6,65,97.2,57.7,31.4,0.3,2750,33,15.2,0,5,0,8.1,2.14,2.63,20,0.254,0,0,0,3,0,0,0.779,60.02,31.3,28.72,29.58,13.7,rock,không rõ,0,0,0,0
SIM_00276,FAKE_CAR_0035,AYGO10_UK_MT,Toyota,Aygo hatchback 1.0 VVT-i,2008,1,5.5,4.6,65,97.2,57.7,27.4,0.3,1664,15,15.2,0,5,0,5.6,2.14,2.63,65,0.266,0,0,0,5.25,0,0,0.779,46.47,31.05,15.42,18.53,13.63,nhạc trẻ,Lam Trường,0,0,0,0
SIM_00277,FAKE_CAR_0035,AYGO10_UK_MT,Toyota,Aygo hatchback 1.0 VVT-i,2008,1,5.5,4.6,65,97.2,57.7,32.1,0.3,962,0,15.2,0,5,0,4.9,2.14,2.63,65,0.414,0,0,0,5.66,0,0,0.779,29.73,30.76,-1.03,2.49,12.41,nhạc trẻ,Lam Trường,0,0,0,0
SIM_00278,FAKE_CAR_0035,AYGO10_UK_MT,Toyota,Aygo hatchback 1.0 VVT-i,2008,1,5.5,4.6,65,97.2,57.7,27,0.3,2127,61,15.2,10,5,11,6.5,2.14,2.63,35,0.608,0,0,0,3.91,0,0,0.779,53.58,51.61,1.97,3.74,13.74,bolero,Lệ Quyên,0,0,0,0
SIM_00279,FAKE_CAR_0035,AYGO10_UK_MT,Toyota,Aygo hatchback 1.0 VVT-i,2008,1,5.5,4.6,65,97.2,57.7,27,0.3,883,0,15.2,12,14,13,5.1,2.14,2.63,20,0.641,0,0,0,3.15,0,0,0.779,27.45,62.45,-35,-33.99,11.56,instrumental,không rõ,0,0,0,0
SIM_00280,FAKE_CAR_0035,AYGO10_UK_MT,Toyota,Aygo hatchback 1.0 VVT-i,2008,1,5.5,4.6,65,97.2,57.7,24,0.3,868,0,15.2,0,0,0,8.3,2.14,2.63,10,0.839,0,0,0,2.82,0,0,0.779,27.02,26.32,0.7,1.38,13.74,instrumental,không rõ,0,0,0,0
SIM_00281,FAKE_CAR_0036,AURIS14_UK_MT,Toyota,Auris hatchback 1.4 VVT-i,2008,1.4,8.7,6.9,95,46.9,76.6,63.5,0.47,992,0,12.7,0,5,10,5,2.12,2.55,50,0.512,0,0,0,4.69,0,0,0.086,21.58,37.39,-15.81,-13.24,12.4,dân ca/pop,Phương Mỹ Chi,1,1,0,0
SIM_00282,FAKE_CAR_0036,AURIS14_UK_MT,Toyota,Auris hatchback 1.4 VVT-i,2008,1.4,8.7,6.9,95,46.9,76.6,58.3,0.47,818,0,12.7,0,0,0,5,2.12,2.55,65,0.431,0,0,0,5.63,0,0,0.086,18.04,23.33,-5.29,-1.78,12.69,nhạc trẻ,Lam Trường,1,1,1,0
SIM_00283,FAKE_CAR_0036,AURIS14_UK_MT,Toyota,Auris hatchback 1.4 VVT-i,2008,1.4,8.7,6.9,95,46.9,76.6,58.7,0.47,842,0,12.7,0,10,0,4.4,2.12,2.55,50,0.562,0,0,0,4.78,0,0,0.086,18.52,31.88,-13.36,-10.7,12.43,rock,không rõ,1,0,0,0
SIM_00284,FAKE_CAR_0036,AURIS14_UK_MT,Toyota,Auris hatchback 1.4 VVT-i,2008,1.4,8.7,6.9,95,46.9,76.6,65.1,0.47,2703,43,12.7,0,11,10,5,2.12,2.55,65,0.402,0,0,0,5.55,0,0,0.086,42.33,44.25,-1.92,1.51,12.68,instrumental,không rõ,1,0,0,0
SIM_00285,FAKE_CAR_0036,AURIS14_UK_MT,Toyota,Auris hatchback 1.4 VVT-i,2008,1.4,8.7,6.9,95,46.9,76.6,52.6,0.47,880,0,12.7,0,8,10,5.8,2.12,2.55,50,0.526,0,0,0,4.72,0,0,0.086,19.3,41.22,-21.92,-19.32,12.32,instrumental,không rõ,1,1,0,0
SIM_00286,FAKE_CAR_0036,AURIS14_UK_MT,Toyota,Auris hatchback 1.4 VVT-i,2008,1.4,8.7,6.9,95,46.9,76.6,54.2,0.47,2248,49,12.7,0,8,0,3.6,2.12,2.55,80,0.606,0,0,0,7.56,0,0,0.086,39.09,31.86,7.23,12.67,14.09,dân ca/pop,Phương Mỹ Chi,1,0,0,0
SIM_00287,FAKE_CAR_0036,AURIS14_UK_MT,Toyota,Auris hatchback 1.4 VVT-i,2008,1.4,8.7,6.9,95,46.9,76.6,63,0.47,2052,27,12.7,0,14,0,4.5,2.12,2.55,80,0.2,0,0,0,5.99,0,0,0.086,36.97,37.19,-0.22,3.65,12.86,rock,không rõ,1,0,0,0
SIM_00288,FAKE_CAR_0036,AURIS14_UK_MT,Toyota,Auris hatchback 1.4 VVT-i,2008,1.4,8.7,6.9,95,46.9,76.6,58.2,0.47,815,0,12.7,0,8,0,3.8,2.12,2.55,20,0.374,0,0,0,2.97,0,0,0.086,17.97,27.47,-9.5,-8.65,12.54,pop,Hòa Minzy,1,0,0,0
SIM_00289,FAKE_CAR_0037,AURIS16_UK_MT,Toyota,Auris hatchback 1.6 VVT-i,2008,1.6,9,7.1,105,94.1,75.1,59,0.83,771,0,16.7,8,8,0,4,1.39,3.01,35,0.558,1,12,3.4,4.24,0,0,0.054,37.87,44.34,-6.47,-0.22,12.7,bolero,Lệ Quyên,0,0,1,0
SIM_00290,FAKE_CAR_0037,AURIS16_UK_MT,Toyota,Auris hatchback 1.6 VVT-i,2008,1.6,9,7.1,105,94.1,75.1,69.8,0.83,933,0,16.7,0,5,0,2.6,1.39,3.01,80,0.427,1,12,7.72,7.33,0,0,0.054,45.19,39.35,5.84,19.5,14.14,nhạc trẻ,Lam Trường,0,0,0,0
SIM_00291,FAKE_CAR_0037,AURIS16_UK_MT,Toyota,Auris hatchback 1.6 VVT-i,2008,1.6,9,7.1,105,94.1,75.1,63.9,0.83,997,0,16.7,0,0,12,4.6,1.39,3.01,65,0.299,1,12,5.27,5.72,0,0,0.054,48.08,44.29,3.79,13.39,14.1,instrumental,không rõ,0,0,0,0
SIM_00292,FAKE_CAR_0037,AURIS16_UK_MT,Toyota,Auris hatchback 1.6 VVT-i,2008,1.6,9,7.1,105,94.1,75.1,69,0.83,2738,42,16.7,0,10,0,5,1.39,3.01,95,0.31,1,12,8.75,8.14,0,0,0.054,93.86,48.59,45.27,60.77,14.09,pop,Hòa Minzy,0,0,0,0
SIM_00293,FAKE_CAR_0037,AURIS16_UK_MT,Toyota,Auris hatchback 1.6 VVT-i,2008,1.6,9,7.1,105,94.1,75.1,61.5,0.83,921,0,16.7,13,5,14,3.4,1.39,3.01,65,0.772,1,12,7.68,7.03,0,0,0.054,44.65,66.81,-22.16,-8.84,12.27,bolero,Lệ Quyên,0,0,1,0
SIM_00294,FAKE_CAR_0037,AURIS16_UK_MT,Toyota,Auris hatchback 1.6 VVT-i,2008,1.6,9,7.1,105,94.1,75.1,68.6,0.83,806,0,16.7,0,13,13,2.2,1.39,3.01,35,0.42,1,12,3.03,4.11,0,0,0.054,39.45,52.04,-12.59,-6.84,12.48,instrumental,không rõ,0,0,1,0
SIM_00295,FAKE_CAR_0037,AURIS16_UK_MT,Toyota,Auris hatchback 1.6 VVT-i,2008,1.6,9,7.1,105,94.1,75.1,63.1,0.83,865,0,16.7,14,5,15,3.4,1.39,3.01,10,0.572,1,12,1.78,3.17,0,0,0.054,42.12,59.05,-16.93,-13.37,12.41,nhạc trẻ,Lam Trường,0,0,0,0
SIM_00296,FAKE_CAR_0037,AURIS16_UK_MT,Toyota,Auris hatchback 1.6 VVT-i,2008,1.6,9,7.1,105,94.1,75.1,68,0.83,2080,12,16.7,0,11,0,3.2,1.39,3.01,80,0.319,1,12,7,6.91,0,0,0.054,82.66,44.81,37.85,50.37,14.15,bolero,Lệ Quyên,0,0,0,0
SIM_00297,FAKE_CAR_0038,AVENSIS18_UK_MT,Toyota,Avensis sedan/hatch 1.8 VVT-i,2008,1.8,9.4,7.2,110,92.2,58.5,53,0.37,813,0,18.1,0,9,12,5.2,2.96,1.8,35,0.418,0,0,0,2.9,0,0,0.037,40.82,47.2,-6.38,-6.44,12.67,nhạc trẻ,Lam Trường,0,0,0,0
SIM_00298,FAKE_CAR_0038,AVENSIS18_UK_MT,Toyota,Avensis sedan/hatch 1.8 VVT-i,2008,1.8,9.4,7.2,110,92.2,58.5,64,0.37,2843,22,18.1,0,11,0,4.1,2.96,1.8,65,0.464,0,0,0,4.97,0,0,0.037,96.35,38.17,58.18,60.19,14.18,bolero,Lệ Quyên,0,0,0,0
SIM_00299,FAKE_CAR_0038,AVENSIS18_UK_MT,Toyota,Avensis sedan/hatch 1.8 VVT-i,2008,1.8,9.4,7.2,110,92.2,58.5,61.5,0.37,2440,52,18.1,0,5,0,4.5,2.96,1.8,65,0.261,0,0,0,4.41,0,0,0.037,93.71,32.01,61.7,63.15,14.08,bolero,Lệ Quyên,0,0,0,0
SIM_00300,FAKE_CAR_0038,AVENSIS18_UK_MT,Toyota,Avensis sedan/hatch 1.8 VVT-i,2008,1.8,9.4,7.2,110,92.2,58.5,63.1,0.37,727,0,18.1,0,13,0,5.8,2.96,1.8,65,0.205,0,0,0,4.26,0,0,0.037,36.84,41.16,-4.32,-3.02,12.65,nhạc trẻ,Lam Trường,0,0,0,0
SIM_00301,FAKE_CAR_0038,AVENSIS18_UK_MT,Toyota,Avensis sedan/hatch 1.8 VVT-i,2008,1.8,9.4,7.2,110,92.2,58.5,57.6,0.37,1636,65,18.1,12,0,0,4.4,2.96,1.8,95,0.804,0,0,0,9.47,0,0,0.037,73.91,43.97,29.94,36.45,14.13,nhạc trẻ,Lam Trường,0,0,0,0
SIM_00302,FAKE_CAR_0038,AVENSIS18_UK_MT,Toyota,Avensis sedan/hatch 1.8 VVT-i,2008,1.8,9.4,7.2,110,92.2,58.5,60.2,0.37,909,0,18.1,0,0,0,3.6,2.96,1.8,10,0.834,0,0,0,1.99,0,0,0.037,45.27,23.69,21.58,20.61,14.12,rock,không rõ,0,0,0,0
SIM_00303,FAKE_CAR_0038,AVENSIS18_UK_MT,Toyota,Avensis sedan/hatch 1.8 VVT-i,2008,1.8,9.4,7.2,110,92.2,58.5,60.6,0.37,2153,13,18.1,0,11,0,2.9,2.96,1.8,35,0.607,0,0,0,3.08,0,0,0.037,86.64,35.08,51.56,51.68,14.1,pop,Hòa Minzy,0,0,0,0
SIM_00304,FAKE_CAR_0038,AVENSIS18_UK_MT,Toyota,Avensis sedan/hatch 1.8 VVT-i,2008,1.8,9.4,7.2,110,92.2,58.5,63.4,0.37,899,0,18.1,0,0,15,4.5,2.96,1.8,65,0.583,0,0,0,5.3,0,0,0.037,44.81,42.9,1.91,4.25,14.16,nhạc trẻ,Lam Trường,0,0,0,0
SIM_00305,FAKE_CAR_0039,RAV4_20_UK_MT,Toyota,RAV4 2.0 VVT-i,2008,2,11,8.6,120,99.9,49.5,46.2,0.72,912,0,12.5,0,11,0,6.7,2.59,2.82,95,0.79,1,55,58.53,10,0,0,0.021,53.68,98.73,-45.05,20.89,11.67,rock,không rõ,0,0,1,0
SIM_00306,FAKE_CAR_0039,RAV4_20_UK_MT,Toyota,RAV4 2.0 VVT-i,2008,2,11,8.6,120,99.9,49.5,54.5,0.72,2152,23,12.5,0,8,0,5.6,2.59,2.82,10,0.533,1,55,7.93,2.97,0,0,0.021,102.38,37,65.38,73.69,14.15,rock,không rõ,0,0,0,0
SIM_00307,FAKE_CAR_0039,RAV4_20_UK_MT,Toyota,RAV4 2.0 VVT-i,2008,2,11,8.6,120,99.9,49.5,46.5,0.72,787,0,12.5,0,16,0,5.2,2.59,2.82,10,0.757,1,55,9.34,3,0,0,0.021,46.83,46.04,0.79,10.54,14.15,pop,Hòa Minzy,0,0,0,0
SIM_00308,FAKE_CAR_0039,RAV4_20_UK_MT,Toyota,RAV4 2.0 VVT-i,2008,2,11,8.6,120,99.9,49.5,53.2,0.72,779,0,12.5,0,0,17,3.6,2.59,2.82,65,0.552,1,55,30.05,6.23,0,0,0.021,46.39,69.38,-22.99,10.7,12.3,bolero,Lệ Quyên,0,0,1,0
SIM_00309,FAKE_CAR_0039,RAV4_20_UK_MT,Toyota,RAV4 2.0 VVT-i,2008,2,11,8.6,120,99.9,49.5,48.5,0.72,984,0,12.5,0,11,11,6.6,2.59,2.82,10,0.619,1,55,8.47,2.98,0,0,0.021,57.62,52.55,5.07,13.93,14.08,nhạc trẻ,Lam Trường,0,0,0,0
SIM_00310,FAKE_CAR_0039,RAV4_20_UK_MT,Toyota,RAV4 2.0 VVT-i,2008,2,11,8.6,120,99.9,49.5,48.4,0.72,2993,55,12.5,0,10,10,4.4,2.59,2.82,10,0.282,1,55,6.36,2.94,0,0,0.021,113.89,46.2,67.69,74.4,14.13,instrumental,không rõ,0,0,0,0
SIM_00311,FAKE_CAR_0039,RAV4_20_UK_MT,Toyota,RAV4 2.0 VVT-i,2008,2,11,8.6,120,99.9,49.5,55.6,0.72,2766,42,12.5,0,15,18,6,2.59,2.82,10,0.486,1,55,7.64,2.97,0,0,0.021,113.89,62.11,51.78,59.8,14.17,pop,Hòa Minzy,0,0,0,0
SIM_00312,FAKE_CAR_0039,RAV4_20_UK_MT,Toyota,RAV4 2.0 VVT-i,2008,2,11,8.6,120,99.9,49.5,46.1,0.72,978,0,12.5,0,0,0,5.2,2.59,2.82,35,0.528,1,55,15.2,4.02,0,0,0.021,57.3,36.92,20.38,37.01,14.16,pop,Hòa Minzy,0,0,0,0
SIM_00313,FAKE_CAR_0040,MAZDA2_13_UK_MT,Mazda,Mazda2 hatchback 1.3 MZR 86ps 5 cửa,2008,1.349,6.9,5.2,80,79.9,99.1,39.4,0.53,2894,45,17.4,14,0,0,6.3,1.59,2.36,95,0.779,0,0,0,9.91,0,0,0.093,60.72,47.61,13.11,21.43,14.15,dân ca/pop,Phương Mỹ Chi,0,0,0,0
SIM_00314,FAKE_CAR_0040,MAZDA2_13_UK_MT,Mazda,Mazda2 hatchback 1.3 MZR 86ps 5 cửa,2008,1.349,6.9,5.2,80,79.9,99.1,43.3,0.53,865,0,17.4,0,0,0,7.7,1.59,2.36,80,0.441,0,0,0,6.73,0,0,0.093,27.25,31.83,-4.58,0.56,12.72,bolero,Lệ Quyên,0,0,1,0
SIM_00315,FAKE_CAR_0040,MAZDA2_13_UK_MT,Mazda,Mazda2 hatchback 1.3 MZR 86ps 5 cửa,2008,1.349,6.9,5.2,80,79.9,99.1,35.5,0.53,729,0,17.4,0,14,0,5,1.59,2.36,50,0.452,0,0,0,4.39,0,0,0.093,23.27,40.79,-17.52,-14.72,12.34,dân ca/pop,Phương Mỹ Chi,0,0,0,0
SIM_00316,FAKE_CAR_0040,MAZDA2_13_UK_MT,Mazda,Mazda2 hatchback 1.3 MZR 86ps 5 cửa,2008,1.349,6.9,5.2,80,79.9,99.1,41.9,0.53,1870,20,17.4,8,11,0,5.5,1.59,2.36,20,0.556,0,0,0,2.85,0,0,0.093,50.21,44.75,5.46,6.72,14.11,pop,Hòa Minzy,0,0,0,0
SIM_00317,FAKE_CAR_0040,MAZDA2_13_UK_MT,Mazda,Mazda2 hatchback 1.3 MZR 86ps 5 cửa,2008,1.349,6.9,5.2,80,79.9,99.1,38.2,0.53,2260,61,17.4,0,9,14,4.3,1.59,2.36,65,0.619,0,0,0,5.95,0,0,0.093,56.27,50.65,5.62,9.98,14.07,rock,không rõ,0,0,0,0
SIM_00318,FAKE_CAR_0040,MAZDA2_13_UK_MT,Mazda,Mazda2 hatchback 1.3 MZR 86ps 5 cửa,2008,1.349,6.9,5.2,80,79.9,99.1,46.7,0.53,1944,55,17.4,0,10,0,6,1.59,2.36,50,0.853,0,0,0,5.11,0,0,0.093,51.36,38.51,12.85,16.37,14.07,nhạc trẻ,Lam Trường,0,0,0,0
SIM_00319,FAKE_CAR_0040,MAZDA2_13_UK_MT,Mazda,Mazda2 hatchback 1.3 MZR 86ps 5 cửa,2008,1.349,6.9,5.2,80,79.9,99.1,36.2,0.53,903,0,17.4,0,5,0,4.8,1.59,2.36,80,0.312,0,0,0,6.23,0,0,0.093,28.36,33.43,-5.07,-0.43,12.68,pop,Hòa Minzy,0,0,1,0
SIM_00320,FAKE_CAR_0040,MAZDA2_13_UK_MT,Mazda,Mazda2 hatchback 1.3 MZR 86ps 5 cửa,2008,1.349,6.9,5.2,80,79.9,99.1,42.4,0.53,766,0,17.4,0,5,0,7.3,1.59,2.36,95,0.62,0,0,0,9.09,0,0,0.093,24.36,38.79,-14.43,-6.93,12.41,nhạc trẻ,Lam Trường,0,0,1,0
SIM_00321,FAKE_CAR_0041,MAZDA2_15_UK_MT,Mazda,Mazda2 hatchback 1.5 MZR 103ps,2008,1.498,7.6,5.7,90,87.9,84.7,66.5,0.75,825,0,20.6,0,8,0,2.1,1.79,2.36,95,0.354,1,55,41.78,7.72,0,0,0.099,32.28,80.2,-47.92,-0.21,11.53,nhạc trẻ,Lam Trường,0,0,1,1
SIM_00322,FAKE_CAR_0041,MAZDA2_15_UK_MT,Mazda,Mazda2 hatchback 1.5 MZR 103ps,2008,1.498,7.6,5.7,90,87.9,84.7,59.2,0.75,944,0,20.6,14,0,0,3.7,1.79,2.36,65,0.812,1,55,36.12,6.49,0,0,0.099,36.58,80.91,-44.33,-3.51,11.63,bolero,Lệ Quyên,0,0,1,1
SIM_00323,FAKE_CAR_0041,MAZDA2_15_UK_MT,Mazda,Mazda2 hatchback 1.5 MZR 103ps,2008,1.498,7.6,5.7,90,87.9,84.7,57.4,0.75,911,0,20.6,0,14,10,3.1,1.79,2.36,65,0.357,1,55,25.49,5.23,0,0,0.099,35.39,78.42,-43.03,-14.1,11.69,nhạc trẻ,Lam Trường,0,0,1,1
SIM_00324,FAKE_CAR_0041,MAZDA2_15_UK_MT,Mazda,Mazda2 hatchback 1.5 MZR 103ps,2008,1.498,7.6,5.7,90,87.9,84.7,65.3,0.75,787,0,20.6,0,13,0,5.1,1.79,2.36,65,0.716,1,55,33.88,6.22,0,0,0.099,30.9,78.8,-47.9,-9.59,11.55,instrumental,không rõ,0,0,1,1
SIM_00325,FAKE_CAR_0041,MAZDA2_15_UK_MT,Mazda,Mazda2 hatchback 1.5 MZR 103ps,2008,1.498,7.6,5.7,90,87.9,84.7,66.2,0.75,1735,59,20.6,0,12,0,4.4,1.79,2.36,50,0.286,1,55,17.53,4.1,0,0,0.099,59.55,58.63,0.92,20.76,14.11,instrumental,không rõ,0,0,0,0
SIM_00326,FAKE_CAR_0041,MAZDA2_15_UK_MT,Mazda,Mazda2 hatchback 1.5 MZR 103ps,2008,1.498,7.6,5.7,90,87.9,84.7,57.9,0.75,892,0,20.6,0,13,0,4.9,1.79,2.36,35,0.311,1,55,12.59,3.35,0,0,0.099,34.7,54.44,-19.74,-5.59,12.34,bolero,Lệ Quyên,0,0,1,1
SIM_00327,FAKE_CAR_0041,MAZDA2_15_UK_MT,Mazda,Mazda2 hatchback 1.5 MZR 103ps,2008,1.498,7.6,5.7,90,87.9,84.7,66.4,0.75,858,0,20.6,11,0,0,2.8,1.79,2.36,10,0.581,1,55,8.23,2.52,0,0,0.099,33.47,45.15,-11.68,-2.72,12.47,pop,Hòa Minzy,0,0,1,1
SIM_00328,FAKE_CAR_0041,MAZDA2_15_UK_MT,Mazda,Mazda2 hatchback 1.5 MZR 103ps,2008,1.498,7.6,5.7,90,87.9,84.7,62.5,0.75,743,0,20.6,0,10,0,5.5,1.79,2.36,95,0.53,1,55,48.54,8.62,0,0,0.099,29.31,93.26,-63.95,-8.58,11.26,nhạc trẻ,Lam Trường,0,0,1,1
SIM_00329,FAKE_CAR_0042,HONDA_FIT15_CA_MT,Honda,Fit hatchback 1.5 DX,2008,1.5,7.1,6.5,80,96,92.1,66.7,0.7,898,0,13.5,0,11,0,2.4,2.7,2.82,80,0.557,1,90,64.35,7.64,0,0,0.791,33.9,98.89,-64.99,4.3,10.9,instrumental,không rõ,0,0,1,0
SIM_00330,FAKE_CAR_0042,HONDA_FIT15_CA_MT,Honda,Fit hatchback 1.5 DX,2008,1.5,7.1,6.5,80,96,92.1,71,0.7,977,0,13.5,0,0,0,2.6,2.7,2.82,80,0.376,1,90,55.32,6.94,0,0,0.791,36.67,78.36,-41.69,17.87,11.37,nhạc trẻ,Lam Trường,0,0,1,0
SIM_00331,FAKE_CAR_0042,HONDA_FIT15_CA_MT,Honda,Fit hatchback 1.5 DX,2008,1.5,7.1,6.5,80,96,92.1,65.7,0.7,855,0,13.5,0,0,12,3.7,2.7,2.82,50,0.279,1,90,28.49,4.54,0,0,0.791,32.39,62.23,-29.84,0.49,11.61,bolero,Lệ Quyên,0,0,1,0
SIM_00332,FAKE_CAR_0042,HONDA_FIT15_CA_MT,Honda,Fit hatchback 1.5 DX,2008,1.5,7.1,6.5,80,96,92.1,68.2,0.7,992,0,13.5,0,5,0,4,2.7,2.82,10,0.225,1,90,9.82,2.93,0,0,0.791,37.2,35.25,1.95,12,13.69,bolero,Lệ Quyên,0,0,0,0
SIM_00333,FAKE_CAR_0042,HONDA_FIT15_CA_MT,Honda,Fit hatchback 1.5 DX,2008,1.5,7.1,6.5,80,96,92.1,68.8,0.7,2040,35,13.5,0,5,0,5.2,2.7,2.82,35,0.552,1,90,25.35,4.05,0,0,0.791,63.5,53.1,10.4,37.1,13.64,rock,không rõ,0,0,0,0
SIM_00334,FAKE_CAR_0042,HONDA_FIT15_CA_MT,Honda,Fit hatchback 1.5 DX,2008,1.5,7.1,6.5,80,96,92.1,65.4,0.7,812,0,13.5,0,0,0,3.3,2.7,2.82,80,0.253,1,90,49.19,6.46,0,0,0.791,30.88,72.45,-41.57,11.38,11.31,nhạc trẻ,Lam Trường,0,0,1,0
SIM_00335,FAKE_CAR_0042,HONDA_FIT15_CA_MT,Honda,Fit hatchback 1.5 DX,2008,1.5,7.1,6.5,80,96,92.1,71.7,0.7,744,0,13.5,0,9,0,1.7,2.7,2.82,50,0.763,1,90,42.12,5.41,0,0,0.791,28.49,71.73,-43.24,1.59,11.29,dân ca/pop,Phương Mỹ Chi,0,1,1,0
SIM_00336,FAKE_CAR_0042,HONDA_FIT15_CA_MT,Honda,Fit hatchback 1.5 DX,2008,1.5,7.1,6.5,80,96,92.1,68.1,0.7,991,0,13.5,0,12,0,4,2.7,2.82,10,0.347,1,90,11.07,2.95,0,0,0.791,37.16,43.52,-6.36,4.96,12.17,instrumental,không rõ,0,0,1,0
SIM_00337,FAKE_CAR_0043,YARIS13_UK_MT,Toyota,Yaris hatchback 1.3 VVT-i,2008,1.3,7.2,6,80,63.4,48.5,75,0.71,837,0,12.5,0,12,0,4.3,1.94,2.86,50,0.359,1,55,18.79,4.73,0,0,0.097,20.97,52.32,-31.35,-9.77,12.05,instrumental,không rõ,0,0,1,0
SIM_00338,FAKE_CAR_0043,YARIS13_UK_MT,Toyota,Yaris hatchback 1.3 VVT-i,2008,1.3,7.2,6,80,63.4,48.5,67.9,0.71,951,0,12.5,13,14,0,2.7,1.94,2.86,50,0.601,1,55,22.95,5.16,0,0,0.097,23.62,70.31,-46.69,-20.52,11.66,dân ca/pop,Phương Mỹ Chi,0,0,1,0
SIM_00339,FAKE_CAR_0043,YARIS13_UK_MT,Toyota,Yaris hatchback 1.3 VVT-i,2008,1.3,7.2,6,80,63.4,48.5,62,0.71,989,0,12.5,0,5,0,3.4,1.94,2.86,65,0.756,1,55,34.82,6.83,0,0,0.097,24.5,62.55,-38.05,1.66,11.8,nhạc trẻ,Lam Trường,0,0,1,0
SIM_00340,FAKE_CAR_0043,YARIS13_UK_MT,Toyota,Yaris hatchback 1.3 VVT-i,2008,1.3,7.2,6,80,63.4,48.5,65.1,0.71,1673,49,12.5,0,5,0,3,1.94,2.86,20,0.602,1,55,10.81,3.37,0,0,0.097,37.42,34.68,2.74,14.98,14.06,pop,Hòa Minzy,0,0,0,0
SIM_00341,FAKE_CAR_0043,YARIS13_UK_MT,Toyota,Yaris hatchback 1.3 VVT-i,2008,1.3,7.2,6,80,63.4,48.5,64.9,0.71,922,0,12.5,0,0,0,2,1.94,2.86,50,0.761,1,55,25.7,5.44,0,0,0.097,22.94,45.64,-22.7,6.5,12.23,dân ca/pop,Phương Mỹ Chi,0,0,1,0
SIM_00342,FAKE_CAR_0043,YARIS13_UK_MT,Toyota,Yaris hatchback 1.3 VVT-i,2008,1.3,7.2,6,80,63.4,48.5,72.1,0.71,795,0,12.5,10,16,0,1.6,1.94,2.86,80,0.55,1,55,39.11,7.66,0,0,0.097,20,86.87,-66.87,-22.04,11.21,instrumental,không rõ,0,0,1,0
SIM_00343,FAKE_CAR_0043,YARIS13_UK_MT,Toyota,Yaris hatchback 1.3 VVT-i,2008,1.3,7.2,6,80,63.4,48.5,66,0.71,939,0,12.5,12,16,0,5,1.94,2.86,10,0.521,1,55,7.86,3.01,0,0,0.097,23.34,56.37,-33.03,-24.1,12,dân ca/pop,Phương Mỹ Chi,0,0,1,0
SIM_00344,FAKE_CAR_0043,YARIS13_UK_MT,Toyota,Yaris hatchback 1.3 VVT-i,2008,1.3,7.2,6,80,63.4,48.5,62.9,0.71,2365,50,12.5,0,5,0,2.1,1.94,2.86,95,0.315,1,55,40.28,8.02,0,0,0.097,45.94,67.9,-21.96,24.4,12.3,pop,Hòa Minzy,0,0,1,0
SIM_00345,FAKE_CAR_0044,YARIS13_UK_MM,Toyota,Yaris hatchback 1.3 VVT-i,2008,1.3,6.7,5.8,80,88.6,60,70.7,0.74,804,0,14.2,0,5,0,4.3,1.69,3.22,50,0.719,0,0,0,5.73,0,0,0.114,28.24,29.23,-0.99,3.05,12.72,dân ca/pop,Phương Mỹ Chi,1,1,0,0
SIM_00346,FAKE_CAR_0044,YARIS13_UK_MM,Toyota,Yaris hatchback 1.3 VVT-i,2008,1.3,6.7,5.8,80,88.6,60,73.3,0.74,977,0,14.2,0,0,16,3.3,1.69,3.22,35,0.296,0,0,0,4.19,0,0,0.114,33.84,37.69,-3.85,-1.35,12.65,rock,không rõ,1,0,1,0
SIM_00347,FAKE_CAR_0044,YARIS13_UK_MM,Toyota,Yaris hatchback 1.3 VVT-i,2008,1.3,6.7,5.8,80,88.6,60,70.1,0.74,1682,12,14.2,0,5,0,3.1,1.69,3.22,10,0.767,0,0,0,3.4,0,0,0.114,52.45,25.7,26.75,28.46,14.09,rock,không rõ,1,1,0,0
SIM_00348,FAKE_CAR_0044,YARIS13_UK_MM,Toyota,Yaris hatchback 1.3 VVT-i,2008,1.3,6.7,5.8,80,88.6,60,66.5,0.74,807,0,14.2,0,10,0,4,1.69,3.22,80,0.203,0,0,0,6.67,0,0,0.114,28.34,34.87,-6.53,-1.55,12.65,rock,không rõ,1,0,1,0
SIM_00349,FAKE_CAR_0044,YARIS13_UK_MM,Toyota,Yaris hatchback 1.3 VVT-i,2008,1.3,6.7,5.8,80,88.6,60,67.7,0.74,753,0,14.2,0,8,10,3,1.69,3.22,35,0.555,0,0,0,4.45,0,0,0.114,26.59,39.65,-13.06,-10.3,12.51,nhạc trẻ,Lam Trường,1,1,0,0
SIM_00350,FAKE_CAR_0044,YARIS13_UK_MM,Toyota,Yaris hatchback 1.3 VVT-i,2008,1.3,6.7,5.8,80,88.6,60,66.6,0.74,1694,40,14.2,0,12,0,1.9,1.69,3.22,50,0.75,0,0,0,5.79,0,0,0.114,52.65,33.89,18.76,22.86,14.12,dân ca/pop,Phương Mỹ Chi,1,1,0,0
SIM_00351,FAKE_CAR_0044,YARIS13_UK_MM,Toyota,Yaris hatchback 1.3 VVT-i,2008,1.3,6.7,5.8,80,88.6,60,66.4,0.74,771,0,14.2,0,13,10,1.9,1.69,3.22,10,0.274,0,0,0,3.34,0,0,0.114,27.17,42.44,-15.27,-13.62,12.39,dân ca/pop,Phương Mỹ Chi,1,0,0,0
SIM_00352,FAKE_CAR_0044,YARIS13_UK_MM,Toyota,Yaris hatchback 1.3 VVT-i,2008,1.3,6.7,5.8,80,88.6,60,67.7,0.74,2627,31,14.2,0,10,0,5.4,1.69,3.22,95,0.269,0,0,0,8.14,0,0,0.114,67.34,37.74,29.6,36.05,14.06,rock,không rõ,1,0,0,0
SIM_00353,FAKE_CAR_0045,YARIS13_NCP_2NZ,Toyota,Yaris 1.3 NCP9# / 2NZ-FE,2008,1.3,,,90,95.4,88.7,37.7,0.55,762,0,21.2,0,0,18,8.2,2.89,2.7,50,0.463,0,0,0,4.75,1,4.55,0.03,32.56,56.7,-24.14,-17.73,12.23,instrumental,không rõ,0,0,1,0
SIM_00354,FAKE_CAR_0045,YARIS13_NCP_2NZ,Toyota,Yaris 1.3 NCP9# / 2NZ-FE,2008,1.3,,,90,95.4,88.7,40.8,0.55,1797,40,21.2,0,16,0,5.4,2.89,2.7,35,0.821,0,0,0,4.19,1,4.55,0.03,65.93,51.34,14.59,20.44,14.15,pop,Hòa Minzy,0,0,0,0
SIM_00355,FAKE_CAR_0045,YARIS13_NCP_2NZ,Toyota,Yaris 1.3 NCP9# / 2NZ-FE,2008,1.3,,,90,95.4,88.7,34.8,0.55,851,0,21.2,11,5,0,7.5,2.89,2.7,20,0.296,0,0,0,3.09,1,4.55,0.03,36.05,52.34,-16.29,-11.54,12.38,instrumental,không rõ,0,0,0,0
SIM_00356,FAKE_CAR_0045,YARIS13_NCP_2NZ,Toyota,Yaris 1.3 NCP9# / 2NZ-FE,2008,1.3,,,90,95.4,88.7,34.7,0.55,2155,52,21.2,0,11,12,6.9,2.89,2.7,20,0.288,0,0,0,3.08,1,4.55,0.03,73.39,58.73,14.66,19.4,14.09,nhạc trẻ,Lam Trường,0,0,0,0
SIM_00357,FAKE_CAR_0045,YARIS13_NCP_2NZ,Toyota,Yaris 1.3 NCP9# / 2NZ-FE,2008,1.3,,,90,95.4,88.7,39.8,0.55,772,0,21.2,0,0,0,7.4,2.89,2.7,50,0.29,0,0,0,4.44,1,4.55,0.03,32.95,37.59,-4.64,1.46,12.69,pop,Hòa Minzy,0,0,1,0
SIM_00358,FAKE_CAR_0045,YARIS13_NCP_2NZ,Toyota,Yaris 1.3 NCP9# / 2NZ-FE,2008,1.3,,,90,95.4,88.7,29.6,0.55,1770,39,21.2,0,16,0,4.7,2.89,2.7,80,0.348,0,0,0,6.71,1,4.55,0.03,65.36,53.16,12.2,20.57,14.14,bolero,Lệ Quyên,0,0,0,0
SIM_00359,FAKE_CAR_0045,YARIS13_NCP_2NZ,Toyota,Yaris 1.3 NCP9# / 2NZ-FE,2008,1.3,,,90,95.4,88.7,29.3,0.55,875,0,21.2,0,0,12,5.7,2.89,2.7,50,0.495,0,0,0,4.81,1,4.55,0.03,36.99,48.26,-11.27,-4.8,12.56,bolero,Lệ Quyên,0,0,1,0
SIM_00360,FAKE_CAR_0045,YARIS13_NCP_2NZ,Toyota,Yaris 1.3 NCP9# / 2NZ-FE,2008,1.3,,,90,95.4,88.7,29.7,0.55,774,0,21.2,0,14,12,8.1,2.89,2.7,50,0.867,0,0,0,5.47,1,4.55,0.03,33.03,65.32,-32.29,-25.16,12.08,bolero,Lệ Quyên,0,0,1,0
SIM_00361,FAKE_CAR_0046,YARIS15_CA_MT,Toyota,Yaris hatchback 1.5,2008,1.5,7,6.3,80,85.5,51.3,36.9,0.68,929,0,20.3,0,11,0,5.4,2.74,2.08,10,0.863,0,0,0,2.27,1,12.43,0.047,31.16,51.4,-20.24,-8.28,12.25,pop,Hòa Minzy,0,0,1,0
SIM_00362,FAKE_CAR_0046,YARIS15_CA_MT,Toyota,Yaris hatchback 1.5,2008,1.5,7,6.3,80,85.5,51.3,33,0.68,2893,35,20.3,0,12,9,6.7,2.74,2.08,35,0.496,0,0,0,3.25,1,12.43,0.047,64.98,63.68,1.3,14.24,14.17,pop,Hòa Minzy,0,0,0,0
SIM_00363,FAKE_CAR_0046,YARIS15_CA_MT,Toyota,Yaris hatchback 1.5,2008,1.5,7,6.3,80,85.5,51.3,34.4,0.68,880,0,20.3,0,16,0,5.8,2.74,2.08,65,0.484,0,0,0,5.3,1,12.43,0.047,29.63,59.83,-30.2,-15.21,12.12,bolero,Lệ Quyên,0,0,1,0
SIM_00364,FAKE_CAR_0046,YARIS15_CA_MT,Toyota,Yaris hatchback 1.5,2008,1.5,7,6.3,80,85.5,51.3,23.1,0.68,774,0,20.3,0,5,0,7.4,2.74,2.08,20,0.805,0,0,0,2.67,1,12.43,0.047,26.31,47.8,-21.49,-9.13,12.29,rock,không rõ,0,0,1,0
SIM_00365,FAKE_CAR_0046,YARIS15_CA_MT,Toyota,Yaris hatchback 1.5,2008,1.5,7,6.3,80,85.5,51.3,34,0.68,879,0,20.3,0,14,10,6,2.74,2.08,35,0.637,0,0,0,3.39,1,12.43,0.047,29.6,66.12,-36.52,-23.44,11.89,bolero,Lệ Quyên,0,0,1,0
SIM_00366,FAKE_CAR_0046,YARIS15_CA_MT,Toyota,Yaris hatchback 1.5,2008,1.5,7,6.3,80,85.5,51.3,29,0.68,959,0,20.3,0,0,12,7.8,2.74,2.08,20,0.783,0,0,0,2.66,1,12.43,0.047,32.1,55.19,-23.09,-10.74,12.22,pop,Hòa Minzy,0,0,1,0
SIM_00367,FAKE_CAR_0046,YARIS15_CA_MT,Toyota,Yaris hatchback 1.5,2008,1.5,7,6.3,80,85.5,51.3,33.8,0.68,873,0,20.3,0,9,0,7.9,2.74,2.08,95,0.467,0,0,0,8.02,1,12.43,0.047,29.41,57.65,-28.24,-10.53,12.15,nhạc trẻ,Lam Trường,0,0,1,0
SIM_00368,FAKE_CAR_0046,YARIS15_CA_MT,Toyota,Yaris hatchback 1.5,2008,1.5,7,6.3,80,85.5,51.3,34.3,0.68,871,0,20.3,0,5,13,7.8,2.74,2.08,95,0.317,0,0,0,7.25,1,12.43,0.047,29.35,65.78,-36.43,-19.49,11.96,bolero,Lệ Quyên,0,0,1,0
SIM_00369,FAKE_CAR_0047,YARIS15_CA_AT,Toyota,Yaris hatchback 1.5,2008,1.5,7,6.4,75,93.4,86.1,55.5,0.81,2424,20,12.4,0,11,0,6.5,2.83,1.87,50,0.472,0,0,0,3.94,0,0,0.085,64.45,33.84,30.61,31.72,14.14,bolero,Lệ Quyên,0,0,0,0
SIM_00370,FAKE_CAR_0047,YARIS15_CA_AT,Toyota,Yaris hatchback 1.5,2008,1.5,7,6.4,75,93.4,86.1,45.5,0.81,1714,28,12.4,0,0,0,5.9,2.83,1.87,80,0.386,0,0,0,6.03,0,0,0.085,52.38,24.33,28.05,31.25,14.14,rock,không rõ,0,0,0,0
SIM_00371,FAKE_CAR_0047,YARIS15_CA_AT,Toyota,Yaris hatchback 1.5,2008,1.5,7,6.4,75,93.4,86.1,54.4,0.81,924,0,12.4,0,15,10,4,2.83,1.87,20,0.358,0,0,0,2.28,0,0,0.085,31.75,43.68,-11.93,-12.48,12.45,pop,Hòa Minzy,0,0,0,0
SIM_00372,FAKE_CAR_0047,YARIS15_CA_AT,Toyota,Yaris hatchback 1.5,2008,1.5,7,6.4,75,93.4,86.1,53.4,0.81,2341,26,12.4,0,14,0,4.7,2.83,1.87,35,0.255,0,0,0,2.8,0,0,0.085,63.04,33.9,29.14,29.11,14.16,instrumental,không rõ,0,0,0,0
SIM_00373,FAKE_CAR_0047,YARIS15_CA_AT,Toyota,Yaris hatchback 1.5,2008,1.5,7,6.4,75,93.4,86.1,53.4,0.81,725,0,12.4,0,10,15,4,2.83,1.87,10,0.686,0,0,0,2.04,0,0,0.085,25.38,43.44,-18.06,-18.85,12.4,rock,không rõ,0,0,0,0
SIM_00374,FAKE_CAR_0047,YARIS15_CA_AT,Toyota,Yaris hatchback 1.5,2008,1.5,7,6.4,75,93.4,86.1,52.3,0.81,797,0,12.4,0,5,0,6.3,2.83,1.87,80,0.515,0,0,0,6.53,0,0,0.085,27.68,30.23,-2.55,1.15,12.69,nhạc trẻ,Lam Trường,0,0,0,0
SIM_00375,FAKE_CAR_0047,YARIS15_CA_AT,Toyota,Yaris hatchback 1.5,2008,1.5,7,6.4,75,93.4,86.1,49.5,0.81,824,0,12.4,0,0,0,6.7,2.83,1.87,80,0.265,0,0,0,5.56,0,0,0.085,28.55,24.66,3.89,6.62,14.05,instrumental,không rõ,0,0,0,0
SIM_00376,FAKE_CAR_0047,YARIS15_CA_AT,Toyota,Yaris hatchback 1.5,2008,1.5,7,6.4,75,93.4,86.1,57.2,0.81,762,0,12.4,11,0,0,4.2,2.83,1.87,10,0.436,0,0,0,2.01,0,0,0.085,26.56,29.61,-3.05,-3.87,12.68,rock,không rõ,0,0,0,0
SIM_00377,FAKE_CAR_0048,YARIS10_UK_MT,Toyota,Yaris hatchback 1.0 VVT-i,2008,1,6.4,5.4,70,96.9,99.3,49,0.25,1802,18,15.4,0,11,0,6.9,2.45,2.75,50,0.385,0,0,0,4.66,0,0,0.087,52.17,37.96,14.21,16.42,14.03,bolero,Lệ Quyên,0,0,0,0
SIM_00378,FAKE_CAR_0048,YARIS10_UK_MT,Toyota,Yaris hatchback 1.0 VVT-i,2008,1,6.4,5.4,70,96.9,99.3,48.2,0.25,2006,26,15.4,0,5,0,6,2.45,2.75,50,0.311,0,0,0,4.53,0,0,0.087,55.53,30.93,24.6,26.68,14.06,bolero,Lệ Quyên,0,0,0,0
SIM_00379,FAKE_CAR_0048,YARIS10_UK_MT,Toyota,Yaris hatchback 1.0 VVT-i,2008,1,6.4,5.4,70,96.9,99.3,42.2,0.25,1879,19,15.4,0,0,0,5.1,2.45,2.75,10,0.456,0,0,0,2.89,0,0,0.087,53.43,23.39,30.04,30.48,14.06,nhạc trẻ,Lam Trường,0,0,0,0
SIM_00380,FAKE_CAR_0048,YARIS10_UK_MT,Toyota,Yaris hatchback 1.0 VVT-i,2008,1,6.4,5.4,70,96.9,99.3,50.8,0.25,2842,65,15.4,11,15,0,6.2,2.45,2.75,20,0.851,0,0,0,3.36,0,0,0.087,64.44,50.96,13.48,14.39,14.05,rock,không rõ,0,0,0,0
SIM_00381,FAKE_CAR_0048,YARIS10_UK_MT,Toyota,Yaris hatchback 1.0 VVT-i,2008,1,6.4,5.4,70,96.9,99.3,44,0.25,2991,63,15.4,0,5,0,5.8,2.45,2.75,95,0.328,0,0,0,7.98,0,0,0.087,64.44,34.18,30.26,35.79,14.07,nhạc trẻ,Lam Trường,0,0,0,0
SIM_00382,FAKE_CAR_0048,YARIS10_UK_MT,Toyota,Yaris hatchback 1.0 VVT-i,2008,1,6.4,5.4,70,96.9,99.3,41.2,0.25,850,0,15.4,0,5,0,6.1,2.45,2.75,20,0.585,0,0,0,3.25,0,0,0.087,28.45,29.75,-1.3,-0.5,12.73,bolero,Lệ Quyên,0,0,0,0
SIM_00383,FAKE_CAR_0048,YARIS10_UK_MT,Toyota,Yaris hatchback 1.0 VVT-i,2008,1,6.4,5.4,70,96.9,99.3,46.3,0.25,985,0,15.4,13,5,0,7.1,2.45,2.75,35,0.567,0,0,0,3.99,0,0,0.087,32.64,44.49,-11.85,-10.31,12.57,pop,Hòa Minzy,0,0,0,0
SIM_00384,FAKE_CAR_0048,YARIS10_UK_MT,Toyota,Yaris hatchback 1.0 VVT-i,2008,1,6.4,5.4,70,96.9,99.3,48.9,0.25,2833,15,15.4,9,10,0,5.8,2.45,2.75,95,0.801,0,0,0,10,0,0,0.087,64.44,50.2,14.24,21.79,14.05,dân ca/pop,Phương Mỹ Chi,0,0,0,0
SIM_00385,FAKE_CAR_0049,AYGO10_UK_MT,Toyota,Aygo hatchback 1.0 VVT-i,2008,1,5.5,4.6,70,97.7,95.5,71.3,0.67,2149,65,20.9,12,10,0,4.9,2,2.05,95,0.704,1,90,90.37,9.21,0,0,0.009,58.36,147.38,-89.02,8.56,11.26,nhạc trẻ,Lam Trường,0,1,1,1
SIM_00386,FAKE_CAR_0049,AYGO10_UK_MT,Toyota,Aygo hatchback 1.0 VVT-i,2008,1,5.5,4.6,70,97.7,95.5,66.9,0.67,2372,58,20.9,0,0,0,1.6,2,2.05,35,0.755,1,90,29.35,3.48,0,0,0.009,62.06,55.33,6.73,37.56,14.15,bolero,Lệ Quyên,0,0,0,1
SIM_00387,FAKE_CAR_0049,AYGO10_UK_MT,Toyota,Aygo hatchback 1.0 VVT-i,2008,1,5.5,4.6,70,97.7,95.5,66.7,0.67,2244,62,20.9,0,15,16,1.8,2,2.05,65,0.469,1,90,45.99,5.23,0,0,0.009,59.94,104.92,-44.98,4.24,11.68,bolero,Lệ Quyên,0,0,1,1
SIM_00388,FAKE_CAR_0049,AYGO10_UK_MT,Toyota,Aygo hatchback 1.0 VVT-i,2008,1,5.5,4.6,70,97.7,95.5,66.8,0.67,2219,27,20.9,0,5,10,2,2,2.05,35,0.822,1,90,30.68,3.55,0,0,0.009,59.52,72.13,-12.61,19.62,12.59,instrumental,không rõ,0,0,1,1
SIM_00389,FAKE_CAR_0049,AYGO10_UK_MT,Toyota,Aygo hatchback 1.0 VVT-i,2008,1,5.5,4.6,70,97.7,95.5,73.7,0.67,863,0,20.9,11,8,0,1.5,2,2.05,80,0.38,1,90,55.52,6.19,0,0,0.009,29.09,103.11,-74.02,-14.31,11.21,pop,Hòa Minzy,0,0,1,1
SIM_00390,FAKE_CAR_0049,AYGO10_UK_MT,Toyota,Aygo hatchback 1.0 VVT-i,2008,1,5.5,4.6,70,97.7,95.5,71.9,0.67,807,0,20.9,0,0,0,1.9,2,2.05,65,0.783,1,90,58,6.1,0,0,0.009,27.34,86.9,-59.56,2.54,11.38,dân ca/pop,Phương Mỹ Chi,0,1,1,1
SIM_00391,FAKE_CAR_0049,AYGO10_UK_MT,Toyota,Aygo hatchback 1.0 VVT-i,2008,1,5.5,4.6,70,97.7,95.5,65.4,0.67,967,0,20.9,0,16,0,2.2,2,2.05,95,0.438,1,90,73.65,7.84,0,0,0.009,32.34,120.59,-88.25,-8.76,11.2,nhạc trẻ,Lam Trường,0,1,1,1
SIM_00392,FAKE_CAR_0049,AYGO10_UK_MT,Toyota,Aygo hatchback 1.0 VVT-i,2008,1,5.5,4.6,70,97.7,95.5,68.1,0.67,789,0,20.9,0,0,0,2.7,2,2.05,35,0.372,1,90,21.8,3.1,0,0,0.009,26.78,48.5,-21.72,1.18,12.32,pop,Hòa Minzy,0,0,1,1
SIM_00393,FAKE_CAR_0050,AURIS14_UK_MT,Toyota,Auris hatchback 1.4 VVT-i,2008,1.4,8.7,6.9,85,97.3,93.1,45.7,0.7,905,0,20.1,14,12,12,4.8,1.84,1.86,35,0.639,0,0,0,3.17,0,0,0.036,36.77,66.07,-29.3,-27.97,12.14,dân ca/pop,Phương Mỹ Chi,0,0,0,0
SIM_00394,FAKE_CAR_0050,AURIS14_UK_MT,Toyota,Auris hatchback 1.4 VVT-i,2008,1.4,8.7,6.9,85,97.3,93.1,37.4,0.7,2062,15,20.1,0,5,0,5.7,1.84,1.86,95,0.693,0,0,0,8.96,0,0,0.036,68.83,39.76,29.07,36.19,14.11,pop,Hòa Minzy,0,0,0,0
SIM_00395,FAKE_CAR_0050,AURIS14_UK_MT,Toyota,Auris hatchback 1.4 VVT-i,2008,1.4,8.7,6.9,85,97.3,93.1,46.1,0.7,889,0,20.1,0,16,9,6.8,1.84,1.86,20,0.771,0,0,0,2.43,0,0,0.036,36.16,54.33,-18.17,-17.58,12.39,dân ca/pop,Phương Mỹ Chi,0,0,0,0
SIM_00396,FAKE_CAR_0050,AURIS14_UK_MT,Toyota,Auris hatchback 1.4 VVT-i,2008,1.4,8.7,6.9,85,97.3,93.1,45,0.7,773,0,20.1,14,0,10,3.7,1.84,1.86,95,0.655,0,0,0,8.77,0,0,0.036,31.78,56.57,-24.79,-17.86,12.24,nhạc trẻ,Lam Trường,0,0,1,0
SIM_00397,FAKE_CAR_0050,AURIS14_UK_MT,Toyota,Auris hatchback 1.4 VVT-i,2008,1.4,8.7,6.9,85,97.3,93.1,43.7,0.7,1812,37,20.1,0,0,0,5.3,1.84,1.86,50,0.766,0,0,0,4.45,0,0,0.036,63.81,29.85,33.96,36.57,14.14,nhạc trẻ,Lam Trường,0,0,0,0
SIM_00398,FAKE_CAR_0050,AURIS14_UK_MT,Toyota,Auris hatchback 1.4 VVT-i,2008,1.4,8.7,6.9,85,97.3,93.1,47.7,0.7,726,0,20.1,13,5,0,5.3,1.84,1.86,35,0.24,0,0,0,2.78,0,0,0.036,30,46.18,-16.18,-15.24,12.42,pop,Hòa Minzy,0,0,0,0
SIM_00399,FAKE_CAR_0050,AURIS14_UK_MT,Toyota,Auris hatchback 1.4 VVT-i,2008,1.4,8.7,6.9,85,97.3,93.1,43.4,0.7,960,0,20.1,0,15,0,5.8,1.84,1.86,35,0.363,0,0,0,2.9,0,0,0.036,38.85,43.8,-4.95,-3.89,12.73,nhạc trẻ,Lam Trường,0,0,0,0
SIM_00400,FAKE_CAR_0050,AURIS14_UK_MT,Toyota,Auris hatchback 1.4 VVT-i,2008,1.4,8.7,6.9,85,97.3,93.1,41.2,0.7,2066,22,20.1,0,12,0,4.4,1.84,1.86,80,0.789,0,0,0,7.58,0,0,0.036,68.91,44.08,24.83,30.57,14.1,instrumental,không rõ,0,0,0,0
SIM_00401,FAKE_CAR_0051,AURIS16_UK_MT,Toyota,Auris hatchback 1.6 VVT-i,2008,1.6,9,7.1,100,86.3,83.6,51.8,0.8,989,0,14.6,0,8,0,4.7,2.89,2.86,20,0.309,1,12,1.84,3.25,0,0,0.145,41.68,32.39,9.29,11.49,14.05,bolero,Lệ Quyên,0,0,0,0
SIM_00402,FAKE_CAR_0051,AURIS16_UK_MT,Toyota,Auris hatchback 1.6 VVT-i,2008,1.6,9,7.1,100,86.3,83.6,57.7,0.8,1709,36,14.6,0,0,0,5.9,2.89,2.86,35,0.499,1,12,3.24,4.04,0,0,0.145,64.42,27.78,36.64,41.03,14.04,pop,Hòa Minzy,0,0,0,0
SIM_00403,FAKE_CAR_0051,AURIS16_UK_MT,Toyota,Auris hatchback 1.6 VVT-i,2008,1.6,9,7.1,100,86.3,83.6,52.2,0.8,930,0,14.6,9,13,0,3.7,2.89,2.86,20,0.296,1,12,1.82,3.25,0,0,0.145,39.35,45.37,-6.02,-3.84,12.59,rock,không rõ,0,0,0,0
SIM_00404,FAKE_CAR_0051,AURIS16_UK_MT,Toyota,Auris hatchback 1.6 VVT-i,2008,1.6,9,7.1,100,86.3,83.6,52.4,0.8,869,0,14.6,10,0,0,6,2.89,2.86,10,0.42,1,12,1.58,3,0,0,0.145,36.95,35.18,1.77,3.46,14,instrumental,không rõ,0,0,0,0
SIM_00405,FAKE_CAR_0051,AURIS16_UK_MT,Toyota,Auris hatchback 1.6 VVT-i,2008,1.6,9,7.1,100,86.3,83.6,58.8,0.8,732,0,14.6,0,0,0,4.3,2.89,2.86,80,0.47,1,12,8,7.35,0,0,0.145,31.54,34.25,-2.71,9.75,12.63,rock,không rõ,0,0,0,0
SIM_00406,FAKE_CAR_0051,AURIS16_UK_MT,Toyota,Auris hatchback 1.6 VVT-i,2008,1.6,9,7.1,100,86.3,83.6,47.9,0.8,783,0,14.6,0,5,0,5,2.89,2.86,65,0.83,1,12,7.97,7.03,0,0,0.145,33.55,39.6,-6.05,6.06,12.59,pop,Hòa Minzy,0,0,1,0
SIM_00407,FAKE_CAR_0051,AURIS16_UK_MT,Toyota,Auris hatchback 1.6 VVT-i,2008,1.6,9,7.1,100,86.3,83.6,58.4,0.8,921,0,14.6,8,5,0,5.7,2.89,2.86,80,0.541,1,12,8.47,7.62,0,0,0.145,39,49.39,-10.39,2.81,12.57,bolero,Lệ Quyên,0,0,1,0
SIM_00408,FAKE_CAR_0051,AURIS16_UK_MT,Toyota,Auris hatchback 1.6 VVT-i,2008,1.6,9,7.1,100,86.3,83.6,50.5,0.8,988,0,14.6,12,10,0,4.4,2.89,2.86,35,0.571,1,12,3.43,4.11,0,0,0.145,41.64,48.54,-6.9,-2.25,12.62,dân ca/pop,Phương Mỹ Chi,0,0,1,0
SIM_00409,FAKE_CAR_0052,AVENSIS18_UK_MT,Toyota,Avensis sedan/hatch 1.8 VVT-i,2008,1.8,9.4,7.2,105,64.8,93.6,33.4,0.72,758,0,12.5,0,5,0,6.4,1.46,2.18,65,0.46,1,55,27.9,5.34,0,0,0.022,25.68,57.14,-31.46,0.32,12,bolero,Lệ Quyên,0,0,1,0
SIM_00410,FAKE_CAR_0052,AVENSIS18_UK_MT,Toyota,Avensis sedan/hatch 1.8 VVT-i,2008,1.8,9.4,7.2,105,64.8,93.6,41.9,0.72,735,0,12.5,11,5,12,4.7,1.46,2.18,10,0.367,1,55,6.89,2.31,0,0,0.022,24.96,54.4,-29.44,-21.7,12.06,nhạc trẻ,Lam Trường,0,0,1,0
SIM_00411,FAKE_CAR_0052,AVENSIS18_UK_MT,Toyota,Avensis sedan/hatch 1.8 VVT-i,2008,1.8,9.4,7.2,105,64.8,93.6,31,0.72,916,0,12.5,0,5,0,4.4,1.46,2.18,50,0.625,1,55,23.36,4.52,0,0,0.022,30.59,49.78,-19.19,7.23,12.37,instrumental,không rõ,0,0,1,0
SIM_00412,FAKE_CAR_0052,AVENSIS18_UK_MT,Toyota,Avensis sedan/hatch 1.8 VVT-i,2008,1.8,9.4,7.2,105,64.8,93.6,37.9,0.72,990,0,12.5,0,11,9,4.2,1.46,2.18,35,0.861,1,55,19.22,3.71,0,0,0.022,32.89,59.63,-26.74,-5.27,12.11,instrumental,không rõ,0,0,1,0
SIM_00413,FAKE_CAR_0052,AVENSIS18_UK_MT,Toyota,Avensis sedan/hatch 1.8 VVT-i,2008,1.8,9.4,7.2,105,64.8,93.6,43.7,0.72,2623,15,12.5,0,9,0,6.1,1.46,2.18,80,0.756,1,55,45.39,7.77,0,0,0.022,64.64,80.76,-16.12,35.58,12.4,rock,không rõ,0,0,1,0
SIM_00414,FAKE_CAR_0052,AVENSIS18_UK_MT,Toyota,Avensis sedan/hatch 1.8 VVT-i,2008,1.8,9.4,7.2,105,64.8,93.6,34.4,0.72,740,0,12.5,0,13,0,7,1.46,2.18,20,0.746,1,55,11.98,2.74,0,0,0.022,25.12,47.22,-22.1,-8.84,12.35,nhạc trẻ,Lam Trường,0,0,1,0
SIM_00415,FAKE_CAR_0052,AVENSIS18_UK_MT,Toyota,Avensis sedan/hatch 1.8 VVT-i,2008,1.8,9.4,7.2,105,64.8,93.6,41.2,0.72,756,0,12.5,0,9,17,6.5,1.46,2.18,95,0.731,1,55,56.26,9.48,0,0,0.022,25.61,110.74,-85.13,-20.85,11.2,dân ca/pop,Phương Mỹ Chi,0,0,1,0
SIM_00416,FAKE_CAR_0052,AVENSIS18_UK_MT,Toyota,Avensis sedan/hatch 1.8 VVT-i,2008,1.8,9.4,7.2,105,64.8,93.6,43,0.72,995,0,12.5,0,0,18,4.3,1.46,2.18,65,0.484,1,55,28.46,5.4,0,0,0.022,33.05,68.66,-35.61,-3.21,11.98,nhạc trẻ,Lam Trường,0,0,1,0
SIM_00417,FAKE_CAR_0053,RAV4_20_UK_MT,Toyota,RAV4 2.0 VVT-i,2008,2,11,8.6,120,90.9,99.7,57,0.21,2964,39,20.7,12,14,14,6.6,2.56,2.21,80,0.662,0,0,0,7.44,1,5.57,0.639,103.63,80.31,23.32,33.77,13.82,pop,Hòa Minzy,0,0,0,0
SIM_00418,FAKE_CAR_0053,RAV4_20_UK_MT,Toyota,RAV4 2.0 VVT-i,2008,2,11,8.6,120,90.9,99.7,56.8,0.21,2972,18,20.7,0,11,9,6,2.56,2.21,80,0.364,0,0,0,6.28,1,5.57,0.639,103.63,58.55,45.08,54.37,13.72,instrumental,không rõ,0,0,0,0
SIM_00419,FAKE_CAR_0053,RAV4_20_UK_MT,Toyota,RAV4 2.0 VVT-i,2008,2,11,8.6,120,90.9,99.7,43.7,0.21,2910,62,20.7,0,16,18,5.3,2.56,2.21,95,0.471,0,0,0,8.17,1,5.57,0.639,103.63,73.74,29.89,41.07,13.76,bolero,Lệ Quyên,0,0,0,0
SIM_00420,FAKE_CAR_0053,RAV4_20_UK_MT,Toyota,RAV4 2.0 VVT-i,2008,2,11,8.6,120,90.9,99.7,44.3,0.21,1854,25,20.7,12,5,0,5.1,2.56,2.21,95,0.209,0,0,0,6.82,1,5.57,0.639,85.27,55.19,30.08,39.91,13.71,pop,Hòa Minzy,0,0,0,0
SIM_00421,FAKE_CAR_0053,RAV4_20_UK_MT,Toyota,RAV4 2.0 VVT-i,2008,2,11,8.6,120,90.9,99.7,47.5,0.21,2959,47,20.7,0,8,0,4.8,2.56,2.21,50,0.339,0,0,0,4.04,1,5.57,0.639,103.63,43.11,60.52,67.57,13.82,pop,Hòa Minzy,0,0,0,0
SIM_00422,FAKE_CAR_0053,RAV4_20_UK_MT,Toyota,RAV4 2.0 VVT-i,2008,2,11,8.6,120,90.9,99.7,52.5,0.21,2910,23,20.7,0,10,0,6.9,2.56,2.21,20,0.265,0,0,0,2.58,1,5.57,0.639,103.63,45.75,57.88,63.47,13.8,nhạc trẻ,Lam Trường,0,0,0,0
SIM_00423,FAKE_CAR_0053,RAV4_20_UK_MT,Toyota,RAV4 2.0 VVT-i,2008,2,11,8.6,120,90.9,99.7,53.2,0.21,1635,32,20.7,0,10,0,6.2,2.56,2.21,65,0.518,0,0,0,5.53,1,5.57,0.639,79.46,48,31.46,40,13.76,rock,không rõ,0,0,0,0
SIM_00424,FAKE_CAR_0053,RAV4_20_UK_MT,Toyota,RAV4 2.0 VVT-i,2008,2,11,8.6,120,90.9,99.7,49,0.21,815,0,20.7,0,0,9,6.8,2.56,2.21,65,0.618,0,0,0,5.8,1,5.57,0.639,44.01,47.87,-3.86,4.95,12.43,nhạc trẻ,Lam Trường,0,0,1,0
SIM_00425,FAKE_CAR_0054,MAZDA2_13_UK_MT,Mazda,Mazda2 hatchback 1.3 MZR 86ps 5 cửa,2008,1.349,6.9,5.2,80,90.9,96.7,62.8,0.19,2224,19,13.4,13,0,0,5.6,2.11,1.98,35,0.6,0,0,0,3.26,0,0,0.139,63.38,35.26,28.12,29.27,14.07,rock,không rõ,0,0,0,0
SIM_00426,FAKE_CAR_0054,MAZDA2_13_UK_MT,Mazda,Mazda2 hatchback 1.3 MZR 86ps 5 cửa,2008,1.349,6.9,5.2,80,90.9,96.7,53.7,0.19,796,0,13.4,8,5,0,4,2.11,1.98,95,0.86,0,0,0,9.94,0,0,0.139,28.71,40.34,-11.63,-3.8,12.51,rock,không rõ,0,0,1,0
SIM_00427,FAKE_CAR_0054,MAZDA2_13_UK_MT,Mazda,Mazda2 hatchback 1.3 MZR 86ps 5 cửa,2008,1.349,6.9,5.2,80,90.9,96.7,62.3,0.19,2135,31,13.4,0,14,17,4.3,2.11,1.98,95,0.239,0,0,0,6.75,0,0,0.139,61.81,55.45,6.36,11,14.1,dân ca/pop,Phương Mỹ Chi,0,0,0,0
SIM_00428,FAKE_CAR_0054,MAZDA2_13_UK_MT,Mazda,Mazda2 hatchback 1.3 MZR 86ps 5 cửa,2008,1.349,6.9,5.2,80,90.9,96.7,56.7,0.19,2270,39,13.4,0,5,0,4.7,2.11,1.98,65,0.743,0,0,0,5.92,0,0,0.139,64.19,29.02,35.17,38.98,14.08,dân ca/pop,Phương Mỹ Chi,0,0,0,0
SIM_00429,FAKE_CAR_0054,MAZDA2_13_UK_MT,Mazda,Mazda2 hatchback 1.3 MZR 86ps 5 cửa,2008,1.349,6.9,5.2,80,90.9,96.7,58.8,0.19,2715,49,13.4,9,0,0,2.5,2.11,1.98,35,0.437,0,0,0,3.09,0,0,0.139,69.08,27.99,41.09,42.07,14.02,nhạc trẻ,Lam Trường,0,0,0,0
SIM_00430,FAKE_CAR_0054,MAZDA2_13_UK_MT,Mazda,Mazda2 hatchback 1.3 MZR 86ps 5 cửa,2008,1.349,6.9,5.2,80,90.9,96.7,58.8,0.19,990,0,13.4,14,13,16,4.2,2.11,1.98,35,0.763,0,0,0,3.42,0,0,0.139,35.15,64.02,-28.87,-27.56,12.07,nhạc trẻ,Lam Trường,0,0,0,0
SIM_00431,FAKE_CAR_0054,MAZDA2_13_UK_MT,Mazda,Mazda2 hatchback 1.3 MZR 86ps 5 cửa,2008,1.349,6.9,5.2,80,90.9,96.7,60.4,0.19,919,0,13.4,0,13,17,3.1,2.11,1.98,35,0.844,0,0,0,3.5,0,0,0.139,32.79,50,-17.21,-15.82,12.37,instrumental,không rõ,0,0,0,0
SIM_00432,FAKE_CAR_0054,MAZDA2_13_UK_MT,Mazda,Mazda2 hatchback 1.3 MZR 86ps 5 cửa,2008,1.349,6.9,5.2,80,90.9,96.7,59.3,0.19,2852,43,13.4,0,15,0,5.7,2.11,1.98,50,0.544,0,0,0,4.18,0,0,0.139,69.08,38.28,30.8,32.87,14.09,bolero,Lệ Quyên,0,0,0,0
SIM_00433,FAKE_CAR_0055,MAZDA2_15_UK_MT,Mazda,Mazda2 hatchback 1.5 MZR 103ps,2008,1.498,7.6,5.7,95,91.9,91.2,47.7,0.28,825,0,13.5,0,5,0,5.8,2.78,1.72,65,0.485,0,0,0,4.95,0,0,0.108,35.62,29.25,6.37,8.54,14.1,rock,không rõ,0,0,0,0
SIM_00434,FAKE_CAR_0055,MAZDA2_15_UK_MT,Mazda,Mazda2 hatchback 1.5 MZR 103ps,2008,1.498,7.6,5.7,95,91.9,91.2,49.6,0.28,817,0,13.5,11,5,0,4,2.78,1.72,50,0.271,0,0,0,3.43,0,0,0.108,35.3,36.93,-1.63,-0.98,12.75,instrumental,không rõ,0,0,0,0
SIM_00435,FAKE_CAR_0055,MAZDA2_15_UK_MT,Mazda,Mazda2 hatchback 1.5 MZR 103ps,2008,1.498,7.6,5.7,95,91.9,91.2,43.5,0.28,1924,54,13.5,14,5,0,4.7,2.78,1.72,35,0.206,0,0,0,2.61,0,0,0.108,69.73,39.81,29.92,29.75,14.09,nhạc trẻ,Lam Trường,0,0,0,0
SIM_00436,FAKE_CAR_0055,MAZDA2_15_UK_MT,Mazda,Mazda2 hatchback 1.5 MZR 103ps,2008,1.498,7.6,5.7,95,91.9,91.2,46.3,0.28,2495,65,13.5,0,15,11,5.3,2.78,1.72,50,0.512,0,0,0,3.86,0,0,0.108,81.84,48.66,33.18,34.26,14.11,pop,Hòa Minzy,0,0,0,0
SIM_00437,FAKE_CAR_0055,MAZDA2_15_UK_MT,Mazda,Mazda2 hatchback 1.5 MZR 103ps,2008,1.498,7.6,5.7,95,91.9,91.2,53.2,0.28,2793,61,13.5,0,0,0,4.3,2.78,1.72,50,0.666,0,0,0,4.14,0,0,0.108,82.94,21.94,61,62.36,14.07,dân ca/pop,Phương Mỹ Chi,0,0,0,0
SIM_00438,FAKE_CAR_0055,MAZDA2_15_UK_MT,Mazda,Mazda2 hatchback 1.5 MZR 103ps,2008,1.498,7.6,5.7,95,91.9,91.2,45.6,0.28,1837,44,13.5,0,8,15,3.3,2.78,1.72,35,0.452,0,0,0,2.85,0,0,0.108,67.88,42.65,25.23,25.3,14.02,bolero,Lệ Quyên,0,0,0,0
SIM_00439,FAKE_CAR_0055,MAZDA2_15_UK_MT,Mazda,Mazda2 hatchback 1.5 MZR 103ps,2008,1.498,7.6,5.7,95,91.9,91.2,49.1,0.28,2443,13,13.5,0,8,0,6.2,2.78,1.72,35,0.603,0,0,0,3,0,0,0.108,80.73,30.7,50.03,50.25,14.03,pop,Hòa Minzy,0,0,0,0
SIM_00440,FAKE_CAR_0055,MAZDA2_15_UK_MT,Mazda,Mazda2 hatchback 1.5 MZR 103ps,2008,1.498,7.6,5.7,95,91.9,91.2,48.4,0.28,2612,36,13.5,0,12,0,5.2,2.78,1.72,50,0.313,0,0,0,3.51,0,0,0.108,82.94,34.21,48.73,49.46,14.03,rock,không rõ,0,0,0,0
SIM_00441,FAKE_CAR_0056,HONDA_FIT15_CA_MT,Honda,Fit hatchback 1.5 DX,2008,1.5,7.1,6.5,80,76.6,41,40,0.53,884,0,15.2,0,0,18,6,1.74,2.92,80,0.377,0,0,0,7.05,0,0,0.091,26.66,46.25,-19.59,-14.28,12.32,bolero,Lệ Quyên,1,0,1,0
SIM_00442,FAKE_CAR_0056,HONDA_FIT15_CA_MT,Honda,Fit hatchback 1.5 DX,2008,1.5,7.1,6.5,80,76.6,41,34.8,0.53,2090,55,15.2,0,5,15,5,1.74,2.92,20,0.425,0,0,0,3.36,0,0,0.091,51.41,43.56,7.85,9.47,14.12,pop,Hòa Minzy,1,0,0,0
SIM_00443,FAKE_CAR_0056,HONDA_FIT15_CA_MT,Honda,Fit hatchback 1.5 DX,2008,1.5,7.1,6.5,80,76.6,41,37.1,0.53,941,0,15.2,0,0,17,4,1.74,2.92,80,0.397,0,0,0,7.12,0,0,0.091,28.25,43.32,-15.07,-9.69,12.42,dân ca/pop,Phương Mỹ Chi,1,0,1,0
SIM_00444,FAKE_CAR_0056,HONDA_FIT15_CA_MT,Honda,Fit hatchback 1.5 DX,2008,1.5,7.1,6.5,80,76.6,41,35.5,0.53,851,0,15.2,0,0,0,5.7,1.74,2.92,35,0.751,0,0,0,4.34,0,0,0.091,25.73,25.24,0.49,3.09,14.14,instrumental,không rõ,1,1,0,0
SIM_00445,FAKE_CAR_0056,HONDA_FIT15_CA_MT,Honda,Fit hatchback 1.5 DX,2008,1.5,7.1,6.5,80,76.6,41,32.7,0.53,958,0,15.2,0,9,0,5.3,1.74,2.92,10,0.47,0,0,0,3.07,0,0,0.091,28.73,32.57,-3.84,-2.51,12.74,dân ca/pop,Phương Mỹ Chi,1,0,1,0
SIM_00446,FAKE_CAR_0056,HONDA_FIT15_CA_MT,Honda,Fit hatchback 1.5 DX,2008,1.5,7.1,6.5,80,76.6,41,40.7,0.53,1885,58,15.2,0,0,0,5.2,1.74,2.92,80,0.351,0,0,0,6.94,0,0,0.091,48.36,27.34,21.02,26.22,14.16,nhạc trẻ,Lam Trường,1,0,0,0
SIM_00447,FAKE_CAR_0056,HONDA_FIT15_CA_MT,Honda,Fit hatchback 1.5 DX,2008,1.5,7.1,6.5,80,76.6,41,35.8,0.53,813,0,15.2,0,16,16,6.9,1.74,2.92,35,0.704,0,0,0,4.3,0,0,0.091,24.67,58.4,-33.73,-31.17,11.98,dân ca/pop,Phương Mỹ Chi,1,1,0,0
SIM_00448,FAKE_CAR_0056,HONDA_FIT15_CA_MT,Honda,Fit hatchback 1.5 DX,2008,1.5,7.1,6.5,80,76.6,41,33.6,0.53,731,0,15.2,0,5,0,4.2,1.74,2.92,65,0.379,0,0,0,5.85,0,0,0.091,22.37,30.25,-7.88,-3.77,12.58,dân ca/pop,Phương Mỹ Chi,1,0,0,0
SIM_00449,FAKE_CAR_0057,YARIS13_UK_MT,Toyota,Yaris hatchback 1.3 VVT-i,2008,1.3,7.2,6,80,94.3,89.6,65.3,0.22,915,0,19.7,0,0,0,5.8,2.08,1.72,10,0.535,1,28,4.04,1.87,0,0,0.505,33.88,31.41,2.47,6.3,13.85,instrumental,không rõ,0,0,0,0
SIM_00450,FAKE_CAR_0057,YARIS13_UK_MT,Toyota,Yaris hatchback 1.3 VVT-i,2008,1.3,7.2,6,80,94.3,89.6,65.5,0.22,868,0,19.7,0,12,0,3.8,2.08,1.72,10,0.37,1,28,3.52,1.85,0,0,0.505,32.26,40.87,-8.61,-5.32,12.35,nhạc trẻ,Lam Trường,0,0,0,0
SIM_00451,FAKE_CAR_0057,YARIS13_UK_MT,Toyota,Yaris hatchback 1.3 VVT-i,2008,1.3,7.2,6,80,94.3,89.6,57.7,0.22,1698,27,19.7,8,0,0,6.2,2.08,1.72,10,0.864,1,28,5.09,1.91,0,0,0.505,56.11,40.9,15.21,20.13,13.79,pop,Hòa Minzy,0,0,0,0
SIM_00452,FAKE_CAR_0057,YARIS13_UK_MT,Toyota,Yaris hatchback 1.3 VVT-i,2008,1.3,7.2,6,80,94.3,89.6,63.6,0.22,933,0,19.7,0,0,0,3.2,2.08,1.72,50,0.316,1,28,9.19,3.51,0,0,0.505,34.5,35.6,-1.1,9.52,12.57,nhạc trẻ,Lam Trường,0,0,0,0
SIM_00453,FAKE_CAR_0057,YARIS13_UK_MT,Toyota,Yaris hatchback 1.3 VVT-i,2008,1.3,7.2,6,80,94.3,89.6,53.1,0.22,803,0,19.7,0,16,10,3.6,2.08,1.72,50,0.813,1,28,13.54,4.4,0,0,0.505,30.02,67.24,-37.22,-21.36,11.57,pop,Hòa Minzy,0,0,1,0
SIM_00454,FAKE_CAR_0057,YARIS13_UK_MT,Toyota,Yaris hatchback 1.3 VVT-i,2008,1.3,7.2,6,80,94.3,89.6,57.8,0.22,1978,58,19.7,11,0,10,3,2.08,1.72,50,0.231,1,28,8.44,3.36,0,0,0.505,61.24,55.5,5.74,15.46,13.83,pop,Hòa Minzy,0,0,0,0
SIM_00455,FAKE_CAR_0057,YARIS13_UK_MT,Toyota,Yaris hatchback 1.3 VVT-i,2008,1.3,7.2,6,80,94.3,89.6,59.7,0.22,2797,48,19.7,0,11,0,4.4,2.08,1.72,35,0.541,1,28,7.82,2.94,0,0,0.505,71.67,45.86,25.81,34.49,13.89,rock,không rõ,0,0,0,0
SIM_00456,FAKE_CAR_0057,YARIS13_UK_MT,Toyota,Yaris hatchback 1.3 VVT-i,2008,1.3,7.2,6,80,94.3,89.6,59,0.22,997,0,19.7,0,5,0,5.9,2.08,1.72,80,0.394,1,28,17.49,5.91,0,0,0.505,36.71,54,-17.29,4.03,12.17,instrumental,không rõ,0,0,1,0
SIM_00457,FAKE_CAR_0058,YARIS13_UK_MM,Toyota,Yaris hatchback 1.3 VVT-i,2008,1.3,6.7,5.8,80,86.2,63.9,64.3,0.81,878,0,13.1,0,0,0,4.7,2,2.42,10,0.626,1,55,8.51,2.58,0,0,0.097,29.81,28.89,0.92,10.01,14.04,pop,Hòa Minzy,0,0,0,0
SIM_00458,FAKE_CAR_0058,YARIS13_UK_MM,Toyota,Yaris hatchback 1.3 VVT-i,2008,1.3,6.7,5.8,80,86.2,63.9,71.8,0.81,2479,16,13.1,0,16,0,5.2,2,2.42,35,0.394,1,55,13.59,3.49,0,0,0.097,64.37,51.38,12.99,28.07,14.15,instrumental,không rõ,0,0,0,0
SIM_00459,FAKE_CAR_0058,YARIS13_UK_MM,Toyota,Yaris hatchback 1.3 VVT-i,2008,1.3,6.7,5.8,80,86.2,63.9,67.1,0.81,2921,50,13.1,0,0,0,2.5,2,2.42,95,0.594,1,55,51,9.01,0,0,0.097,65.51,75.61,-10.1,47.91,12.51,nhạc trẻ,Lam Trường,0,0,1,0
SIM_00460,FAKE_CAR_0058,YARIS13_UK_MM,Toyota,Yaris hatchback 1.3 VVT-i,2008,1.3,6.7,5.8,80,86.2,63.9,69.4,0.81,857,0,13.1,0,5,9,5.8,2,2.42,80,0.471,1,55,36.7,6.91,0,0,0.097,29.14,76.51,-47.37,-5.76,11.61,nhạc trẻ,Lam Trường,0,0,1,0
SIM_00461,FAKE_CAR_0058,YARIS13_UK_MM,Toyota,Yaris hatchback 1.3 VVT-i,2008,1.3,6.7,5.8,80,86.2,63.9,61.3,0.81,853,0,13.1,0,0,9,3.5,2,2.42,20,0.835,1,55,12.7,3.02,0,0,0.097,29.02,41.32,-12.3,1.42,12.45,bolero,Lệ Quyên,0,0,1,0
SIM_00462,FAKE_CAR_0058,YARIS13_UK_MM,Toyota,Yaris hatchback 1.3 VVT-i,2008,1.3,6.7,5.8,80,86.2,63.9,68.4,0.81,912,0,13.1,0,0,0,3.8,2,2.42,80,0.804,1,55,46.85,8.2,0,0,0.097,30.88,71.95,-41.07,11.98,11.77,rock,không rõ,0,0,1,0
SIM_00463,FAKE_CAR_0058,YARIS13_UK_MM,Toyota,Yaris hatchback 1.3 VVT-i,2008,1.3,6.7,5.8,80,86.2,63.9,58.1,0.81,755,0,13.1,0,0,13,4.6,2,2.42,65,0.692,1,55,33.32,6.22,0,0,0.097,25.93,70.24,-44.31,-6.77,11.74,rock,không rõ,0,0,1,0
SIM_00464,FAKE_CAR_0058,YARIS13_UK_MM,Toyota,Yaris hatchback 1.3 VVT-i,2008,1.3,6.7,5.8,80,86.2,63.9,65.5,0.81,794,0,13.1,9,10,0,3.5,2,2.42,65,0.277,1,55,23.62,5.07,0,0,0.097,27.16,64.29,-37.13,-10.44,11.8,nhạc trẻ,Lam Trường,0,0,1,0
SIM_00465,FAKE_CAR_0059,YARIS13_NCP_2NZ,Toyota,Yaris 1.3 NCP9# / 2NZ-FE,2008,1.3,,,85,97,88,41.7,0.57,2763,19,12.4,0,10,10,6.2,1.95,2.43,50,0.845,0,0,0,5.16,0,0,0.127,78.33,43.76,34.57,37.78,14.08,bolero,Lệ Quyên,0,0,0,0
SIM_00466,FAKE_CAR_0059,YARIS13_NCP_2NZ,Toyota,Yaris 1.3 NCP9# / 2NZ-FE,2008,1.3,,,85,97,88,35.6,0.57,776,0,12.4,0,5,0,7.5,1.95,2.43,95,0.206,0,0,0,7.03,0,0,0.127,31.79,31.93,-0.14,4.94,12.81,nhạc trẻ,Lam Trường,0,0,0,0
SIM_00467,FAKE_CAR_0059,YARIS13_NCP_2NZ,Toyota,Yaris 1.3 NCP9# / 2NZ-FE,2008,1.3,,,85,97,88,40.2,0.57,1948,55,12.4,13,10,0,4.7,1.95,2.43,20,0.52,0,0,0,2.91,0,0,0.127,66.33,43.01,23.32,24.28,14.05,pop,Hòa Minzy,0,0,0,0
SIM_00468,FAKE_CAR_0059,YARIS13_NCP_2NZ,Toyota,Yaris 1.3 NCP9# / 2NZ-FE,2008,1.3,,,85,97,88,41.8,0.57,2784,34,12.4,0,5,0,4.8,1.95,2.43,35,0.707,0,0,0,3.81,0,0,0.127,78.33,26.01,52.32,54.18,14.07,bolero,Lệ Quyên,0,0,0,0
SIM_00469,FAKE_CAR_0059,YARIS13_NCP_2NZ,Toyota,Yaris 1.3 NCP9# / 2NZ-FE,2008,1.3,,,85,97,88,42.6,0.57,2357,20,12.4,9,5,13,6.5,1.95,2.43,20,0.285,0,0,0,2.81,0,0,0.127,74.52,48.71,25.81,26.67,14.03,pop,Hòa Minzy,0,0,0,0
SIM_00470,FAKE_CAR_0059,YARIS13_NCP_2NZ,Toyota,Yaris 1.3 NCP9# / 2NZ-FE,2008,1.3,,,85,97,88,31.6,0.57,1964,42,12.4,10,12,0,5.4,1.95,2.43,65,0.751,0,0,0,6.39,0,0,0.127,66.65,46.19,20.46,24.9,14.13,instrumental,không rõ,0,0,0,0
SIM_00471,FAKE_CAR_0059,YARIS13_NCP_2NZ,Toyota,Yaris 1.3 NCP9# / 2NZ-FE,2008,1.3,,,85,97,88,32.4,0.57,765,0,12.4,0,11,18,7.1,1.95,2.43,50,0.435,0,0,0,4.43,0,0,0.127,31.38,52.93,-21.55,-19.07,12.26,rock,không rõ,0,0,0,0
SIM_00472,FAKE_CAR_0059,YARIS13_NCP_2NZ,Toyota,Yaris 1.3 NCP9# / 2NZ-FE,2008,1.3,,,85,97,88,44.1,0.57,1869,42,12.4,0,15,0,5.5,1.95,2.43,95,0.532,0,0,0,8.71,0,0,0.127,64.75,41.61,23.14,29.9,14.08,pop,Hòa Minzy,0,0,0,0
SIM_00473,FAKE_CAR_0060,YARIS15_CA_MT,Toyota,Yaris hatchback 1.5,2008,1.5,7,6.3,85,94.4,89.1,50.7,0.76,989,0,16.2,14,11,0,5.5,2.06,2.79,80,0.585,0,0,0,7.72,1,12.27,0.756,38.75,66.69,-27.94,-10.01,11.74,rock,không rõ,0,0,1,0
SIM_00474,FAKE_CAR_0060,YARIS15_CA_MT,Toyota,Yaris hatchback 1.5,2008,1.5,7,6.3,85,94.4,89.1,55.7,0.76,934,0,16.2,0,10,0,5.1,2.06,2.79,80,0.699,0,0,0,8.16,1,12.27,0.756,36.74,51.73,-14.99,3.38,12,pop,Hòa Minzy,0,0,1,0
SIM_00475,FAKE_CAR_0060,YARIS15_CA_MT,Toyota,Yaris hatchback 1.5,2008,1.5,7,6.3,85,94.4,89.1,63.4,0.76,794,0,16.2,0,9,0,4.3,2.06,2.79,10,0.324,0,0,0,2.92,1,12.27,0.756,31.6,44.69,-13.09,0.04,12.13,bolero,Lệ Quyên,0,0,1,0
SIM_00476,FAKE_CAR_0060,YARIS15_CA_MT,Toyota,Yaris hatchback 1.5,2008,1.5,7,6.3,85,94.4,89.1,58.6,0.76,869,0,16.2,0,14,0,5.9,2.06,2.79,10,0.218,0,0,0,2.9,1,12.27,0.756,34.35,51.27,-16.92,-3.81,11.96,nhạc trẻ,Lam Trường,0,0,1,0
SIM_00477,FAKE_CAR_0060,YARIS15_CA_MT,Toyota,Yaris hatchback 1.5,2008,1.5,7,6.3,85,94.4,89.1,63.5,0.76,1948,30,16.2,13,5,9,2.9,2.06,2.79,65,0.759,0,0,0,6.77,1,12.27,0.756,64.55,65.14,-0.59,16.39,12.34,bolero,Lệ Quyên,0,0,0,0
SIM_00478,FAKE_CAR_0060,YARIS15_CA_MT,Toyota,Yaris hatchback 1.5,2008,1.5,7,6.3,85,94.4,89.1,61.2,0.76,775,0,16.2,12,0,0,5.2,2.06,2.79,80,0.392,0,0,0,6.97,1,12.27,0.756,30.9,52.64,-21.74,-4.56,11.87,bolero,Lệ Quyên,0,0,1,0
SIM_00479,FAKE_CAR_0060,YARIS15_CA_MT,Toyota,Yaris hatchback 1.5,2008,1.5,7,6.3,85,94.4,89.1,58,0.76,1871,62,16.2,0,16,0,5.2,2.06,2.79,95,0.491,0,0,0,8.85,1,12.27,0.756,63.05,58.52,4.53,23.59,13.71,nhạc trẻ,Lam Trường,0,0,0,0
SIM_00480,FAKE_CAR_0060,YARIS15_CA_MT,Toyota,Yaris hatchback 1.5,2008,1.5,7,6.3,85,94.4,89.1,60.5,0.76,755,0,16.2,12,12,0,6.3,2.06,2.79,10,0.498,0,0,0,2.94,1,12.27,0.756,30.17,61.71,-31.54,-18.39,11.66,bolero,Lệ Quyên,0,0,1,0
SIM_00481,FAKE_CAR_0061,YARIS15_CA_AT,Toyota,Yaris hatchback 1.5,2008,1.5,7,6.4,90,90.4,93.2,72.6,0.75,954,0,21.8,0,5,0,4.9,1.37,3.19,35,0.674,0,0,0,4.54,0,0,0.023,37.99,36.24,1.75,4.92,14.15,nhạc trẻ,Lam Trường,0,0,0,0
SIM_00482,FAKE_CAR_0061,YARIS15_CA_AT,Toyota,Yaris hatchback 1.5,2008,1.5,7,6.4,90,90.4,93.2,70.5,0.75,920,0,21.8,0,5,0,4.9,1.37,3.19,20,0.75,0,0,0,3.76,0,0,0.023,36.73,35.46,1.27,3.66,14.17,dân ca/pop,Phương Mỹ Chi,0,0,0,0
SIM_00483,FAKE_CAR_0061,YARIS15_CA_AT,Toyota,Yaris hatchback 1.5,2008,1.5,7,6.4,90,90.4,93.2,60.1,0.75,725,0,21.8,12,5,0,5.5,1.37,3.19,35,0.757,0,0,0,4.62,0,0,0.023,29.48,48.92,-19.44,-16.19,12.28,nhạc trẻ,Lam Trường,0,0,0,0
SIM_00484,FAKE_CAR_0061,YARIS15_CA_AT,Toyota,Yaris hatchback 1.5,2008,1.5,7,6.4,90,90.4,93.2,60.2,0.75,2006,28,21.8,0,12,0,3.6,1.37,3.19,50,0.708,0,0,0,5.68,0,0,0.023,66.6,43.08,23.52,27.83,14.16,instrumental,không rõ,0,0,0,0
SIM_00485,FAKE_CAR_0061,YARIS15_CA_AT,Toyota,Yaris hatchback 1.5,2008,1.5,7,6.4,90,90.4,93.2,72.3,0.75,2147,55,21.8,0,15,0,3.5,1.37,3.19,35,0.755,0,0,0,4.62,0,0,0.023,69.39,44.92,24.47,27.72,14.2,rock,không rõ,0,0,0,0
SIM_00486,FAKE_CAR_0061,YARIS15_CA_AT,Toyota,Yaris hatchback 1.5,2008,1.5,7,6.4,90,90.4,93.2,69.6,0.75,866,0,21.8,0,5,0,3.3,1.37,3.19,65,0.574,0,0,0,6.66,0,0,0.023,34.72,36.76,-2.04,3.25,12.74,bolero,Lệ Quyên,0,0,0,0
SIM_00487,FAKE_CAR_0061,YARIS15_CA_AT,Toyota,Yaris hatchback 1.5,2008,1.5,7,6.4,90,90.4,93.2,59.1,0.75,837,0,21.8,9,12,0,4.5,1.37,3.19,50,0.375,0,0,0,5.09,0,0,0.023,33.64,52.39,-18.75,-15.03,12.33,bolero,Lệ Quyên,0,0,0,0
SIM_00488,FAKE_CAR_0061,YARIS15_CA_AT,Toyota,Yaris hatchback 1.5,2008,1.5,7,6.4,90,90.4,93.2,69,0.75,934,0,21.8,0,15,0,2.4,1.37,3.19,65,0.348,0,0,0,6.04,0,0,0.023,37.25,45.24,-7.99,-3.32,12.6,bolero,Lệ Quyên,0,0,0,0
SIM_00489,FAKE_CAR_0062,YARIS10_UK_MT,Toyota,Yaris hatchback 1.0 VVT-i,2008,1,6.4,5.4,80,88.8,82.2,52.5,0.64,916,0,12.4,0,0,0,6.3,1.79,2.38,10,0.591,1,12,1.81,2.54,0,0,0.048,31.94,23.05,8.89,11.45,14.06,bolero,Lệ Quyên,0,0,0,0
SIM_00490,FAKE_CAR_0062,YARIS10_UK_MT,Toyota,Yaris hatchback 1.0 VVT-i,2008,1,6.4,5.4,80,88.8,82.2,48.7,0.64,2889,37,12.4,0,0,0,6.1,1.79,2.38,95,0.737,1,12,12.33,9.71,0,0,0.048,67.49,40.54,26.95,47.2,14.09,pop,Hòa Minzy,0,0,0,0
SIM_00491,FAKE_CAR_0062,YARIS10_UK_MT,Toyota,Yaris hatchback 1.0 VVT-i,2008,1,6.4,5.4,80,88.8,82.2,51.1,0.64,956,0,12.4,8,0,0,6.5,1.79,2.38,65,0.607,1,12,6.84,5.94,0,0,0.048,33.24,39.68,-6.44,4.55,12.66,bolero,Lệ Quyên,0,0,1,0
SIM_00492,FAKE_CAR_0062,YARIS10_UK_MT,Toyota,Yaris hatchback 1.0 VVT-i,2008,1,6.4,5.4,80,88.8,82.2,53.2,0.64,1981,37,12.4,0,16,0,3.5,1.79,2.38,65,0.568,1,12,6.64,5.83,0,0,0.048,57.72,44.37,13.35,24.03,14.17,nhạc trẻ,Lam Trường,0,0,0,0
SIM_00493,FAKE_CAR_0062,YARIS10_UK_MT,Toyota,Yaris hatchback 1.0 VVT-i,2008,1,6.4,5.4,80,88.8,82.2,51.4,0.64,2116,39,12.4,0,5,0,4.1,1.79,2.38,80,0.688,1,12,9.45,7.71,0,0,0.048,60.05,38.66,21.39,36.76,14.08,rock,không rõ,0,0,0,0
SIM_00494,FAKE_CAR_0062,YARIS10_UK_MT,Toyota,Yaris hatchback 1.0 VVT-i,2008,1,6.4,5.4,80,88.8,82.2,46.7,0.64,977,0,12.4,0,12,0,6.8,1.79,2.38,80,0.75,1,12,9.86,7.95,0,0,0.048,33.92,49.01,-15.09,0.93,12.38,pop,Hòa Minzy,0,0,1,0
SIM_00495,FAKE_CAR_0062,YARIS10_UK_MT,Toyota,Yaris hatchback 1.0 VVT-i,2008,1,6.4,5.4,80,88.8,82.2,53.4,0.64,815,0,12.4,13,0,0,6.9,1.79,2.38,65,0.798,1,12,7.81,6.47,0,0,0.048,28.66,46.58,-17.92,-5.43,12.44,bolero,Lệ Quyên,0,0,1,0
SIM_00496,FAKE_CAR_0062,YARIS10_UK_MT,Toyota,Yaris hatchback 1.0 VVT-i,2008,1,6.4,5.4,80,88.8,82.2,45.5,0.64,855,0,12.4,12,16,0,6.4,1.79,2.38,10,0.571,1,12,1.78,2.54,0,0,0.048,29.96,51.12,-21.16,-18.63,12.24,dân ca/pop,Phương Mỹ Chi,0,0,0,0
SIM_00497,FAKE_CAR_0063,AYGO10_UK_MT,Toyota,Aygo hatchback 1.0 VVT-i,2008,1,5.5,4.6,65,96.1,81.1,36.9,0.66,2152,28,17.4,0,5,17,6.3,2.19,2.54,80,0.453,0,0,0,6.96,0,0,0.099,53.35,52.66,0.69,5.46,14.07,instrumental,không rõ,1,0,0,0
SIM_00498,FAKE_CAR_0063,AYGO10_UK_MT,Toyota,Aygo hatchback 1.0 VVT-i,2008,1,5.5,4.6,65,96.1,81.1,48.6,0.66,2219,34,17.4,0,5,0,6.2,2.19,2.54,95,0.499,0,0,0,8.65,0,0,0.099,54.37,37.25,17.12,23.58,14.07,instrumental,không rõ,1,0,0,0
SIM_00499,FAKE_CAR_0063,AYGO10_UK_MT,Toyota,Aygo hatchback 1.0 VVT-i,2008,1,5.5,4.6,65,96.1,81.1,40.6,0.66,1869,26,17.4,0,13,0,4.6,2.19,2.54,65,0.435,0,0,0,5.63,0,0,0.099,49.06,40.63,8.43,11.87,14.11,pop,Hòa Minzy,1,1,0,0
SIM_00500,FAKE_CAR_0063,AYGO10_UK_MT,Toyota,Aygo hatchback 1.0 VVT-i,2008,1,5.5,4.6,65,96.1,81.1,44.8,0.66,1638,56,17.4,0,11,0,7,2.19,2.54,95,0.234,0,0,0,7.28,0,0,0.099,45.55,42.68,2.87,7.96,14.06,instrumental,không rõ,1,0,0,0
SIM_00501,FAKE_CAR_0063,AYGO10_UK_MT,Toyota,Aygo hatchback 1.0 VVT-i,2008,1,5.5,4.6,65,96.1,81.1,37.5,0.66,2621,47,17.4,9,5,16,4.7,2.19,2.54,35,0.422,0,0,0,3.64,0,0,0.099,59.34,55.74,3.6,5.05,14.03,nhạc trẻ,Lam Trường,1,1,0,0
SIM_00502,FAKE_CAR_0063,AYGO10_UK_MT,Toyota,Aygo hatchback 1.0 VVT-i,2008,1,5.5,4.6,65,96.1,81.1,47.2,0.66,910,0,17.4,0,0,11,7.3,2.19,2.54,95,0.802,0,0,0,10,0,0,0.099,27.91,45.7,-17.79,-9.98,12.31,bolero,Lệ Quyên,1,1,1,0
SIM_00503,FAKE_CAR_0063,AYGO10_UK_MT,Toyota,Aygo hatchback 1.0 VVT-i,2008,1,5.5,4.6,65,96.1,81.1,46.3,0.66,865,0,17.4,0,0,0,6.1,2.19,2.54,80,0.868,0,0,0,8.57,0,0,0.099,26.63,32.07,-5.44,0.94,12.64,bolero,Lệ Quyên,1,1,1,0
SIM_00504,FAKE_CAR_0063,AYGO10_UK_MT,Toyota,Aygo hatchback 1.0 VVT-i,2008,1,5.5,4.6,65,96.1,81.1,38.7,0.66,2445,43,17.4,0,5,11,7,2.19,2.54,65,0.59,0,0,0,6.05,0,0,0.099,57.79,46.45,11.34,15.2,14.07,instrumental,không rõ,1,0,0,0
SIM_00505,FAKE_CAR_0064,AURIS14_UK_MT,Toyota,Auris hatchback 1.4 VVT-i,2008,1.4,8.7,6.9,90,95.7,85.7,37.2,0.39,914,0,14.3,12,0,0,4.6,1.94,1.89,80,0.279,0,0,0,5.64,0,0,0.047,38.65,36.54,2.11,5.81,14.16,pop,Hòa Minzy,0,0,0,0
SIM_00506,FAKE_CAR_0064,AURIS14_UK_MT,Toyota,Auris hatchback 1.4 VVT-i,2008,1.4,8.7,6.9,90,95.7,85.7,33.4,0.39,2454,65,14.3,9,5,0,7.6,1.94,1.89,95,0.382,0,0,0,7.39,0,0,0.047,79.88,43.29,36.59,42.04,14.15,rock,không rõ,0,0,0,0
SIM_00507,FAKE_CAR_0064,AURIS14_UK_MT,Toyota,Auris hatchback 1.4 VVT-i,2008,1.4,8.7,6.9,90,95.7,85.7,36.6,0.39,2416,38,14.3,0,13,0,5.1,1.94,1.89,50,0.611,0,0,0,4.21,0,0,0.047,79.08,36.61,42.47,44.74,14.14,rock,không rõ,0,0,0,0
SIM_00508,FAKE_CAR_0064,AURIS14_UK_MT,Toyota,Auris hatchback 1.4 VVT-i,2008,1.4,8.7,6.9,90,95.7,85.7,37.8,0.39,2166,39,14.3,13,10,0,7.8,1.94,1.89,10,0.208,0,0,0,2,0,0,0.047,73.85,47.1,26.75,26.81,14.15,instrumental,không rõ,0,0,0,0
SIM_00509,FAKE_CAR_0064,AURIS14_UK_MT,Toyota,Auris hatchback 1.4 VVT-i,2008,1.4,8.7,6.9,90,95.7,85.7,35.7,0.39,742,0,14.3,0,11,0,7.6,1.94,1.89,35,0.629,0,0,0,3.19,0,0,0.047,31.87,36.09,-4.22,-2.97,12.77,pop,Hòa Minzy,0,0,1,0
SIM_00510,FAKE_CAR_0064,AURIS14_UK_MT,Toyota,Auris hatchback 1.4 VVT-i,2008,1.4,8.7,6.9,90,95.7,85.7,38,0.39,888,0,14.3,8,0,0,4.7,1.94,1.89,35,0.333,0,0,0,2.9,0,0,0.047,37.62,29.9,7.72,8.68,14.16,rock,không rõ,0,0,0,0
SIM_00511,FAKE_CAR_0064,AURIS14_UK_MT,Toyota,Auris hatchback 1.4 VVT-i,2008,1.4,8.7,6.9,90,95.7,85.7,39.3,0.39,1800,17,14.3,12,5,0,4.4,1.94,1.89,65,0.46,0,0,0,5.05,0,0,0.047,66.2,40.75,25.45,28.56,14.11,dân ca/pop,Phương Mỹ Chi,0,0,0,0
SIM_00512,FAKE_CAR_0064,AURIS14_UK_MT,Toyota,Auris hatchback 1.4 VVT-i,2008,1.4,8.7,6.9,90,95.7,85.7,37.1,0.39,1962,26,14.3,12,5,0,6.4,1.94,1.89,10,0.754,0,0,0,2.07,0,0,0.047,69.59,39.77,29.82,29.95,14.06,dân ca/pop,Phương Mỹ Chi,0,0,0,0
SIM_00513,FAKE_CAR_0065,AURIS16_UK_MT,Toyota,Auris hatchback 1.6 VVT-i,2008,1.6,9,7.1,100,89.1,92,42.8,0.69,901,0,14.6,0,0,0,6.6,2.28,2.25,35,0.485,1,12,3.2,3.41,0,0,0.089,39.45,27.81,11.64,15.97,14.08,rock,không rõ,0,0,0,0
SIM_00514,FAKE_CAR_0065,AURIS16_UK_MT,Toyota,Auris hatchback 1.6 VVT-i,2008,1.6,9,7.1,100,89.1,92,42.9,0.69,916,0,14.6,0,0,0,4.4,2.28,2.25,65,0.228,1,12,4.9,4.77,0,0,0.089,40.06,28.67,11.39,18.78,14.07,instrumental,không rõ,0,0,0,0
SIM_00515,FAKE_CAR_0065,AURIS16_UK_MT,Toyota,Auris hatchback 1.6 VVT-i,2008,1.6,9,7.1,100,89.1,92,35.5,0.69,978,0,14.6,14,14,0,6.8,2.28,2.25,80,0.542,1,12,8.48,7.01,0,0,0.089,42.58,64.89,-22.31,-9.1,12.2,bolero,Lệ Quyên,0,0,1,0
SIM_00516,FAKE_CAR_0065,AURIS16_UK_MT,Toyota,Auris hatchback 1.6 VVT-i,2008,1.6,9,7.1,100,89.1,92,41.2,0.69,768,0,14.6,0,5,0,6.3,2.28,2.25,35,0.28,1,12,2.66,3.21,0,0,0.089,34.03,31.77,2.26,5.85,14.1,nhạc trẻ,Lam Trường,0,0,0,0
SIM_00517,FAKE_CAR_0065,AURIS16_UK_MT,Toyota,Auris hatchback 1.6 VVT-i,2008,1.6,9,7.1,100,89.1,92,41.7,0.69,1684,28,14.6,0,5,0,6.5,2.28,2.25,20,0.681,1,12,2.5,2.79,0,0,0.089,65.97,31.39,34.58,37.59,14.08,dân ca/pop,Phương Mỹ Chi,0,0,0,0
SIM_00518,FAKE_CAR_0065,AURIS16_UK_MT,Toyota,Auris hatchback 1.6 VVT-i,2008,1.6,9,7.1,100,89.1,92,41.7,0.69,2421,42,14.6,10,0,9,5.9,2.28,2.25,50,0.333,1,12,4,4.07,0,0,0.089,81.92,47.57,34.35,40.14,14.15,pop,Hòa Minzy,0,0,0,0
SIM_00519,FAKE_CAR_0065,AURIS16_UK_MT,Toyota,Auris hatchback 1.6 VVT-i,2008,1.6,9,7.1,100,89.1,92,35.3,0.69,866,0,14.6,13,0,0,4.4,2.28,2.25,50,0.852,1,12,5.95,5,0,0,0.089,38.02,42.95,-4.93,3.74,12.73,pop,Hòa Minzy,0,0,1,0
SIM_00520,FAKE_CAR_0065,AURIS16_UK_MT,Toyota,Auris hatchback 1.6 VVT-i,2008,1.6,9,7.1,100,89.1,92,42.1,0.69,800,0,14.6,0,5,0,5,2.28,2.25,95,0.692,1,12,11.95,9.35,0,0,0.089,35.33,45.9,-10.57,8.45,12.46,nhạc trẻ,Lam Trường,0,0,1,0
SIM_00521,FAKE_CAR_0066,AVENSIS18_UK_MT,Toyota,Avensis sedan/hatch 1.8 VVT-i,2008,1.8,9.4,7.2,110,88.5,99.7,67.5,0.46,789,0,20.9,0,0,0,2.2,1.67,1.73,50,0.218,0,0,0,3.35,0,0,0.089,38.12,26.45,11.67,13.35,14.16,pop,Hòa Minzy,0,0,0,0
SIM_00522,FAKE_CAR_0066,AVENSIS18_UK_MT,Toyota,Avensis sedan/hatch 1.8 VVT-i,2008,1.8,9.4,7.2,110,88.5,99.7,56.4,0.46,860,0,20.9,0,0,0,5.7,1.67,1.73,50,0.691,0,0,0,4.19,0,0,0.089,41.28,30.79,10.49,13.01,14.05,rock,không rõ,0,0,0,0
SIM_00523,FAKE_CAR_0066,AVENSIS18_UK_MT,Toyota,Avensis sedan/hatch 1.8 VVT-i,2008,1.8,9.4,7.2,110,88.5,99.7,59.3,0.46,2363,17,20.9,0,13,0,2.2,1.67,1.73,95,0.739,0,0,0,9.07,0,0,0.089,88.13,45.17,42.96,50.36,14.09,nhạc trẻ,Lam Trường,0,0,0,0
SIM_00524,FAKE_CAR_0066,AVENSIS18_UK_MT,Toyota,Avensis sedan/hatch 1.8 VVT-i,2008,1.8,9.4,7.2,110,88.5,99.7,58.9,0.46,2221,45,20.9,0,0,0,4.9,1.67,1.73,80,0.698,0,0,0,7.1,0,0,0.089,84.77,32.9,51.87,57.3,14.14,rock,không rõ,0,0,0,0
SIM_00525,FAKE_CAR_0066,AVENSIS18_UK_MT,Toyota,Avensis sedan/hatch 1.8 VVT-i,2008,1.8,9.4,7.2,110,88.5,99.7,65.2,0.46,873,0,20.9,0,5,14,3.5,1.67,1.73,95,0.423,0,0,0,7.44,0,0,0.089,41.85,50.84,-8.99,-3.22,12.59,dân ca/pop,Phương Mỹ Chi,0,0,1,0
SIM_00526,FAKE_CAR_0066,AVENSIS18_UK_MT,Toyota,Avensis sedan/hatch 1.8 VVT-i,2008,1.8,9.4,7.2,110,88.5,99.7,57.9,0.46,2103,52,20.9,0,0,0,5.4,1.67,1.73,80,0.642,0,0,0,6.88,0,0,0.089,81.98,33.18,48.8,54.01,14.13,nhạc trẻ,Lam Trường,0,0,0,0
SIM_00527,FAKE_CAR_0066,AVENSIS18_UK_MT,Toyota,Avensis sedan/hatch 1.8 VVT-i,2008,1.8,9.4,7.2,110,88.5,99.7,57.6,0.46,756,0,20.9,0,5,0,4.4,1.67,1.73,20,0.761,0,0,0,2.3,0,0,0.089,36.65,32.6,4.05,4.68,14.14,nhạc trẻ,Lam Trường,0,0,0,0
SIM_00528,FAKE_CAR_0066,AVENSIS18_UK_MT,Toyota,Avensis sedan/hatch 1.8 VVT-i,2008,1.8,9.4,7.2,110,88.5,99.7,57.3,0.46,910,0,20.9,0,14,0,2.3,1.67,1.73,65,0.535,0,0,0,5.09,0,0,0.089,43.5,42.29,1.21,4.63,14.06,instrumental,không rõ,0,0,0,0
SIM_00529,FAKE_CAR_0067,RAV4_20_UK_MT,Toyota,RAV4 2.0 VVT-i,2008,2,11,8.6,130,90.5,76.9,59.7,0.3,1677,44,14.9,0,5,15,4.4,1.68,3.05,95,0.789,0,0,0,10,0,0,0.084,86.91,49.3,37.61,45.93,14.07,bolero,Lệ Quyên,0,0,0,0
SIM_00530,FAKE_CAR_0067,RAV4_20_UK_MT,Toyota,RAV4 2.0 VVT-i,2008,2,11,8.6,130,90.5,76.9,49.2,0.3,1874,18,14.9,13,5,0,3.9,1.68,3.05,65,0.833,0,0,0,7.23,0,0,0.084,92.54,44.03,48.51,54.06,14.17,pop,Hòa Minzy,0,0,0,0
SIM_00531,FAKE_CAR_0067,RAV4_20_UK_MT,Toyota,RAV4 2.0 VVT-i,2008,2,11,8.6,130,90.5,76.9,60.7,0.3,2678,16,14.9,0,16,0,5.7,1.68,3.05,95,0.733,0,0,0,10,0,0,0.084,111.77,46.6,65.17,73.49,14.09,rock,không rõ,0,0,0,0
SIM_00532,FAKE_CAR_0067,RAV4_20_UK_MT,Toyota,RAV4 2.0 VVT-i,2008,2,11,8.6,130,90.5,76.9,51.8,0.3,2857,62,14.9,0,5,0,5.4,1.68,3.05,65,0.835,0,0,0,7.24,0,0,0.084,111.77,32.54,79.23,84.79,14.16,pop,Hòa Minzy,0,0,0,0
SIM_00533,FAKE_CAR_0067,RAV4_20_UK_MT,Toyota,RAV4 2.0 VVT-i,2008,2,11,8.6,130,90.5,76.9,56.2,0.3,1924,31,14.9,0,5,0,4.1,1.68,3.05,20,0.662,0,0,0,3.58,0,0,0.084,93.97,27.58,66.39,68.29,14.05,bolero,Lệ Quyên,0,0,0,0
SIM_00534,FAKE_CAR_0067,RAV4_20_UK_MT,Toyota,RAV4 2.0 VVT-i,2008,2,11,8.6,130,90.5,76.9,58.5,0.3,2263,20,14.9,0,10,0,4.6,1.68,3.05,95,0.363,0,0,0,8.46,0,0,0.084,103.65,37.96,65.69,72.47,14.12,pop,Hòa Minzy,0,0,0,0
SIM_00535,FAKE_CAR_0067,RAV4_20_UK_MT,Toyota,RAV4 2.0 VVT-i,2008,2,11,8.6,130,90.5,76.9,56.6,0.3,2313,33,14.9,13,8,0,5.4,1.68,3.05,10,0.356,0,0,0,3.18,0,0,0.084,105.08,44.48,60.6,62.1,14.13,pop,Hòa Minzy,0,0,0,0
SIM_00536,FAKE_CAR_0067,RAV4_20_UK_MT,Toyota,RAV4 2.0 VVT-i,2008,2,11,8.6,130,90.5,76.9,52.5,0.3,2601,24,14.9,0,0,0,5.6,1.68,3.05,35,0.734,0,0,0,4.46,0,0,0.084,111.77,24.96,86.81,89.59,14.05,nhạc trẻ,Lam Trường,0,0,0,0
SIM_00537,FAKE_CAR_0068,MAZDA2_13_UK_MT,Mazda,Mazda2 hatchback 1.3 MZR 86ps 5 cửa,2008,1.349,6.9,5.2,80,93.2,93.4,70.8,0.59,924,0,16,0,9,0,1.7,1.4,2.75,80,0.608,0,0,0,7.77,0,0,0.283,33.79,34.47,-0.68,5.69,12.71,nhạc trẻ,Lam Trường,0,0,0,0
SIM_00538,FAKE_CAR_0068,MAZDA2_13_UK_MT,Mazda,Mazda2 hatchback 1.3 MZR 86ps 5 cửa,2008,1.349,6.9,5.2,80,93.2,93.4,61,0.59,2291,65,16,0,5,0,2.9,1.4,2.75,95,0.8,0,0,0,10,0,0,0.283,66.2,33.9,32.3,40.9,13.96,rock,không rõ,0,0,0,0
SIM_00539,FAKE_CAR_0068,MAZDA2_13_UK_MT,Mazda,Mazda2 hatchback 1.3 MZR 86ps 5 cửa,2008,1.349,6.9,5.2,80,93.2,93.4,61.9,0.59,2467,52,16,0,16,0,3.8,1.4,2.75,80,0.27,0,0,0,6.46,0,0,0.283,69.38,42.26,27.12,32.18,13.95,dân ca/pop,Phương Mỹ Chi,0,0,0,0
SIM_00540,FAKE_CAR_0068,MAZDA2_13_UK_MT,Mazda,Mazda2 hatchback 1.3 MZR 86ps 5 cửa,2008,1.349,6.9,5.2,80,93.2,93.4,62.8,0.59,911,0,16,0,16,0,2.4,1.4,2.75,10,0.664,0,0,0,2.92,0,0,0.283,33.35,37.32,-3.97,-2.45,12.54,dân ca/pop,Phương Mỹ Chi,0,0,1,0
SIM_00541,FAKE_CAR_0068,MAZDA2_13_UK_MT,Mazda,Mazda2 hatchback 1.3 MZR 86ps 5 cửa,2008,1.349,6.9,5.2,80,93.2,93.4,72.6,0.59,2125,19,16,0,0,0,5.3,1.4,2.75,95,0.425,0,0,0,8.47,0,0,0.283,63.19,29.77,33.42,40.49,13.95,bolero,Lệ Quyên,0,0,0,0
SIM_00542,FAKE_CAR_0068,MAZDA2_13_UK_MT,Mazda,Mazda2 hatchback 1.3 MZR 86ps 5 cửa,2008,1.349,6.9,5.2,80,93.2,93.4,64,0.59,878,0,16,0,10,9,1.9,1.4,2.75,50,0.587,0,0,0,5.02,0,0,0.283,32.23,41.92,-9.69,-6.07,12.38,pop,Hòa Minzy,0,0,0,0
SIM_00543,FAKE_CAR_0068,MAZDA2_13_UK_MT,Mazda,Mazda2 hatchback 1.3 MZR 86ps 5 cửa,2008,1.349,6.9,5.2,80,93.2,93.4,64.4,0.59,946,0,16,12,12,12,5,1.4,2.75,20,0.457,0,0,0,3.2,0,0,0.283,34.54,60.2,-25.66,-23.86,11.97,pop,Hòa Minzy,0,0,0,0
SIM_00544,FAKE_CAR_0068,MAZDA2_13_UK_MT,Mazda,Mazda2 hatchback 1.3 MZR 86ps 5 cửa,2008,1.349,6.9,5.2,80,93.2,93.4,64.3,0.59,1902,33,16,0,13,14,4,1.4,2.75,20,0.222,0,0,0,3.11,0,0,0.283,59.15,50.11,9.04,10.75,13.92,bolero,Lệ Quyên,0,0,0,0
SIM_00545,FAKE_CAR_0069,MAZDA2_15_UK_MT,Mazda,Mazda2 hatchback 1.5 MZR 103ps,2008,1.498,7.6,5.7,90,86.4,76.5,46.7,0.34,727,0,16.7,13,15,0,4.9,2.55,3.04,10,0.303,1,12,1.42,3.16,1,5.57,0.057,28.24,59.75,-31.51,-23.91,11.98,dân ca/pop,Phương Mỹ Chi,0,0,1,0
SIM_00546,FAKE_CAR_0069,MAZDA2_15_UK_MT,Mazda,Mazda2 hatchback 1.5 MZR 103ps,2008,1.498,7.6,5.7,90,86.4,76.5,52.3,0.34,732,0,16.7,0,5,0,4.9,2.55,3.04,65,0.738,1,12,7.5,6.96,1,5.57,0.057,28.42,46.63,-18.21,-0.73,12.32,instrumental,không rõ,0,0,1,0
SIM_00547,FAKE_CAR_0069,MAZDA2_15_UK_MT,Mazda,Mazda2 hatchback 1.5 MZR 103ps,2008,1.498,7.6,5.7,90,86.4,76.5,41,0.34,767,0,16.7,0,5,0,6.9,2.55,3.04,10,0.618,1,12,1.85,3.2,1,5.57,0.057,29.66,39.22,-9.56,-1.49,12.55,dân ca/pop,Phương Mỹ Chi,0,0,1,0
SIM_00548,FAKE_CAR_0069,MAZDA2_15_UK_MT,Mazda,Mazda2 hatchback 1.5 MZR 103ps,2008,1.498,7.6,5.7,90,86.4,76.5,41.8,0.34,817,0,16.7,0,10,15,6.6,2.55,3.04,65,0.443,1,12,6,6.15,1,5.57,0.057,31.44,66.02,-34.58,-19.41,11.97,pop,Hòa Minzy,0,0,1,0
SIM_00549,FAKE_CAR_0069,MAZDA2_15_UK_MT,Mazda,Mazda2 hatchback 1.5 MZR 103ps,2008,1.498,7.6,5.7,90,86.4,76.5,42.3,0.34,2748,51,16.7,14,5,0,5.9,2.55,3.04,35,0.403,1,12,2.99,4.12,1,5.57,0.057,73.87,54.28,19.59,29.72,14.06,nhạc trẻ,Lam Trường,0,0,0,0
SIM_00550,FAKE_CAR_0069,MAZDA2_15_UK_MT,Mazda,Mazda2 hatchback 1.5 MZR 103ps,2008,1.498,7.6,5.7,90,86.4,76.5,44.9,0.34,962,0,16.7,0,5,0,7.1,2.55,3.04,20,0.738,1,12,2.6,3.6,1,5.57,0.057,36.6,40.57,-3.97,5.25,12.65,rock,không rõ,0,0,1,0
SIM_00551,FAKE_CAR_0069,MAZDA2_15_UK_MT,Mazda,Mazda2 hatchback 1.5 MZR 103ps,2008,1.498,7.6,5.7,90,86.4,76.5,50.7,0.34,755,0,16.7,0,11,0,5.4,2.55,3.04,65,0.406,1,12,5.81,6.05,1,5.57,0.057,29.24,50.53,-21.29,-6.41,12.3,rock,không rõ,0,0,1,0
SIM_00552,FAKE_CAR_0069,MAZDA2_15_UK_MT,Mazda,Mazda2 hatchback 1.5 MZR 103ps,2008,1.498,7.6,5.7,90,86.4,76.5,40.8,0.34,2511,60,16.7,0,15,0,6.2,2.55,3.04,65,0.639,1,12,7,6.69,1,5.57,0.057,73.19,57.16,16.03,32.74,14.14,nhạc trẻ,Lam Trường,0,0,0,0
SIM_00553,FAKE_CAR_0070,HONDA_FIT15_CA_MT,Honda,Fit hatchback 1.5 DX,2008,1.5,7.1,6.5,80,85.1,85.1,62.3,0.33,2454,38,21.9,0,0,0,5.5,1.86,2.2,95,0.696,1,55,54.92,9.32,0,0,0.094,63.14,91.64,-28.5,33.88,12.15,pop,Hòa Minzy,0,0,1,1
SIM_00554,FAKE_CAR_0070,HONDA_FIT15_CA_MT,Honda,Fit hatchback 1.5 DX,2008,1.5,7.1,6.5,80,85.1,85.1,56,0.33,2087,33,21.9,0,8,15,3.6,1.86,2.2,35,0.515,1,55,15.05,3.39,0,0,0.094,57.07,66.94,-9.87,6.71,12.57,nhạc trẻ,Lam Trường,0,0,1,0
SIM_00555,FAKE_CAR_0070,HONDA_FIT15_CA_MT,Honda,Fit hatchback 1.5 DX,2008,1.5,7.1,6.5,80,85.1,85.1,55.6,0.33,1666,46,21.9,0,13,13,6,1.86,2.2,65,0.399,1,55,26.47,5.19,0,0,0.094,50.11,85.56,-35.45,-5.65,11.9,bolero,Lệ Quyên,0,0,1,1
SIM_00556,FAKE_CAR_0070,HONDA_FIT15_CA_MT,Honda,Fit hatchback 1.5 DX,2008,1.5,7.1,6.5,80,85.1,85.1,52.8,0.33,2040,45,21.9,0,5,0,3.6,1.86,2.2,35,0.258,1,55,11.95,3.14,0,0,0.094,56.29,45.59,10.7,23.93,14.03,pop,Hòa Minzy,0,0,0,0
SIM_00557,FAKE_CAR_0070,HONDA_FIT15_CA_MT,Honda,Fit hatchback 1.5 DX,2008,1.5,7.1,6.5,80,85.1,85.1,50.6,0.33,721,0,21.9,14,14,0,3.8,1.86,2.2,80,0.225,1,55,29.21,5.74,0,0,0.094,24.54,88.65,-64.11,-31.02,11.19,nhạc trẻ,Lam Trường,0,0,1,1
SIM_00558,FAKE_CAR_0070,HONDA_FIT15_CA_MT,Honda,Fit hatchback 1.5 DX,2008,1.5,7.1,6.5,80,85.1,85.1,54.7,0.33,2919,48,21.9,9,14,0,5.7,1.86,2.2,50,0.615,1,55,23.19,4.52,0,0,0.094,64.68,78.31,-13.63,12.22,12.4,instrumental,không rõ,0,0,1,1
SIM_00559,FAKE_CAR_0070,HONDA_FIT15_CA_MT,Honda,Fit hatchback 1.5 DX,2008,1.5,7.1,6.5,80,85.1,85.1,60.5,0.33,2981,59,21.9,0,10,12,5.5,1.86,2.2,10,0.848,1,55,9.91,2.39,0,0,0.094,64.68,61.7,2.98,13.42,14.06,dân ca/pop,Phương Mỹ Chi,0,0,0,0
SIM_00560,FAKE_CAR_0070,HONDA_FIT15_CA_MT,Honda,Fit hatchback 1.5 DX,2008,1.5,7.1,6.5,80,85.1,85.1,60.9,0.33,832,0,21.9,12,8,0,3.2,1.86,2.2,65,0.561,1,55,30.26,5.63,0,0,0.094,27.99,80.99,-53,-18.97,11.41,pop,Hòa Minzy,0,0,1,1
SIM_00561,FAKE_CAR_0071,YARIS13_UK_MT,Toyota,Yaris hatchback 1.3 VVT-i,2008,1.3,7.2,6,75,98.4,66.1,61,0.23,2752,24,13.4,0,8,9,1.9,1.66,2.07,95,0.438,1,28,22.91,7.86,0,0,0.014,70.11,63.07,7.04,36.15,14.08,rock,không rõ,0,0,0,0
SIM_00562,FAKE_CAR_0071,YARIS13_UK_MT,Toyota,Yaris hatchback 1.3 VVT-i,2008,1.3,7.2,6,75,98.4,66.1,62.7,0.23,2914,25,13.4,13,8,0,4.8,1.66,2.07,95,0.708,1,28,28.19,9.25,0,0,0.014,70.11,76.64,-6.53,29.25,12.63,dân ca/pop,Phương Mỹ Chi,0,0,1,0
SIM_00563,FAKE_CAR_0071,YARIS13_UK_MT,Toyota,Yaris hatchback 1.3 VVT-i,2008,1.3,7.2,6,75,98.4,66.1,63.4,0.23,2918,37,13.4,12,11,17,3.5,1.66,2.07,50,0.751,1,28,13,4.64,0,0,0.014,70.11,74.54,-4.43,11.55,12.69,dân ca/pop,Phương Mỹ Chi,0,0,1,0
SIM_00564,FAKE_CAR_0071,YARIS13_UK_MT,Toyota,Yaris hatchback 1.3 VVT-i,2008,1.3,7.2,6,75,98.4,66.1,66,0.23,2766,54,13.4,9,5,0,5.5,1.66,2.07,20,0.779,1,28,6.23,2.65,0,0,0.014,70.11,41.78,28.33,35.55,14.1,instrumental,không rõ,0,0,0,0
SIM_00565,FAKE_CAR_0071,YARIS13_UK_MT,Toyota,Yaris hatchback 1.3 VVT-i,2008,1.3,7.2,6,75,98.4,66.1,62,0.23,1794,59,13.4,0,5,13,2.4,1.66,2.07,50,0.507,1,28,10.86,4.2,0,0,0.014,56.61,48.86,7.75,21.15,14.18,instrumental,không rõ,0,0,0,0
SIM_00566,FAKE_CAR_0071,YARIS13_UK_MT,Toyota,Yaris hatchback 1.3 VVT-i,2008,1.3,7.2,6,75,98.4,66.1,67.7,0.23,2331,17,13.4,14,5,18,2.8,1.66,2.07,20,0.646,1,28,5.68,2.59,0,0,0.014,66.24,61.47,4.77,11.38,14.16,instrumental,không rõ,0,0,0,0
SIM_00567,FAKE_CAR_0071,YARIS13_UK_MT,Toyota,Yaris hatchback 1.3 VVT-i,2008,1.3,7.2,6,75,98.4,66.1,70,0.23,2086,31,13.4,0,0,0,2.9,1.66,2.07,80,0.685,1,28,22,7.39,0,0,0.014,61.85,45.69,16.16,43.89,14.08,rock,không rõ,0,0,0,0
SIM_00568,FAKE_CAR_0071,YARIS13_UK_MT,Toyota,Yaris hatchback 1.3 VVT-i,2008,1.3,7.2,6,75,98.4,66.1,73.9,0.23,1823,18,13.4,11,16,0,2.3,1.66,2.07,10,0.307,1,28,3.32,2.19,0,0,0.014,57.13,48.21,8.92,12.77,14.14,dân ca/pop,Phương Mỹ Chi,0,0,0,0
SIM_00569,FAKE_CAR_0072,YARIS13_UK_MM,Toyota,Yaris hatchback 1.3 VVT-i,2008,1.3,6.7,5.8,85,52.9,96.6,48.7,0.44,967,0,20.6,0,5,18,5.3,2.84,2.36,65,0.533,0,0,0,5.72,0,0,0.049,21.26,54.62,-33.36,-30.48,11.92,bolero,Lệ Quyên,0,0,0,0
SIM_00570,FAKE_CAR_0072,YARIS13_UK_MM,Toyota,Yaris hatchback 1.3 VVT-i,2008,1.3,6.7,5.8,85,52.9,96.6,37.1,0.44,777,0,20.6,0,10,0,4,2.84,2.36,65,0.204,0,0,0,4.81,0,0,0.049,17.36,39.41,-22.05,-20.08,12.2,rock,không rõ,0,0,0,0
SIM_00571,FAKE_CAR_0072,YARIS13_UK_MM,Toyota,Yaris hatchback 1.3 VVT-i,2008,1.3,6.7,5.8,85,52.9,96.6,48,0.44,866,0,20.6,0,0,13,6.1,2.84,2.36,35,0.463,0,0,0,3.5,0,0,0.049,19.19,43.2,-24.01,-23.35,12.25,rock,không rõ,0,0,0,0
SIM_00572,FAKE_CAR_0072,YARIS13_UK_MM,Toyota,Yaris hatchback 1.3 VVT-i,2008,1.3,6.7,5.8,85,52.9,96.6,43.7,0.44,827,0,20.6,9,10,0,5.2,2.84,2.36,10,0.699,0,0,0,2.53,0,0,0.049,18.39,47.33,-28.94,-29.25,12.04,instrumental,không rõ,0,0,0,0
SIM_00573,FAKE_CAR_0072,YARIS13_UK_MM,Toyota,Yaris hatchback 1.3 VVT-i,2008,1.3,6.7,5.8,85,52.9,96.6,46.5,0.44,1909,54,20.6,0,16,0,5,2.84,2.36,65,0.366,0,0,0,5.26,0,0,0.049,35.75,46.86,-11.11,-8.69,12.59,dân ca/pop,Phương Mỹ Chi,0,0,0,0
SIM_00574,FAKE_CAR_0072,YARIS13_UK_MM,Toyota,Yaris hatchback 1.3 VVT-i,2008,1.3,6.7,5.8,85,52.9,96.6,36.7,0.44,865,0,20.6,13,5,0,6.1,2.84,2.36,20,0.735,0,0,0,2.92,0,0,0.049,19.17,47.62,-28.45,-28.37,12.11,pop,Hòa Minzy,0,0,0,0
SIM_00575,FAKE_CAR_0072,YARIS13_UK_MM,Toyota,Yaris hatchback 1.3 VVT-i,2008,1.3,6.7,5.8,85,52.9,96.6,43.8,0.44,2835,52,20.6,13,5,12,3.8,2.84,2.36,20,0.493,0,0,0,2.82,0,0,0.049,42.72,57.22,-14.5,-14.52,12.5,pop,Hòa Minzy,0,0,0,0
SIM_00576,FAKE_CAR_0072,YARIS13_UK_MM,Toyota,Yaris hatchback 1.3 VVT-i,2008,1.3,6.7,5.8,85,52.9,96.6,47.5,0.44,2016,52,20.6,0,14,0,7.2,2.84,2.36,10,0.242,0,0,0,2.48,0,0,0.049,36.92,44.28,-7.36,-7.72,12.7,pop,Hòa Minzy,0,0,0,0
SIM_00577,FAKE_CAR_0073,YARIS13_NCP_2NZ,Toyota,Yaris 1.3 NCP9# / 2NZ-FE,2008,1.3,,,80,95.7,80.6,66.8,0.75,909,0,19.8,0,9,0,4.4,1.7,2.26,50,0.778,0,0,0,4.88,0,0,0.113,34.18,38.08,-3.9,-0.72,12.65,rock,không rõ,0,0,1,0
SIM_00578,FAKE_CAR_0073,YARIS13_NCP_2NZ,Toyota,Yaris 1.3 NCP9# / 2NZ-FE,2008,1.3,,,80,95.7,80.6,66,0.75,987,0,19.8,0,16,14,4.5,1.7,2.26,95,0.778,0,0,0,9.8,0,0,0.113,36.91,64.1,-27.19,-19.09,12.14,bolero,Lệ Quyên,0,0,1,0
SIM_00579,FAKE_CAR_0073,YARIS13_NCP_2NZ,Toyota,Yaris 1.3 NCP9# / 2NZ-FE,2008,1.3,,,80,95.7,80.6,58.9,0.75,726,0,19.8,11,10,0,5.7,1.7,2.26,65,0.793,0,0,0,6.33,0,0,0.113,27.77,52.83,-25.06,-20.43,12.11,rock,không rõ,0,0,0,0
SIM_00580,FAKE_CAR_0073,YARIS13_NCP_2NZ,Toyota,Yaris 1.3 NCP9# / 2NZ-FE,2008,1.3,,,80,95.7,80.6,55.4,0.75,728,0,19.8,0,11,0,3.8,1.7,2.26,20,0.845,0,0,0,2.86,0,0,0.113,27.84,37.46,-9.62,-8.46,12.49,instrumental,không rõ,0,0,0,0
SIM_00581,FAKE_CAR_0073,YARIS13_NCP_2NZ,Toyota,Yaris 1.3 NCP9# / 2NZ-FE,2008,1.3,,,80,95.7,80.6,58.4,0.75,898,0,19.8,0,5,0,2.8,1.7,2.26,95,0.565,0,0,0,8.7,0,0,0.113,33.79,36.3,-2.51,4.49,12.68,pop,Hòa Minzy,0,0,0,0
SIM_00582,FAKE_CAR_0073,YARIS13_NCP_2NZ,Toyota,Yaris 1.3 NCP9# / 2NZ-FE,2008,1.3,,,80,95.7,80.6,66.5,0.75,966,0,19.8,11,12,0,5.2,1.7,2.26,80,0.71,0,0,0,7.68,0,0,0.113,36.17,55.68,-19.51,-13.53,12.25,bolero,Lệ Quyên,0,0,1,0
SIM_00583,FAKE_CAR_0073,YARIS13_NCP_2NZ,Toyota,Yaris 1.3 NCP9# / 2NZ-FE,2008,1.3,,,80,95.7,80.6,61.5,0.75,935,0,19.8,8,8,0,3.7,1.7,2.26,10,0.404,0,0,0,2.4,0,0,0.113,35.09,41.9,-6.81,-6.11,12.65,dân ca/pop,Phương Mỹ Chi,0,0,0,0
SIM_00584,FAKE_CAR_0073,YARIS13_NCP_2NZ,Toyota,Yaris 1.3 NCP9# / 2NZ-FE,2008,1.3,,,80,95.7,80.6,61.8,0.75,902,0,19.8,9,0,0,2.7,1.7,2.26,95,0.735,0,0,0,9.58,0,0,0.113,33.93,41.08,-7.15,0.73,12.66,bolero,Lệ Quyên,0,0,1,0
SIM_00585,FAKE_CAR_0074,YARIS15_CA_MT,Toyota,Yaris hatchback 1.5,2008,1.5,7,6.3,90,93.4,42.9,49.1,0.28,2223,55,13.5,0,14,0,7.1,1.4,1.73,10,0.593,0,0,0,1.89,0,0,0.029,73.24,36.49,36.75,37.24,14.1,bolero,Lệ Quyên,0,0,0,0
SIM_00586,FAKE_CAR_0074,YARIS15_CA_MT,Toyota,Yaris hatchback 1.5,2008,1.5,7,6.3,90,93.4,42.9,45.8,0.28,2820,50,13.5,13,5,0,4.4,1.4,1.73,80,0.774,0,0,0,7.39,0,0,0.029,79.86,43.29,36.57,42.56,14.14,dân ca/pop,Phương Mỹ Chi,0,0,0,0
SIM_00587,FAKE_CAR_0074,YARIS15_CA_MT,Toyota,Yaris hatchback 1.5,2008,1.5,7,6.3,90,93.4,42.9,51.3,0.28,977,0,13.5,0,10,0,3.9,1.4,1.73,20,0.675,0,0,0,2.27,0,0,0.029,40.14,29.67,10.47,11.34,14.15,bolero,Lệ Quyên,0,0,0,0
SIM_00588,FAKE_CAR_0074,YARIS15_CA_MT,Toyota,Yaris hatchback 1.5,2008,1.5,7,6.3,90,93.4,42.9,48.5,0.28,2093,58,13.5,0,5,0,5.7,1.4,1.73,10,0.763,0,0,0,1.91,0,0,0.029,70.59,26.11,44.48,44.99,14.2,bolero,Lệ Quyên,0,0,0,0
SIM_00589,FAKE_CAR_0074,YARIS15_CA_MT,Toyota,Yaris hatchback 1.5,2008,1.5,7,6.3,90,93.4,42.9,42.8,0.28,1923,39,13.5,0,0,0,5.6,1.4,1.73,80,0.229,0,0,0,5.28,0,0,0.029,67.12,24.38,42.74,46.62,14.16,bolero,Lệ Quyên,0,0,0,0
SIM_00590,FAKE_CAR_0074,YARIS15_CA_MT,Toyota,Yaris hatchback 1.5,2008,1.5,7,6.3,90,93.4,42.9,47.8,0.28,2385,28,13.5,0,16,17,4.2,1.4,1.73,10,0.769,0,0,0,1.91,0,0,0.029,76.55,52.61,23.94,24.45,14.17,bolero,Lệ Quyên,0,0,0,0
SIM_00591,FAKE_CAR_0074,YARIS15_CA_MT,Toyota,Yaris hatchback 1.5,2008,1.5,7,6.3,90,93.4,42.9,43.4,0.28,1821,47,13.5,0,8,0,6,1.4,1.73,95,0.576,0,0,0,8.23,0,0,0.029,65.03,35.73,29.3,36.13,14.19,dân ca/pop,Phương Mỹ Chi,0,0,0,0
SIM_00592,FAKE_CAR_0074,YARIS15_CA_MT,Toyota,Yaris hatchback 1.5,2008,1.5,7,6.3,90,93.4,42.9,40.8,0.28,751,0,13.5,9,12,10,3.4,1.4,1.73,95,0.391,0,0,0,7.28,0,0,0.029,31.45,55.18,-23.73,-17.85,12.24,nhạc trẻ,Lam Trường,0,0,1,0
SIM_00593,FAKE_CAR_0075,YARIS15_CA_AT,Toyota,Yaris hatchback 1.5,2008,1.5,7,6.4,85,95.1,58.3,57,0.45,762,0,20.6,0,13,0,3.7,2.14,2.66,20,0.546,0,0,0,3.15,0,0,0.072,30.65,40.45,-9.8,-8.79,12.61,nhạc trẻ,Lam Trường,0,0,0,0
SIM_00594,FAKE_CAR_0075,YARIS15_CA_AT,Toyota,Yaris hatchback 1.5,2008,1.5,7,6.4,85,95.1,58.3,69.1,0.45,931,0,20.6,0,0,0,3.9,2.14,2.66,95,0.35,0,0,0,8,0,0,0.072,36.9,32.5,4.4,10.26,14.08,rock,không rõ,0,0,0,0
SIM_00595,FAKE_CAR_0075,YARIS15_CA_AT,Toyota,Yaris hatchback 1.5,2008,1.5,7,6.4,85,95.1,58.3,61.1,0.45,729,0,20.6,0,9,14,2.9,2.14,2.66,10,0.599,0,0,0,2.82,0,0,0.072,29.43,49.32,-19.89,-19.21,12.31,rock,không rõ,0,0,0,0
SIM_00596,FAKE_CAR_0075,YARIS15_CA_AT,Toyota,Yaris hatchback 1.5,2008,1.5,7,6.4,85,95.1,58.3,58.8,0.45,917,0,20.6,0,5,0,3.8,2.14,2.66,95,0.604,0,0,0,9.31,0,0,0.072,36.38,38.71,-2.33,4.84,12.68,pop,Hòa Minzy,0,0,0,0
SIM_00597,FAKE_CAR_0075,YARIS15_CA_AT,Toyota,Yaris hatchback 1.5,2008,1.5,7,6.4,85,95.1,58.3,66.8,0.45,2617,34,20.6,10,5,0,2.9,2.14,2.66,20,0.32,0,0,0,3.06,0,0,0.072,76.79,41.56,35.23,36.15,14.14,dân ca/pop,Phương Mỹ Chi,0,0,0,0
SIM_00598,FAKE_CAR_0075,YARIS15_CA_AT,Toyota,Yaris hatchback 1.5,2008,1.5,7,6.4,85,95.1,58.3,57.3,0.45,2780,29,20.6,11,0,9,2.5,2.14,2.66,65,0.743,0,0,0,6.6,0,0,0.072,76.79,49.7,27.09,31.55,14.15,dân ca/pop,Phương Mỹ Chi,0,0,0,0
SIM_00599,FAKE_CAR_0075,YARIS15_CA_AT,Toyota,Yaris hatchback 1.5,2008,1.5,7,6.4,85,95.1,58.3,58.3,0.45,930,0,20.6,9,5,0,2.8,2.14,2.66,95,0.766,0,0,0,10,0,0,0.072,36.86,47.4,-10.54,-2.68,12.53,nhạc trẻ,Lam Trường,0,0,1,0
SIM_00600,FAKE_CAR_0075,YARIS15_CA_AT,Toyota,Yaris hatchback 1.5,2008,1.5,7,6.4,85,95.1,58.3,58.3,0.45,1668,42,20.6,0,5,0,4.1,2.14,2.66,35,0.6,0,0,0,3.94,0,0,0.072,59.54,33.64,25.9,27.7,14.04,instrumental,không rõ,0,0,0,0
SIM_00601,FAKE_CAR_0076,YARIS10_UK_MT,Toyota,Yaris hatchback 1.0 VVT-i,2008,1,6.4,5.4,70,86.3,81,74,0.34,813,0,13.5,0,0,0,1.8,2.01,2.53,20,0.494,0,0,0,2.99,0,0,0.687,24.32,18.29,6.03,7.01,13.69,pop,Hòa Minzy,0,0,0,0
SIM_00602,FAKE_CAR_0076,YARIS10_UK_MT,Toyota,Yaris hatchback 1.0 VVT-i,2008,1,6.4,5.4,70,86.3,81,65,0.34,858,0,13.5,0,5,0,2.7,2.01,2.53,95,0.795,0,0,0,10,0,0,0.687,25.56,31.2,-5.64,2.35,12.24,dân ca/pop,Phương Mỹ Chi,0,0,1,0
SIM_00603,FAKE_CAR_0076,YARIS10_UK_MT,Toyota,Yaris hatchback 1.0 VVT-i,2008,1,6.4,5.4,70,86.3,81,72.4,0.34,2950,47,13.5,0,5,0,2.8,2.01,2.53,10,0.707,0,0,0,2.7,0,0,0.687,57.39,24,33.39,34.08,13.74,instrumental,không rõ,0,0,0,0
SIM_00604,FAKE_CAR_0076,YARIS10_UK_MT,Toyota,Yaris hatchback 1.0 VVT-i,2008,1,6.4,5.4,70,86.3,81,74.7,0.34,2977,36,13.5,0,5,0,3.8,2.01,2.53,80,0.247,0,0,0,6.15,0,0,0.687,57.39,28.45,28.94,33.08,13.77,pop,Hòa Minzy,0,0,0,0
SIM_00605,FAKE_CAR_0076,YARIS10_UK_MT,Toyota,Yaris hatchback 1.0 VVT-i,2008,1,6.4,5.4,70,86.3,81,66.5,0.34,2106,48,13.5,0,8,18,1.7,2.01,2.53,10,0.616,0,0,0,2.69,0,0,0.687,50.92,43.89,7.03,7.71,13.74,bolero,Lệ Quyên,0,0,0,0
SIM_00606,FAKE_CAR_0076,YARIS10_UK_MT,Toyota,Yaris hatchback 1.0 VVT-i,2008,1,6.4,5.4,70,86.3,81,72.6,0.34,1987,59,13.5,0,16,0,1.8,2.01,2.53,65,0.767,0,0,0,6.53,0,0,0.687,49.17,37.83,11.34,15.86,13.72,rock,không rõ,0,0,0,0
SIM_00607,FAKE_CAR_0076,YARIS10_UK_MT,Toyota,Yaris hatchback 1.0 VVT-i,2008,1,6.4,5.4,70,86.3,81,62.6,0.34,799,0,13.5,8,9,0,2.4,2.01,2.53,80,0.435,0,0,0,6.88,0,0,0.687,23.93,39.78,-15.85,-10.98,12.02,dân ca/pop,Phương Mỹ Chi,0,0,0,0
SIM_00608,FAKE_CAR_0076,YARIS10_UK_MT,Toyota,Yaris hatchback 1.0 VVT-i,2008,1,6.4,5.4,70,86.3,81,66.2,0.34,832,0,13.5,0,8,0,4.3,2.01,2.53,20,0.702,0,0,0,3.08,0,0,0.687,24.84,28.88,-4.04,-2.97,12.37,instrumental,không rõ,0,0,1,0
SIM_00609,FAKE_CAR_0077,AYGO10_UK_MT,Toyota,Aygo hatchback 1.0 VVT-i,2008,1,5.5,4.6,75,86.2,81.3,31,0.35,960,0,13.1,9,15,0,6.8,2.76,2.63,65,0.374,1,90,42.36,5.55,1,9.41,0.023,30.37,101.22,-70.85,-16.29,11.15,instrumental,không rõ,0,1,1,0
SIM_00610,FAKE_CAR_0077,AYGO10_UK_MT,Toyota,Aygo hatchback 1.0 VVT-i,2008,1,5.5,4.6,75,86.2,81.3,39.9,0.35,1900,48,13.1,0,14,0,5.6,2.76,2.63,50,0.623,1,90,38.18,4.97,1,9.41,0.023,51.26,85.26,-34,15.8,11.99,bolero,Lệ Quyên,0,0,1,0
SIM_00611,FAKE_CAR_0077,AYGO10_UK_MT,Toyota,Aygo hatchback 1.0 VVT-i,2008,1,5.5,4.6,75,86.2,81.3,35.7,0.35,1977,36,13.1,0,9,0,7.2,2.76,2.63,20,0.772,1,90,19.94,3.2,1,9.41,0.023,52.47,61.85,-9.38,20.41,12.58,bolero,Lệ Quyên,0,0,1,0
SIM_00612,FAKE_CAR_0077,AYGO10_UK_MT,Toyota,Aygo hatchback 1.0 VVT-i,2008,1,5.5,4.6,75,86.2,81.3,32.3,0.35,884,0,13.1,0,9,9,6.6,2.76,2.63,65,0.623,1,90,51.88,6.24,1,9.41,0.023,28.12,105.23,-77.11,-12.34,11.21,instrumental,không rõ,0,1,1,0
SIM_00613,FAKE_CAR_0077,AYGO10_UK_MT,Toyota,Aygo hatchback 1.0 VVT-i,2008,1,5.5,4.6,75,86.2,81.3,36.1,0.35,781,0,13.1,0,15,0,5.9,2.76,2.63,10,0.249,1,90,10.07,2.75,1,9.41,0.023,25.08,56.23,-31.15,-11.68,12.03,bolero,Lệ Quyên,0,0,1,0
SIM_00614,FAKE_CAR_0077,AYGO10_UK_MT,Toyota,Aygo hatchback 1.0 VVT-i,2008,1,5.5,4.6,75,86.2,81.3,39.8,0.35,1869,30,13.1,0,5,17,4.6,2.76,2.63,50,0.792,1,90,42.93,5.27,1,9.41,0.023,50.77,97.31,-46.54,8.31,11.69,pop,Hòa Minzy,0,0,1,0
SIM_00615,FAKE_CAR_0077,AYGO10_UK_MT,Toyota,Aygo hatchback 1.0 VVT-i,2008,1,5.5,4.6,75,86.2,81.3,39.3,0.35,950,0,13.1,10,13,15,8.1,2.76,2.63,80,0.689,1,90,70.93,7.96,1,9.41,0.023,30.07,147.5,-117.43,-31.89,11.14,dân ca/pop,Phương Mỹ Chi,0,1,1,0
SIM_00616,FAKE_CAR_0077,AYGO10_UK_MT,Toyota,Aygo hatchback 1.0 VVT-i,2008,1,5.5,4.6,75,86.2,81.3,42.1,0.35,2621,52,13.1,0,16,0,4.2,2.76,2.63,80,0.371,1,90,55.07,6.73,1,9.41,0.023,61.42,104.51,-43.09,25.36,11.69,bolero,Lệ Quyên,0,0,1,0
SIM_00617,FAKE_CAR_0078,AURIS14_UK_MT,Toyota,Auris hatchback 1.4 VVT-i,2008,1.4,8.7,6.9,90,90.3,53.9,67.3,0.59,881,0,19.5,0,14,0,2.4,1.36,3.14,95,0.292,0,0,0,8.18,0,0,0.118,35.24,44.08,-8.84,-2.02,12.56,bolero,Lệ Quyên,0,0,1,0
SIM_00618,FAKE_CAR_0078,AURIS14_UK_MT,Toyota,Auris hatchback 1.4 VVT-i,2008,1.4,8.7,6.9,90,90.3,53.9,67.6,0.59,940,0,19.5,0,8,0,4.9,1.36,3.14,95,0.639,0,0,0,9.97,0,0,0.118,37.43,42.37,-4.94,3.67,12.64,pop,Hòa Minzy,0,0,1,0
SIM_00619,FAKE_CAR_0078,AURIS14_UK_MT,Toyota,Auris hatchback 1.4 VVT-i,2008,1.4,8.7,6.9,90,90.3,53.9,62.6,0.59,894,0,19.5,0,8,17,3.1,1.36,3.14,80,0.386,0,0,0,7.3,0,0,0.118,35.72,54.9,-19.18,-13.24,12.29,rock,không rõ,0,0,1,0
SIM_00620,FAKE_CAR_0078,AURIS14_UK_MT,Toyota,Auris hatchback 1.4 VVT-i,2008,1.4,8.7,6.9,90,90.3,53.9,63.7,0.59,1970,54,19.5,0,5,13,3.1,1.36,3.14,95,0.344,0,0,0,8.45,0,0,0.118,65.82,49.05,16.77,23.86,14.11,bolero,Lệ Quyên,0,0,0,0
SIM_00621,FAKE_CAR_0078,AURIS14_UK_MT,Toyota,Auris hatchback 1.4 VVT-i,2008,1.4,8.7,6.9,90,90.3,53.9,58.8,0.59,2682,29,19.5,0,0,0,5.9,1.36,3.14,10,0.46,0,0,0,3.28,0,0,0.118,77.21,28.68,48.53,50.45,14.13,rock,không rõ,0,0,0,0
SIM_00622,FAKE_CAR_0078,AURIS14_UK_MT,Toyota,Auris hatchback 1.4 VVT-i,2008,1.4,8.7,6.9,90,90.3,53.9,64.7,0.59,820,0,19.5,0,8,18,4.8,1.36,3.14,80,0.301,0,0,0,6.97,0,0,0.118,32.97,57.27,-24.3,-18.69,12.13,instrumental,không rõ,0,0,1,0
SIM_00623,FAKE_CAR_0078,AURIS14_UK_MT,Toyota,Auris hatchback 1.4 VVT-i,2008,1.4,8.7,6.9,90,90.3,53.9,61.5,0.59,878,0,19.5,0,16,0,5.3,1.36,3.14,20,0.625,0,0,0,3.66,0,0,0.118,35.13,44.46,-9.33,-7.03,12.53,pop,Hòa Minzy,0,0,0,0
SIM_00624,FAKE_CAR_0078,AURIS14_UK_MT,Toyota,Auris hatchback 1.4 VVT-i,2008,1.4,8.7,6.9,90,90.3,53.9,61.6,0.59,843,0,19.5,0,15,0,5.7,1.36,3.14,35,0.742,0,0,0,4.56,0,0,0.118,33.83,44.76,-10.93,-7.73,12.48,nhạc trẻ,Lam Trường,0,0,0,0
SIM_00625,FAKE_CAR_0079,AURIS16_UK_MT,Toyota,Auris hatchback 1.6 VVT-i,2008,1.6,9,7.1,100,62.4,52.8,54.1,0.24,1921,28,20.6,0,0,11,4.3,3.08,2.87,80,0.453,0,0,0,7.29,1,10.47,0.146,49.79,53.66,-3.87,10.81,12.73,rock,không rõ,0,0,1,0
SIM_00626,FAKE_CAR_0079,AURIS16_UK_MT,Toyota,Auris hatchback 1.6 VVT-i,2008,1.6,9,7.1,100,62.4,52.8,48.8,0.24,1972,56,20.6,0,15,0,6.4,3.08,2.87,50,0.798,0,0,0,5.52,1,10.47,0.146,50.57,57.99,-7.42,5.49,12.52,instrumental,không rõ,0,0,1,0
SIM_00627,FAKE_CAR_0079,AURIS16_UK_MT,Toyota,Auris hatchback 1.6 VVT-i,2008,1.6,9,7.1,100,62.4,52.8,52.4,0.24,1843,41,20.6,8,8,12,3.7,3.08,2.87,95,0.522,0,0,0,9.09,1,10.47,0.146,48.61,71.86,-23.25,-6.77,12.24,nhạc trẻ,Lam Trường,0,0,1,0
SIM_00628,FAKE_CAR_0079,AURIS16_UK_MT,Toyota,Auris hatchback 1.6 VVT-i,2008,1.6,9,7.1,100,62.4,52.8,51.5,0.24,755,0,20.6,0,16,0,5.9,3.08,2.87,35,0.55,0,0,0,4.1,1,10.47,0.146,23.46,57.07,-33.61,-22.12,11.86,nhạc trẻ,Lam Trường,0,0,1,0
SIM_00629,FAKE_CAR_0079,AURIS16_UK_MT,Toyota,Auris hatchback 1.6 VVT-i,2008,1.6,9,7.1,100,62.4,52.8,54.7,0.24,770,0,20.6,0,10,0,6.5,3.08,2.87,65,0.368,0,0,0,5.77,1,10.47,0.146,23.89,53.34,-29.45,-16.29,12.06,rock,không rõ,0,0,1,0
SIM_00630,FAKE_CAR_0079,AURIS16_UK_MT,Toyota,Auris hatchback 1.6 VVT-i,2008,1.6,9,7.1,100,62.4,52.8,45.8,0.24,1731,60,20.6,8,8,17,7.1,3.08,2.87,35,0.512,0,0,0,4.06,1,10.47,0.146,46.91,75.23,-28.32,-16.87,12.09,instrumental,không rõ,0,0,1,0
SIM_00631,FAKE_CAR_0079,AURIS16_UK_MT,Toyota,Auris hatchback 1.6 VVT-i,2008,1.6,9,7.1,100,62.4,52.8,44,0.24,2380,30,20.6,0,0,0,4.4,3.08,2.87,65,0.627,0,0,0,6.49,1,10.47,0.146,56.75,41.96,14.79,28.67,14.12,rock,không rõ,0,0,0,0
SIM_00632,FAKE_CAR_0079,AURIS16_UK_MT,Toyota,Auris hatchback 1.6 VVT-i,2008,1.6,9,7.1,100,62.4,52.8,53.8,0.24,2406,35,20.6,0,8,9,5.8,3.08,2.87,20,0.229,0,0,0,3.23,1,10.47,0.146,57.14,57.1,0.04,10.66,14.09,bolero,Lệ Quyên,0,0,0,0
SIM_00633,FAKE_CAR_0080,AVENSIS18_UK_MT,Toyota,Avensis sedan/hatch 1.8 VVT-i,2008,1.8,9.4,7.2,110,90,98.7,40.4,0.42,873,0,14.6,0,11,10,6.4,1.34,2.72,65,0.866,0,0,0,6.99,0,0,0.006,42.56,48.99,-6.43,-0.78,12.72,rock,không rõ,0,0,1,0
SIM_00634,FAKE_CAR_0080,AVENSIS18_UK_MT,Toyota,Avensis sedan/hatch 1.8 VVT-i,2008,1.8,9.4,7.2,110,90,98.7,40.4,0.42,1650,38,14.6,0,0,0,6.9,1.34,2.72,35,0.256,0,0,0,3.65,0,0,0.006,72.48,25.15,47.33,49.64,14.17,nhạc trẻ,Lam Trường,0,0,0,0
SIM_00635,FAKE_CAR_0080,AVENSIS18_UK_MT,Toyota,Avensis sedan/hatch 1.8 VVT-i,2008,1.8,9.4,7.2,110,90,98.7,43.4,0.42,2749,53,14.6,0,13,0,4.3,1.34,2.72,35,0.815,0,0,0,4.21,0,0,0.006,94.05,36.11,57.94,60.81,14.1,pop,Hòa Minzy,0,0,0,0
SIM_00636,FAKE_CAR_0080,AVENSIS18_UK_MT,Toyota,Avensis sedan/hatch 1.8 VVT-i,2008,1.8,9.4,7.2,110,90,98.7,34.1,0.42,991,0,14.6,8,0,0,6.1,1.34,2.72,35,0.308,0,0,0,3.71,0,0,0.006,47.9,32.41,15.49,17.86,14.19,instrumental,không rõ,0,0,0,0
SIM_00637,FAKE_CAR_0080,AVENSIS18_UK_MT,Toyota,Avensis sedan/hatch 1.8 VVT-i,2008,1.8,9.4,7.2,110,90,98.7,35.8,0.42,2506,26,14.6,0,0,0,4.4,1.34,2.72,35,0.78,0,0,0,4.17,0,0,0.006,93.06,23.17,69.89,72.72,14.16,rock,không rõ,0,0,0,0
SIM_00638,FAKE_CAR_0080,AVENSIS18_UK_MT,Toyota,Avensis sedan/hatch 1.8 VVT-i,2008,1.8,9.4,7.2,110,90,98.7,34.1,0.42,2842,40,14.6,0,12,0,4.3,1.34,2.72,35,0.75,0,0,0,4.14,0,0,0.006,94.05,35.04,59.01,61.81,14.2,nhạc trẻ,Lam Trường,0,0,0,0
SIM_00639,FAKE_CAR_0080,AVENSIS18_UK_MT,Toyota,Avensis sedan/hatch 1.8 VVT-i,2008,1.8,9.4,7.2,110,90,98.7,31.4,0.42,731,0,14.6,8,5,0,4,1.34,2.72,65,0.533,0,0,0,6.08,0,0,0.006,36.14,37.68,-1.54,3.2,12.88,pop,Hòa Minzy,0,0,0,0
SIM_00640,FAKE_CAR_0080,AVENSIS18_UK_MT,Toyota,Avensis sedan/hatch 1.8 VVT-i,2008,1.8,9.4,7.2,110,90,98.7,40.5,0.42,2546,19,14.6,11,10,0,7.4,1.34,2.72,20,0.747,0,0,0,3.28,0,0,0.006,94.02,46.28,47.74,49.68,14.11,nhạc trẻ,Lam Trường,0,0,0,0
SIM_00641,FAKE_CAR_0081,RAV4_20_UK_MT,Toyota,RAV4 2.0 VVT-i,2008,2,11,8.6,120,85.5,84.3,36.8,0.45,784,0,16.8,0,8,0,6.4,2.46,2.1,95,0.745,0,0,0,9.47,0,0,0.105,39.94,40.67,-0.73,6.28,12.73,nhạc trẻ,Lam Trường,0,0,0,0
SIM_00642,FAKE_CAR_0081,RAV4_20_UK_MT,Toyota,RAV4 2.0 VVT-i,2008,2,11,8.6,120,85.5,84.3,36.8,0.45,2341,48,16.8,0,13,0,6.7,2.46,2.1,65,0.254,0,0,0,4.69,0,0,0.105,92.34,41.19,51.15,53.38,14.1,instrumental,không rõ,0,0,0,0
SIM_00643,FAKE_CAR_0081,RAV4_20_UK_MT,Toyota,RAV4 2.0 VVT-i,2008,2,11,8.6,120,85.5,84.3,42.9,0.45,841,0,16.8,0,5,15,7.6,2.46,2.1,10,0.771,0,0,0,2.28,0,0,0.105,42.61,46.68,-4.07,-4.25,12.75,dân ca/pop,Phương Mỹ Chi,0,0,0,0
SIM_00644,FAKE_CAR_0081,RAV4_20_UK_MT,Toyota,RAV4 2.0 VVT-i,2008,2,11,8.6,120,85.5,84.3,43.9,0.45,808,0,16.8,0,5,9,6.3,2.46,2.1,50,0.462,0,0,0,4.15,0,0,0.105,41.06,41.25,-0.19,1.5,12.75,dân ca/pop,Phương Mỹ Chi,0,0,0,0
SIM_00645,FAKE_CAR_0081,RAV4_20_UK_MT,Toyota,RAV4 2.0 VVT-i,2008,2,11,8.6,120,85.5,84.3,42.2,0.45,2793,15,16.8,0,0,0,4.6,2.46,2.1,65,0.806,0,0,0,6.21,0,0,0.105,97.47,27.61,69.86,73.61,14.11,bolero,Lệ Quyên,0,0,0,0
SIM_00646,FAKE_CAR_0081,RAV4_20_UK_MT,Toyota,RAV4 2.0 VVT-i,2008,2,11,8.6,120,85.5,84.3,35.6,0.45,803,0,16.8,0,5,12,5.6,2.46,2.1,20,0.233,0,0,0,2.46,0,0,0.105,40.83,41.86,-1.03,-1.03,12.81,bolero,Lệ Quyên,0,0,0,0
SIM_00647,FAKE_CAR_0081,RAV4_20_UK_MT,Toyota,RAV4 2.0 VVT-i,2008,2,11,8.6,120,85.5,84.3,37.2,0.45,2124,48,16.8,0,0,0,4.8,2.46,2.1,35,0.254,0,0,0,3.03,0,0,0.105,86.93,24.63,62.3,62.87,14.11,bolero,Lệ Quyên,0,0,0,0
SIM_00648,FAKE_CAR_0081,RAV4_20_UK_MT,Toyota,RAV4 2.0 VVT-i,2008,2,11,8.6,120,85.5,84.3,35.6,0.45,964,0,16.8,14,9,0,4.4,2.46,2.1,50,0.731,0,0,0,4.63,0,0,0.105,48.38,48.83,-0.45,1.72,12.78,rock,không rõ,0,0,0,0
SIM_00649,FAKE_CAR_0082,MAZDA2_13_UK_MT,Mazda,Mazda2 hatchback 1.3 MZR 86ps 5 cửa,2008,1.349,6.9,5.2,75,97.6,94.1,58.4,0.27,2902,22,17.4,0,8,9,5.3,2.59,2.22,95,0.342,1,28,21.03,7.52,0,0,0.077,69.54,68.25,1.29,27.25,14.09,pop,Hòa Minzy,1,1,0,1
SIM_00650,FAKE_CAR_0082,MAZDA2_13_UK_MT,Mazda,Mazda2 hatchback 1.3 MZR 86ps 5 cửa,2008,1.349,6.9,5.2,75,97.6,94.1,51.3,0.27,2004,24,17.4,0,5,0,2.7,2.59,2.22,95,0.468,1,28,23.5,8.17,0,0,0.077,59.89,56.77,3.12,32.2,14.1,instrumental,không rõ,1,1,0,1
SIM_00651,FAKE_CAR_0082,MAZDA2_13_UK_MT,Mazda,Mazda2 hatchback 1.3 MZR 86ps 5 cửa,2008,1.349,6.9,5.2,75,97.6,94.1,61.1,0.27,873,0,17.4,0,0,11,3.7,2.59,2.22,20,0.755,1,28,6.13,2.79,0,0,0.077,31.47,41.02,-9.55,-3.22,12.52,dân ca/pop,Phương Mỹ Chi,1,1,1,0
SIM_00652,FAKE_CAR_0082,MAZDA2_13_UK_MT,Mazda,Mazda2 hatchback 1.3 MZR 86ps 5 cửa,2008,1.349,6.9,5.2,75,97.6,94.1,52.7,0.27,1980,46,17.4,0,10,0,2.4,2.59,2.22,35,0.815,1,28,9.5,3.71,0,0,0.077,59.46,43.01,16.45,27.07,14.08,rock,không rõ,1,0,0,0
SIM_00653,FAKE_CAR_0082,MAZDA2_13_UK_MT,Mazda,Mazda2 hatchback 1.3 MZR 86ps 5 cửa,2008,1.349,6.9,5.2,75,97.6,94.1,59.3,0.27,1854,14,17.4,0,5,0,2.9,2.59,2.22,10,0.471,1,28,3.84,2.37,0,0,0.077,57.22,31.51,25.71,29.33,14.07,dân ca/pop,Phương Mỹ Chi,1,0,0,0
SIM_00654,FAKE_CAR_0082,MAZDA2_13_UK_MT,Mazda,Mazda2 hatchback 1.3 MZR 86ps 5 cửa,2008,1.349,6.9,5.2,75,97.6,94.1,56.5,0.27,999,0,17.4,0,5,0,2.6,2.59,2.22,50,0.23,1,28,8.44,3.86,0,0,0.077,35.69,37.3,-1.61,8.1,12.72,pop,Hòa Minzy,1,0,0,0
SIM_00655,FAKE_CAR_0082,MAZDA2_13_UK_MT,Mazda,Mazda2 hatchback 1.3 MZR 86ps 5 cửa,2008,1.349,6.9,5.2,75,97.6,94.1,62.2,0.27,815,0,17.4,0,15,0,5.6,2.59,2.22,20,0.538,1,28,5.24,2.7,0,0,0.077,29.53,45.94,-16.41,-11.06,12.37,dân ca/pop,Phương Mỹ Chi,1,0,1,0
SIM_00656,FAKE_CAR_0082,MAZDA2_13_UK_MT,Mazda,Mazda2 hatchback 1.3 MZR 86ps 5 cửa,2008,1.349,6.9,5.2,75,97.6,94.1,52.7,0.27,2378,48,17.4,0,0,0,3.3,2.59,2.22,10,0.444,1,28,3.75,2.36,0,0,0.077,66.53,26.81,39.72,43.24,14.04,instrumental,không rõ,1,0,0,0
SIM_00657,FAKE_CAR_0083,MAZDA2_15_UK_MT,Mazda,Mazda2 hatchback 1.5 MZR 103ps,2008,1.498,7.6,5.7,100,59.5,60,74.6,0.28,2635,25,22,9,8,17,4.6,2.22,1.79,65,0.336,0,0,0,4.61,0,0,0.053,56.52,65.21,-8.69,-6.3,12.59,dân ca/pop,Phương Mỹ Chi,0,0,0,0
SIM_00658,FAKE_CAR_0083,MAZDA2_15_UK_MT,Mazda,Mazda2 hatchback 1.5 MZR 103ps,2008,1.498,7.6,5.7,100,59.5,60,70.4,0.28,955,0,22,0,0,0,2.1,2.22,1.79,80,0.588,0,0,0,6.73,0,0,0.053,27.81,30.83,-3.02,1.49,12.71,nhạc trẻ,Lam Trường,0,0,1,0
SIM_00659,FAKE_CAR_0083,MAZDA2_15_UK_MT,Mazda,Mazda2 hatchback 1.5 MZR 103ps,2008,1.498,7.6,5.7,100,59.5,60,67.8,0.28,1651,49,22,9,5,0,2.8,2.22,1.79,35,0.525,0,0,0,2.99,0,0,0.053,43.58,41.79,1.79,2.56,14.15,rock,không rõ,0,0,0,0
SIM_00660,FAKE_CAR_0083,MAZDA2_15_UK_MT,Mazda,Mazda2 hatchback 1.5 MZR 103ps,2008,1.498,7.6,5.7,100,59.5,60,69.9,0.28,2102,15,22,0,15,0,1.7,2.22,1.79,80,0.796,0,0,0,7.54,0,0,0.053,50.09,46.24,3.85,9.17,14.07,bolero,Lệ Quyên,0,0,0,0
SIM_00661,FAKE_CAR_0083,MAZDA2_15_UK_MT,Mazda,Mazda2 hatchback 1.5 MZR 103ps,2008,1.498,7.6,5.7,100,59.5,60,66.4,0.28,2465,45,22,0,16,0,2.9,2.22,1.79,80,0.38,0,0,0,5.93,0,0,0.053,55.34,46.83,8.51,12.22,14.11,dân ca/pop,Phương Mỹ Chi,0,0,0,0
SIM_00662,FAKE_CAR_0083,MAZDA2_15_UK_MT,Mazda,Mazda2 hatchback 1.5 MZR 103ps,2008,1.498,7.6,5.7,100,59.5,60,73.8,0.28,910,0,22,0,10,0,4.1,2.22,1.79,95,0.504,0,0,0,7.92,0,0,0.053,26.59,44.02,-17.43,-11.73,12.33,bolero,Lệ Quyên,0,0,1,0
SIM_00663,FAKE_CAR_0083,MAZDA2_15_UK_MT,Mazda,Mazda2 hatchback 1.5 MZR 103ps,2008,1.498,7.6,5.7,100,59.5,60,73.6,0.28,1604,49,22,13,12,0,4.8,2.22,1.79,95,0.851,0,0,0,9.71,0,0,0.053,42.9,61.51,-18.61,-11.12,12.3,nhạc trẻ,Lam Trường,0,0,1,0
SIM_00664,FAKE_CAR_0083,MAZDA2_15_UK_MT,Mazda,Mazda2 hatchback 1.5 MZR 103ps,2008,1.498,7.6,5.7,100,59.5,60,77.5,0.28,2885,65,22,0,5,0,1.9,2.22,1.79,10,0.593,0,0,0,1.95,0,0,0.053,56.52,30.85,25.67,25.4,14.19,pop,Hòa Minzy,0,0,0,0
SIM_00665,FAKE_CAR_0084,HONDA_FIT15_CA_MT,Honda,Fit hatchback 1.5 DX,2008,1.5,7.1,6.5,90,88.1,66.1,67.8,0.43,779,0,12.8,8,9,0,3.6,1.63,2.8,10,0.458,0,0,0,2.94,0,0,0.084,30.68,36.34,-5.66,-4.35,12.6,nhạc trẻ,Lam Trường,0,0,0,0
SIM_00666,FAKE_CAR_0084,HONDA_FIT15_CA_MT,Honda,Fit hatchback 1.5 DX,2008,1.5,7.1,6.5,90,88.1,66.1,65.3,0.43,978,0,12.8,0,5,0,4,1.63,2.8,20,0.718,0,0,0,3.35,0,0,0.084,37.9,25.15,12.75,14.47,14.1,instrumental,không rõ,0,0,0,0
SIM_00667,FAKE_CAR_0084,HONDA_FIT15_CA_MT,Honda,Fit hatchback 1.5 DX,2008,1.5,7.1,6.5,90,88.1,66.1,72.7,0.43,816,0,12.8,0,14,0,2.1,1.63,2.8,35,0.527,0,0,0,4,0,0,0.084,32.02,32.9,-0.88,1.49,12.74,instrumental,không rõ,0,0,0,0
SIM_00668,FAKE_CAR_0084,HONDA_FIT15_CA_MT,Honda,Fit hatchback 1.5 DX,2008,1.5,7.1,6.5,90,88.1,66.1,64.7,0.43,842,0,12.8,0,16,0,5.1,1.63,2.8,50,0.753,0,0,0,5.37,0,0,0.084,32.97,39.27,-6.3,-2.56,12.68,pop,Hòa Minzy,0,0,1,0
SIM_00669,FAKE_CAR_0084,HONDA_FIT15_CA_MT,Honda,Fit hatchback 1.5 DX,2008,1.5,7.1,6.5,90,88.1,66.1,76.1,0.43,2503,16,12.8,0,12,0,2.1,1.63,2.8,95,0.617,0,0,0,9.51,0,0,0.084,74.48,36.41,38.07,45.95,14.04,pop,Hòa Minzy,0,0,0,0
SIM_00670,FAKE_CAR_0084,HONDA_FIT15_CA_MT,Honda,Fit hatchback 1.5 DX,2008,1.5,7.1,6.5,90,88.1,66.1,77,0.43,2097,17,12.8,0,12,0,1.4,1.63,2.8,95,0.696,0,0,0,9.92,0,0,0.084,66.66,36.12,30.54,38.83,14.09,dân ca/pop,Phương Mỹ Chi,0,0,0,0
SIM_00671,FAKE_CAR_0084,HONDA_FIT15_CA_MT,Honda,Fit hatchback 1.5 DX,2008,1.5,7.1,6.5,90,88.1,66.1,69.8,0.43,957,0,12.8,0,11,0,1.8,1.63,2.8,35,0.684,0,0,0,4.16,0,0,0.084,37.13,29.76,7.37,9.9,14.11,rock,không rõ,0,0,0,0
SIM_00672,FAKE_CAR_0084,HONDA_FIT15_CA_MT,Honda,Fit hatchback 1.5 DX,2008,1.5,7.1,6.5,90,88.1,66.1,65.5,0.43,966,0,12.8,0,5,0,4.1,1.63,2.8,80,0.534,0,0,0,7.53,0,0,0.084,37.46,29.43,8.03,13.93,14.05,nhạc trẻ,Lam Trường,0,0,0,0
SIM_00673,FAKE_CAR_0085,YARIS13_UK_MT,Toyota,Yaris hatchback 1.3 VVT-i,2008,1.3,7.2,6,80,92.6,45.8,44.7,0.82,864,0,20,0,0,0,4.8,2.34,2.13,95,0.856,0,0,0,10,0,0,0.101,31.55,34.8,-3.25,4.41,12.7,nhạc trẻ,Lam Trường,0,0,1,0
SIM_00674,FAKE_CAR_0085,YARIS13_UK_MT,Toyota,Yaris hatchback 1.3 VVT-i,2008,1.3,7.2,6,80,92.6,45.8,47.8,0.82,795,0,20,0,5,0,4.2,2.34,2.13,80,0.861,0,0,0,8.13,0,0,0.101,29.21,37.33,-8.12,-2.33,12.62,dân ca/pop,Phương Mỹ Chi,0,0,1,0
SIM_00675,FAKE_CAR_0085,YARIS13_UK_MT,Toyota,Yaris hatchback 1.3 VVT-i,2008,1.3,7.2,6,80,92.6,45.8,44.5,0.82,2582,48,20,0,0,0,6.2,2.34,2.13,95,0.235,0,0,0,6.88,0,0,0.101,70.38,33.08,37.3,41.84,14.06,pop,Hòa Minzy,0,0,0,0
SIM_00676,FAKE_CAR_0085,YARIS13_UK_MT,Toyota,Yaris hatchback 1.3 VVT-i,2008,1.3,7.2,6,80,92.6,45.8,50.6,0.82,788,0,20,0,5,0,5.8,2.34,2.13,35,0.824,0,0,0,3.63,0,0,0.101,28.97,34.43,-5.46,-4.17,12.62,instrumental,không rõ,0,0,0,0
SIM_00677,FAKE_CAR_0085,YARIS13_UK_MT,Toyota,Yaris hatchback 1.3 VVT-i,2008,1.3,7.2,6,80,92.6,45.8,38.8,0.82,747,0,20,0,8,0,4.1,2.34,2.13,50,0.724,0,0,0,4.65,0,0,0.101,27.58,36.75,-9.17,-6.86,12.51,bolero,Lệ Quyên,0,0,0,0
SIM_00678,FAKE_CAR_0085,YARIS13_UK_MT,Toyota,Yaris hatchback 1.3 VVT-i,2008,1.3,7.2,6,80,92.6,45.8,44.3,0.82,879,0,20,0,5,0,7,2.34,2.13,95,0.418,0,0,0,7.82,0,0,0.101,32.05,39.82,-7.77,-2.29,12.65,bolero,Lệ Quyên,0,0,1,0
SIM_00679,FAKE_CAR_0085,YARIS13_UK_MT,Toyota,Yaris hatchback 1.3 VVT-i,2008,1.3,7.2,6,80,92.6,45.8,42.9,0.82,915,0,20,8,12,0,5.5,2.34,2.13,50,0.227,0,0,0,3.76,0,0,0.101,33.27,49.26,-15.99,-14.57,12.36,rock,không rõ,0,0,0,0
SIM_00680,FAKE_CAR_0085,YARIS13_UK_MT,Toyota,Yaris hatchback 1.3 VVT-i,2008,1.3,7.2,6,80,92.6,45.8,39.5,0.82,721,0,20,0,5,0,4,2.34,2.13,65,0.789,0,0,0,6.19,0,0,0.101,26.7,35.19,-8.49,-4.64,12.63,pop,Hòa Minzy,0,0,0,0
SIM_00681,FAKE_CAR_0086,YARIS13_UK_MM,Toyota,Yaris hatchback 1.3 VVT-i,2008,1.3,6.7,5.8,75,85.1,95.5,54.9,0.59,1613,17,17.5,0,0,0,2.9,2.17,2.81,80,0.504,1,12,8.23,7.43,0,0,0.153,46.16,36.06,10.1,23.59,14.04,instrumental,không rõ,0,0,0,0
SIM_00682,FAKE_CAR_0086,YARIS13_UK_MM,Toyota,Yaris hatchback 1.3 VVT-i,2008,1.3,6.7,5.8,75,85.1,95.5,57.4,0.59,847,0,17.5,0,5,0,4.8,2.17,2.81,95,0.578,1,12,10.99,9.32,0,0,0.153,26.68,47.61,-20.93,-2.79,12.26,nhạc trẻ,Lam Trường,0,0,1,0
SIM_00683,FAKE_CAR_0086,YARIS13_UK_MM,Toyota,Yaris hatchback 1.3 VVT-i,2008,1.3,6.7,5.8,75,85.1,95.5,54.9,0.59,2363,55,17.5,10,5,0,4.4,2.17,2.81,50,0.636,1,12,5.14,5.17,0,0,0.153,57.78,47.21,10.57,18.71,14.1,nhạc trẻ,Lam Trường,0,0,0,0
SIM_00684,FAKE_CAR_0086,YARIS13_UK_MM,Toyota,Yaris hatchback 1.3 VVT-i,2008,1.3,6.7,5.8,75,85.1,95.5,59.5,0.59,998,0,17.5,0,0,0,4.5,2.17,2.81,10,0.687,1,12,1.94,2.98,0,0,0.153,31.09,26.92,4.17,6.92,14.09,nhạc trẻ,Lam Trường,0,0,0,0
SIM_00685,FAKE_CAR_0086,YARIS13_UK_MM,Toyota,Yaris hatchback 1.3 VVT-i,2008,1.3,6.7,5.8,75,85.1,95.5,59.3,0.59,742,0,17.5,0,12,14,5,2.17,2.81,80,0.616,1,12,8.97,7.86,0,0,0.153,23.62,65.33,-41.71,-27.05,11.74,bolero,Lệ Quyên,0,0,1,0
SIM_00686,FAKE_CAR_0086,YARIS13_UK_MM,Toyota,Yaris hatchback 1.3 VVT-i,2008,1.3,6.7,5.8,75,85.1,95.5,52.5,0.59,765,0,17.5,0,16,0,5.1,2.17,2.81,10,0.206,1,12,1.28,2.92,0,0,0.153,24.29,42.8,-18.51,-16.48,12.35,dân ca/pop,Phương Mỹ Chi,0,0,0,0
SIM_00687,FAKE_CAR_0086,YARIS13_UK_MM,Toyota,Yaris hatchback 1.3 VVT-i,2008,1.3,6.7,5.8,75,85.1,95.5,57.9,0.59,952,0,17.5,0,13,0,2.4,2.17,2.81,80,0.256,1,12,6.58,6.47,0,0,0.153,29.75,45.95,-16.2,-5.32,12.4,rock,không rõ,0,0,1,0
SIM_00688,FAKE_CAR_0086,YARIS13_UK_MM,Toyota,Yaris hatchback 1.3 VVT-i,2008,1.3,6.7,5.8,75,85.1,95.5,62.6,0.59,1762,19,17.5,0,9,12,5.5,2.17,2.81,10,0.58,1,12,1.79,2.97,0,0,0.153,48.47,48.76,-0.29,2.3,12.79,bolero,Lệ Quyên,0,0,0,0
SIM_00689,FAKE_CAR_0087,YARIS13_NCP_2NZ,Toyota,Yaris 1.3 NCP9# / 2NZ-FE,2008,1.3,,,80,95,81.1,36.9,0.36,2795,15,15.9,0,5,9,7.4,1.65,3.25,20,0.574,1,55,10.58,3.75,0,0,0.081,72.2,51.63,20.57,33.25,14.16,instrumental,không rõ,0,0,0,0
SIM_00690,FAKE_CAR_0087,YARIS13_NCP_2NZ,Toyota,Yaris 1.3 NCP9# / 2NZ-FE,2008,1.3,,,80,95,81.1,40.6,0.36,1604,64,15.9,0,12,0,4.7,1.65,3.25,35,0.454,1,55,14.31,4.38,0,0,0.081,54.79,51.29,3.5,20.54,14.09,instrumental,không rõ,0,0,0,0
SIM_00691,FAKE_CAR_0087,YARIS13_NCP_2NZ,Toyota,Yaris 1.3 NCP9# / 2NZ-FE,2008,1.3,,,80,95,81.1,32.6,0.36,1670,23,15.9,0,0,0,4,1.65,3.25,80,0.765,1,55,45.66,8.88,0,0,0.081,56.01,74.44,-18.43,34.46,12.4,rock,không rõ,0,0,1,1
SIM_00692,FAKE_CAR_0087,YARIS13_NCP_2NZ,Toyota,Yaris 1.3 NCP9# / 2NZ-FE,2008,1.3,,,80,95,81.1,39.8,0.36,2716,45,15.9,0,10,0,4.4,1.65,3.25,65,0.225,1,55,22.4,5.76,0,0,0.081,72.2,58.46,13.74,40.25,14.12,dân ca/pop,Phương Mỹ Chi,0,0,0,0
SIM_00693,FAKE_CAR_0087,YARIS13_NCP_2NZ,Toyota,Yaris 1.3 NCP9# / 2NZ-FE,2008,1.3,,,80,95,81.1,35.4,0.36,2520,22,15.9,9,0,0,4.4,1.65,3.25,80,0.468,1,55,36.61,7.73,0,0,0.081,71.7,73.64,-1.94,40.75,12.77,dân ca/pop,Phương Mỹ Chi,0,0,0,1
SIM_00694,FAKE_CAR_0087,YARIS13_NCP_2NZ,Toyota,Yaris 1.3 NCP9# / 2NZ-FE,2008,1.3,,,80,95,81.1,44.6,0.36,880,0,15.9,0,14,0,6.7,1.65,3.25,20,0.656,1,55,11.25,3.78,0,0,0.081,32.92,51.63,-18.71,-5.33,12.28,dân ca/pop,Phương Mỹ Chi,0,0,1,0
SIM_00695,FAKE_CAR_0087,YARIS13_NCP_2NZ,Toyota,Yaris 1.3 NCP9# / 2NZ-FE,2008,1.3,,,80,95,81.1,32.5,0.36,969,0,15.9,9,5,0,4.4,1.65,3.25,80,0.64,1,55,41.85,8.39,0,0,0.081,36.01,84.54,-48.53,0.06,11.57,dân ca/pop,Phương Mỹ Chi,0,0,1,1
SIM_00696,FAKE_CAR_0087,YARIS13_NCP_2NZ,Toyota,Yaris 1.3 NCP9# / 2NZ-FE,2008,1.3,,,80,95,81.1,39.9,0.36,2809,59,15.9,0,5,0,7.9,1.65,3.25,50,0.24,1,55,16.74,4.91,0,0,0.081,72.2,50.45,21.75,41.75,14.1,nhạc trẻ,Lam Trường,0,0,0,0
SIM_00697,FAKE_CAR_0088,YARIS15_CA_MT,Toyota,Yaris hatchback 1.5,2008,1.5,7,6.3,80,46,75.6,69,0.29,2139,62,21.4,0,11,0,3.2,2.64,2.31,95,0.548,1,12,10.74,8.67,0,0,0.069,31.31,55.01,-23.7,-6.93,12.28,pop,Hòa Minzy,0,0,1,0
SIM_00698,FAKE_CAR_0088,YARIS15_CA_MT,Toyota,Yaris hatchback 1.5,2008,1.5,7,6.3,80,46,75.6,72.2,0.29,862,0,21.4,0,10,0,2.7,2.64,2.31,35,0.435,1,12,3.07,3.42,0,0,0.069,15.64,40.59,-24.95,-21.1,12.14,pop,Hòa Minzy,0,0,0,0
SIM_00699,FAKE_CAR_0088,YARIS15_CA_MT,Toyota,Yaris hatchback 1.5,2008,1.5,7,6.3,80,46,75.6,71.4,0.29,2578,46,21.4,0,0,0,3.7,2.64,2.31,95,0.538,1,12,10.66,8.62,0,0,0.069,34.96,44.38,-9.42,7.22,12.61,rock,không rõ,0,0,1,0
SIM_00700,FAKE_CAR_0088,YARIS15_CA_MT,Toyota,Yaris hatchback 1.5,2008,1.5,7,6.3,80,46,75.6,65.2,0.29,899,0,21.4,0,5,9,4.3,2.64,2.31,35,0.825,1,12,4.1,3.81,0,0,0.069,16.26,47.61,-31.35,-26.08,12,bolero,Lệ Quyên,0,0,1,0
SIM_00701,FAKE_CAR_0088,YARIS15_CA_MT,Toyota,Yaris hatchback 1.5,2008,1.5,7,6.3,80,46,75.6,65.2,0.29,2035,58,21.4,0,5,0,5,2.64,2.31,50,0.478,1,12,4.55,4.39,0,0,0.069,30.38,40.34,-9.96,-3.66,12.62,instrumental,không rõ,0,0,1,0
SIM_00702,FAKE_CAR_0088,YARIS15_CA_MT,Toyota,Yaris hatchback 1.5,2008,1.5,7,6.3,80,46,75.6,68.6,0.29,2017,53,21.4,0,11,0,4.3,2.64,2.31,95,0.8,1,12,12.85,9.96,0,0,0.069,30.22,59.51,-29.29,-9.12,12.04,pop,Hòa Minzy,0,0,1,0
SIM_00703,FAKE_CAR_0088,YARIS15_CA_MT,Toyota,Yaris hatchback 1.5,2008,1.5,7,6.3,80,46,75.6,71.6,0.29,933,0,21.4,0,14,0,2.6,2.64,2.31,80,0.431,1,12,7.74,6.64,0,0,0.069,16.83,52.38,-35.55,-23.81,11.98,nhạc trẻ,Lam Trường,0,0,1,0
SIM_00704,FAKE_CAR_0088,YARIS15_CA_MT,Toyota,Yaris hatchback 1.5,2008,1.5,7,6.3,80,46,75.6,71.4,0.29,2052,45,21.4,0,0,0,3.8,2.64,2.31,20,0.638,1,12,2.42,2.83,0,0,0.069,30.54,30.45,0.09,2.7,14.09,dân ca/pop,Phương Mỹ Chi,0,0,0,0
SIM_00705,FAKE_CAR_0089,YARIS15_CA_AT,Toyota,Yaris hatchback 1.5,2008,1.5,7,6.4,80,74.5,41.4,78.5,0.58,2959,57,21.1,0,14,0,2.5,1.71,2.13,95,0.261,0,0,0,7.01,0,0,0.068,56.62,44.61,12.01,17.31,14.05,dân ca/pop,Phương Mỹ Chi,0,0,0,0
SIM_00706,FAKE_CAR_0089,YARIS15_CA_AT,Toyota,Yaris hatchback 1.5,2008,1.5,7,6.4,80,74.5,41.4,79.4,0.58,1812,29,21.1,11,0,0,4.9,1.71,2.13,80,0.772,0,0,0,7.79,0,0,0.068,45.98,44.79,1.19,7.27,14.11,rock,không rõ,0,0,0,0
SIM_00707,FAKE_CAR_0089,YARIS15_CA_AT,Toyota,Yaris hatchback 1.5,2008,1.5,7,6.4,80,74.5,41.4,67.5,0.58,926,0,21.1,0,5,0,1.9,1.71,2.13,95,0.396,0,0,0,7.71,0,0,0.068,27.07,35.71,-8.64,-2.64,12.63,rock,không rõ,0,0,1,0
SIM_00708,FAKE_CAR_0089,YARIS15_CA_AT,Toyota,Yaris hatchback 1.5,2008,1.5,7,6.4,80,74.5,41.4,70.5,0.58,2128,54,21.1,0,0,16,4.8,1.71,2.13,20,0.61,0,0,0,2.64,0,0,0.068,50.55,44.54,6.01,6.94,14.09,instrumental,không rõ,0,0,0,0
SIM_00709,FAKE_CAR_0089,YARIS15_CA_AT,Toyota,Yaris hatchback 1.5,2008,1.5,7,6.4,80,74.5,41.4,75.2,0.58,2485,41,21.1,0,13,0,4.5,1.71,2.13,10,0.426,0,0,0,2.27,0,0,0.068,55.72,40.87,14.85,15.41,14.12,nhạc trẻ,Lam Trường,0,0,0,0
SIM_00710,FAKE_CAR_0089,YARIS15_CA_AT,Toyota,Yaris hatchback 1.5,2008,1.5,7,6.4,80,74.5,41.4,75.6,0.58,972,0,21.1,0,9,18,3.6,1.71,2.13,80,0.601,0,0,0,7.12,0,0,0.068,28.32,58.82,-30.5,-25.09,12.08,nhạc trẻ,Lam Trường,0,0,1,0
SIM_00711,FAKE_CAR_0089,YARIS15_CA_AT,Toyota,Yaris hatchback 1.5,2008,1.5,7,6.4,80,74.5,41.4,67,0.58,777,0,21.1,0,5,15,4.3,1.71,2.13,95,0.5,0,0,0,8.24,0,0,0.068,23.01,53.64,-30.63,-24.1,12.1,nhạc trẻ,Lam Trường,0,0,1,0
SIM_00712,FAKE_CAR_0089,YARIS15_CA_AT,Toyota,Yaris hatchback 1.5,2008,1.5,7,6.4,80,74.5,41.4,78,0.58,955,0,21.1,8,13,14,1.4,1.71,2.13,35,0.37,0,0,0,3.18,0,0,0.068,27.86,60.68,-32.82,-31.35,11.97,rock,không rõ,0,0,0,0
SIM_00713,FAKE_CAR_0090,YARIS10_UK_MT,Toyota,Yaris hatchback 1.0 VVT-i,2008,1,6.4,5.4,80,88.9,88.4,59.9,0.2,807,0,16,0,0,0,4.3,1.51,3.08,35,0.703,0,0,0,4.46,1,7.69,0.042,28.43,32.45,-4.02,6.62,12.79,bolero,Lệ Quyên,0,0,1,0
SIM_00714,FAKE_CAR_0090,YARIS10_UK_MT,Toyota,Yaris hatchback 1.0 VVT-i,2008,1,6.4,5.4,80,88.9,88.4,56.8,0.2,869,0,16,0,14,18,4.5,1.51,3.08,35,0.419,0,0,0,4.18,1,7.69,0.042,30.45,64.37,-33.92,-23.56,12.01,nhạc trẻ,Lam Trường,0,0,1,0
SIM_00715,FAKE_CAR_0090,YARIS10_UK_MT,Toyota,Yaris hatchback 1.0 VVT-i,2008,1,6.4,5.4,80,88.9,88.4,63.8,0.2,2284,22,16,8,10,15,4.1,1.51,3.08,50,0.625,0,0,0,5.42,1,7.69,0.042,63.02,66.21,-3.19,8.41,12.7,nhạc trẻ,Lam Trường,0,0,1,0
SIM_00716,FAKE_CAR_0090,YARIS10_UK_MT,Toyota,Yaris hatchback 1.0 VVT-i,2008,1,6.4,5.4,80,88.9,88.4,56.6,0.2,2441,49,16,0,8,0,4.1,1.51,3.08,20,0.267,0,0,0,3.46,1,7.69,0.042,65.73,39.25,26.48,36.12,14.19,instrumental,không rõ,0,0,0,0
SIM_00717,FAKE_CAR_0090,YARIS10_UK_MT,Toyota,Yaris hatchback 1.0 VVT-i,2008,1,6.4,5.4,80,88.9,88.4,54.8,0.2,1630,42,16,0,5,15,4.2,1.51,3.08,50,0.406,0,0,0,5.03,1,7.69,0.042,51.72,52.92,-1.2,10.01,12.81,instrumental,không rõ,0,0,0,0
SIM_00718,FAKE_CAR_0090,YARIS10_UK_MT,Toyota,Yaris hatchback 1.0 VVT-i,2008,1,6.4,5.4,80,88.9,88.4,60.9,0.2,2639,64,16,0,5,0,4.2,1.51,3.08,20,0.538,0,0,0,3.56,1,7.69,0.042,67.56,36.45,31.11,40.85,14.08,nhạc trẻ,Lam Trường,0,0,0,0
SIM_00719,FAKE_CAR_0090,YARIS10_UK_MT,Toyota,Yaris hatchback 1.0 VVT-i,2008,1,6.4,5.4,80,88.9,88.4,52.6,0.2,2348,50,16,0,0,0,4.3,1.51,3.08,50,0.349,0,0,0,4.93,1,7.69,0.042,64.13,32.92,31.21,42.32,14.12,instrumental,không rõ,0,0,0,0
SIM_00720,FAKE_CAR_0090,YARIS10_UK_MT,Toyota,Yaris hatchback 1.0 VVT-i,2008,1,6.4,5.4,80,88.9,88.4,53,0.2,2467,49,16,0,5,0,5.8,1.51,3.08,65,0.34,0,0,0,5.91,1,7.69,0.042,66.18,40.4,25.78,37.87,14.15,rock,không rõ,0,0,0,0
SIM_00721,FAKE_CAR_0091,AYGO10_UK_MT,Toyota,Aygo hatchback 1.0 VVT-i,2008,1,5.5,4.6,75,91.8,97,50.1,0.74,778,0,22.1,0,8,0,3.6,2.81,2.4,80,0.263,1,90,49.69,6.08,0,0,0.107,26.61,89.47,-62.86,-9.9,11.26,pop,Hòa Minzy,0,1,1,1
SIM_00722,FAKE_CAR_0091,AYGO10_UK_MT,Toyota,Aygo hatchback 1.0 VVT-i,2008,1,5.5,4.6,75,91.8,97,55.5,0.74,734,0,22.1,0,0,0,3.4,2.81,2.4,35,0.681,1,90,27.89,3.76,0,0,0.107,25.23,57.15,-31.92,-3.08,11.92,nhạc trẻ,Lam Trường,0,0,1,1
SIM_00723,FAKE_CAR_0091,AYGO10_UK_MT,Toyota,Aygo hatchback 1.0 VVT-i,2008,1,5.5,4.6,75,91.8,97,55,0.74,962,0,22.1,0,12,0,5.4,2.81,2.4,50,0.364,1,90,30.89,4.28,0,0,0.107,32.4,74.67,-42.27,-9.91,11.67,bolero,Lệ Quyên,0,0,1,1
SIM_00724,FAKE_CAR_0091,AYGO10_UK_MT,Toyota,Aygo hatchback 1.0 VVT-i,2008,1,5.5,4.6,75,91.8,97,46.3,0.74,752,0,22.1,0,13,0,6.1,2.81,2.4,95,0.759,1,90,93.83,9.84,0,0,0.107,25.79,144.87,-119.08,-18.22,11.13,instrumental,không rõ,0,0,1,1
SIM_00725,FAKE_CAR_0091,AYGO10_UK_MT,Toyota,Aygo hatchback 1.0 VVT-i,2008,1,5.5,4.6,75,91.8,97,43.1,0.74,997,0,22.1,0,0,0,5.5,2.81,2.4,65,0.481,1,90,46.45,5.61,0,0,0.107,33.5,79.66,-46.16,3.09,11.63,dân ca/pop,Phương Mỹ Chi,0,0,1,1
SIM_00726,FAKE_CAR_0091,AYGO10_UK_MT,Toyota,Aygo hatchback 1.0 VVT-i,2008,1,5.5,4.6,75,91.8,97,45.1,0.74,981,0,22.1,0,14,0,4.9,2.81,2.4,10,0.213,1,90,9.7,2.51,0,0,0.107,33,53.21,-20.21,-10.81,12.25,nhạc trẻ,Lam Trường,0,0,1,1
SIM_00727,FAKE_CAR_0091,AYGO10_UK_MT,Toyota,Aygo hatchback 1.0 VVT-i,2008,1,5.5,4.6,75,91.8,97,53.4,0.74,2367,30,22.1,0,0,0,6.6,2.81,2.4,10,0.357,1,90,11.18,2.53,0,0,0.107,62.4,42.41,19.99,30.89,14.08,instrumental,không rõ,0,0,0,0
SIM_00728,FAKE_CAR_0091,AYGO10_UK_MT,Toyota,Aygo hatchback 1.0 VVT-i,2008,1,5.5,4.6,75,91.8,97,47,0.74,894,0,22.1,0,12,0,6.3,2.81,2.4,65,0.807,1,90,58.92,6.51,0,0,0.107,30.26,105.83,-75.57,-12.95,11.15,pop,Hòa Minzy,0,0,1,1
SIM_00729,FAKE_CAR_0092,AURIS14_UK_MT,Toyota,Auris hatchback 1.4 VVT-i,2008,1.4,8.7,6.9,85,99.6,86.6,67.3,0.66,1640,36,13.3,0,9,0,3.6,2.71,2.15,10,0.221,0,0,0,2.26,0,0,0.728,61.78,28.16,33.62,33.17,13.69,bolero,Lệ Quyên,0,0,0,0
SIM_00730,FAKE_CAR_0092,AURIS14_UK_MT,Toyota,Auris hatchback 1.4 VVT-i,2008,1.4,8.7,6.9,85,99.6,86.6,72,0.66,911,0,13.3,0,15,0,4.7,2.71,2.15,65,0.346,0,0,0,4.99,0,0,0.728,37.87,37.99,-0.12,2.16,12.48,pop,Hòa Minzy,0,0,0,0
SIM_00731,FAKE_CAR_0092,AURIS14_UK_MT,Toyota,Auris hatchback 1.4 VVT-i,2008,1.4,8.7,6.9,85,99.6,86.6,59.6,0.66,818,0,13.3,0,5,0,2.5,2.71,2.15,50,0.3,0,0,0,3.91,0,0,0.728,34.27,24.71,9.56,10.76,13.73,rock,không rõ,0,0,0,0
SIM_00732,FAKE_CAR_0092,AURIS14_UK_MT,Toyota,Auris hatchback 1.4 VVT-i,2008,1.4,8.7,6.9,85,99.6,86.6,70.6,0.66,2639,52,13.3,0,11,0,4.5,2.71,2.15,95,0.206,0,0,0,6.75,0,0,0.728,80.43,35.55,44.88,48.92,13.74,nhạc trẻ,Lam Trường,0,0,0,0
SIM_00733,FAKE_CAR_0092,AURIS14_UK_MT,Toyota,Auris hatchback 1.4 VVT-i,2008,1.4,8.7,6.9,85,99.6,86.6,69.1,0.66,2711,22,13.3,11,12,18,2.8,2.71,2.15,10,0.366,0,0,0,2.28,0,0,0.728,80.43,59.38,21.05,20.62,13.75,pop,Hòa Minzy,0,0,0,0
SIM_00734,FAKE_CAR_0092,AURIS14_UK_MT,Toyota,Auris hatchback 1.4 VVT-i,2008,1.4,8.7,6.9,85,99.6,86.6,67.3,0.66,2201,30,13.3,14,0,0,3.9,2.71,2.15,10,0.745,0,0,0,2.33,0,0,0.728,73.31,33.53,39.78,39.4,13.75,instrumental,không rõ,0,0,0,0
SIM_00735,FAKE_CAR_0092,AURIS14_UK_MT,Toyota,Auris hatchback 1.4 VVT-i,2008,1.4,8.7,6.9,85,99.6,86.6,71.4,0.66,729,0,13.3,12,5,0,4.6,2.71,2.15,35,0.417,0,0,0,3.24,0,0,0.728,30.83,38.14,-7.31,-6.78,12.3,rock,không rõ,0,0,0,0
SIM_00736,FAKE_CAR_0092,AURIS14_UK_MT,Toyota,Auris hatchback 1.4 VVT-i,2008,1.4,8.7,6.9,85,99.6,86.6,70.4,0.66,846,0,13.3,11,5,0,4.4,2.71,2.15,20,0.715,0,0,0,2.7,0,0,0.728,35.35,36.4,-1.05,-1.06,12.42,pop,Hòa Minzy,0,0,0,0
SIM_00737,FAKE_CAR_0093,AURIS16_UK_MT,Toyota,Auris hatchback 1.6 VVT-i,2008,1.6,9,7.1,100,92.5,59,34.5,0.34,869,0,13.9,13,13,18,6.1,2.3,2.86,20,0.415,0,0,0,3.29,0,0,0.139,39.6,67.29,-27.69,-26.7,12.04,instrumental,không rõ,0,0,0,0
SIM_00738,FAKE_CAR_0093,AURIS16_UK_MT,Toyota,Auris hatchback 1.6 VVT-i,2008,1.6,9,7.1,100,92.5,59,36.2,0.34,817,0,13.9,0,5,0,4.7,2.3,2.86,35,0.772,0,0,0,4.31,0,0,0.139,37.4,27.91,9.49,11.5,14.06,nhạc trẻ,Lam Trường,0,0,0,0
SIM_00739,FAKE_CAR_0093,AURIS16_UK_MT,Toyota,Auris hatchback 1.6 VVT-i,2008,1.6,9,7.1,100,92.5,59,32.2,0.34,2116,19,13.9,0,0,0,7.9,2.3,2.86,50,0.443,0,0,0,4.88,0,0,0.139,78.19,26.68,51.51,54.09,14.13,pop,Hòa Minzy,0,0,0,0
SIM_00740,FAKE_CAR_0093,AURIS16_UK_MT,Toyota,Auris hatchback 1.6 VVT-i,2008,1.6,9,7.1,100,92.5,59,34.3,0.34,2621,20,13.9,0,0,0,7,2.3,2.86,10,0.78,0,0,0,3.04,0,0,0.139,87.88,23.94,63.94,64.68,14,rock,không rõ,0,0,0,0
SIM_00741,FAKE_CAR_0093,AURIS16_UK_MT,Toyota,Auris hatchback 1.6 VVT-i,2008,1.6,9,7.1,100,92.5,59,32.7,0.34,1967,32,13.9,0,14,0,4.2,2.3,2.86,35,0.718,0,0,0,4.25,0,0,0.139,74.84,36.35,38.49,40.44,14.1,dân ca/pop,Phương Mỹ Chi,0,0,0,0
SIM_00742,FAKE_CAR_0093,AURIS16_UK_MT,Toyota,Auris hatchback 1.6 VVT-i,2008,1.6,9,7.1,100,92.5,59,31.9,0.34,998,0,13.9,0,5,0,5.8,2.3,2.86,10,0.316,0,0,0,2.99,0,0,0.139,45.06,27.69,17.37,18.06,14.09,bolero,Lệ Quyên,0,0,0,0
SIM_00743,FAKE_CAR_0093,AURIS16_UK_MT,Toyota,Auris hatchback 1.6 VVT-i,2008,1.6,9,7.1,100,92.5,59,36.7,0.34,2437,47,13.9,0,0,0,8.2,2.3,2.86,10,0.321,0,0,0,2.99,0,0,0.139,85.4,25.09,60.31,61,14.07,nhạc trẻ,Lam Trường,0,0,0,0
SIM_00744,FAKE_CAR_0093,AURIS16_UK_MT,Toyota,Auris hatchback 1.6 VVT-i,2008,1.6,9,7.1,100,92.5,59,29.7,0.34,2683,56,13.9,9,16,0,7.7,2.3,2.86,50,0.224,0,0,0,4.49,0,0,0.139,87.88,51.09,36.79,38.98,14.09,instrumental,không rõ,0,0,0,0
SIM_00745,FAKE_CAR_0094,AVENSIS18_UK_MT,Toyota,Avensis sedan/hatch 1.8 VVT-i,2008,1.8,9.4,7.2,120,57.1,89.2,42.7,0.6,747,0,22.2,0,5,0,4.8,2.83,3.08,95,0.427,0,0,0,8.81,0,0,0.146,25.51,40.81,-15.3,-9.32,12.41,nhạc trẻ,Lam Trường,1,0,1,0
SIM_00746,FAKE_CAR_0094,AVENSIS18_UK_MT,Toyota,Avensis sedan/hatch 1.8 VVT-i,2008,1.8,9.4,7.2,120,57.1,89.2,38.9,0.6,2026,15,22.2,0,13,0,4.9,2.83,3.08,80,0.362,0,0,0,7.15,0,0,0.146,56.42,47.25,9.17,13.49,14.07,pop,Hòa Minzy,1,0,0,0
SIM_00747,FAKE_CAR_0094,AVENSIS18_UK_MT,Toyota,Avensis sedan/hatch 1.8 VVT-i,2008,1.8,9.4,7.2,120,57.1,89.2,46.4,0.6,2465,59,22.2,0,0,0,4.1,2.83,3.08,20,0.817,0,0,0,3.67,0,0,0.146,63.73,29.97,33.76,34.6,14,bolero,Lệ Quyên,1,1,0,0
SIM_00748,FAKE_CAR_0094,AVENSIS18_UK_MT,Toyota,Avensis sedan/hatch 1.8 VVT-i,2008,1.8,9.4,7.2,120,57.1,89.2,42.3,0.6,2036,36,22.2,0,11,13,7.2,2.83,3.08,80,0.686,0,0,0,8.4,0,0,0.146,56.59,61.8,-5.21,0.36,12.59,rock,không rõ,1,1,1,0
SIM_00749,FAKE_CAR_0094,AVENSIS18_UK_MT,Toyota,Avensis sedan/hatch 1.8 VVT-i,2008,1.8,9.4,7.2,120,57.1,89.2,47.3,0.6,904,0,22.2,0,5,0,3.6,2.83,3.08,10,0.675,0,0,0,3.25,0,0,0.146,30.43,34.05,-3.62,-3.2,12.74,rock,không rõ,1,0,0,0
SIM_00750,FAKE_CAR_0094,AVENSIS18_UK_MT,Toyota,Avensis sedan/hatch 1.8 VVT-i,2008,1.8,9.4,7.2,120,57.1,89.2,42.4,0.6,872,0,22.2,0,5,0,4.4,2.83,3.08,95,0.392,0,0,0,8.63,0,0,0.146,29.43,40.23,-10.8,-5,12.54,instrumental,không rõ,1,0,1,0
SIM_00751,FAKE_CAR_0094,AVENSIS18_UK_MT,Toyota,Avensis sedan/hatch 1.8 VVT-i,2008,1.8,9.4,7.2,120,57.1,89.2,51.4,0.6,2750,64,22.2,11,11,11,4.8,2.83,3.08,10,0.596,0,0,0,3.24,0,0,0.146,65.09,63.24,1.85,2.26,14,bolero,Lệ Quyên,1,1,0,0
SIM_00752,FAKE_CAR_0094,AVENSIS18_UK_MT,Toyota,Avensis sedan/hatch 1.8 VVT-i,2008,1.8,9.4,7.2,120,57.1,89.2,41.9,0.6,830,0,22.2,0,0,0,5.8,2.83,3.08,35,0.851,0,0,0,4.6,0,0,0.146,28.11,32.6,-4.49,-2.72,12.64,pop,Hòa Minzy,1,0,1,0
SIM_00753,FAKE_CAR_0095,RAV4_20_UK_MT,Toyota,RAV4 2.0 VVT-i,2008,2,11,8.6,115,95,82.6,74.8,0.23,2198,35,13.3,0,0,0,3.3,2.07,2.35,20,0.368,0,0,0,2.77,0,0,0.02,94.53,19.37,75.16,75.86,14.08,nhạc trẻ,Lam Trường,1,0,0,0
SIM_00754,FAKE_CAR_0095,RAV4_20_UK_MT,Toyota,RAV4 2.0 VVT-i,2008,2,11,8.6,115,95,82.6,77.3,0.23,1909,60,13.3,9,10,17,4.5,2.07,2.35,35,0.381,0,0,0,3.41,0,0,0.02,86.86,57.21,29.65,30.99,14.15,nhạc trẻ,Lam Trường,1,0,0,0
SIM_00755,FAKE_CAR_0095,RAV4_20_UK_MT,Toyota,RAV4 2.0 VVT-i,2008,2,11,8.6,115,95,82.6,77.5,0.23,2299,34,13.3,0,14,0,3,2.07,2.35,10,0.647,0,0,0,2.52,0,0,0.02,97.21,32.82,64.39,64.84,14.16,nhạc trẻ,Lam Trường,1,0,0,0
SIM_00756,FAKE_CAR_0095,RAV4_20_UK_MT,Toyota,RAV4 2.0 VVT-i,2008,2,11,8.6,115,95,82.6,76.2,0.23,1983,44,13.3,14,15,0,4.6,2.07,2.35,65,0.588,0,0,0,5.86,0,0,0.02,88.82,52.76,36.06,39.85,14.19,pop,Hòa Minzy,1,0,0,0
SIM_00757,FAKE_CAR_0095,RAV4_20_UK_MT,Toyota,RAV4 2.0 VVT-i,2008,2,11,8.6,115,95,82.6,64.8,0.23,2658,38,13.3,0,5,14,4,2.07,2.35,50,0.625,0,0,0,4.69,0,0,0.02,103.79,40.99,62.8,65.42,14.17,bolero,Lệ Quyên,1,0,0,0
SIM_00758,FAKE_CAR_0095,RAV4_20_UK_MT,Toyota,RAV4 2.0 VVT-i,2008,2,11,8.6,115,95,82.6,77.2,0.23,882,0,13.3,0,9,0,1.9,2.07,2.35,20,0.589,0,0,0,2.85,0,0,0.02,47.42,27.05,20.37,21.15,14.15,bolero,Lệ Quyên,1,0,0,0
SIM_00759,FAKE_CAR_0095,RAV4_20_UK_MT,Toyota,RAV4 2.0 VVT-i,2008,2,11,8.6,115,95,82.6,69.3,0.23,2204,12,13.3,0,11,0,4.3,2.07,2.35,10,0.679,0,0,0,2.52,0,0,0.02,94.69,31.12,63.57,64.02,14.11,nhạc trẻ,Lam Trường,1,0,0,0
SIM_00760,FAKE_CAR_0095,RAV4_20_UK_MT,Toyota,RAV4 2.0 VVT-i,2008,2,11,8.6,115,95,82.6,73.9,0.23,2797,61,13.3,0,0,0,2.7,2.07,2.35,95,0.699,0,0,0,9.48,0,0,0.02,103.79,25.48,78.31,85.72,14.14,dân ca/pop,Phương Mỹ Chi,1,1,0,0
SIM_00761,FAKE_CAR_0096,MAZDA2_13_UK_MT,Mazda,Mazda2 hatchback 1.3 MZR 86ps 5 cửa,2008,1.349,6.9,5.2,75,95.3,61.9,44.7,0.83,963,0,18.7,9,0,0,3.3,2.74,2.97,35,0.737,1,90,29,4.38,0,0,0.127,33.67,64.38,-30.71,-0.07,12.06,rock,không rõ,0,0,1,0
SIM_00762,FAKE_CAR_0096,MAZDA2_13_UK_MT,Mazda,Mazda2 hatchback 1.3 MZR 86ps 5 cửa,2008,1.349,6.9,5.2,75,95.3,61.9,51.6,0.83,876,0,18.7,0,0,10,3.4,2.74,2.97,80,0.855,1,90,79.21,8.95,0,0,0.127,30.83,120.26,-89.43,-4.01,11.09,bolero,Lệ Quyên,0,1,1,0
SIM_00763,FAKE_CAR_0096,MAZDA2_13_UK_MT,Mazda,Mazda2 hatchback 1.3 MZR 86ps 5 cửa,2008,1.349,6.9,5.2,75,95.3,61.9,53.7,0.83,918,0,18.7,0,13,0,6.9,2.74,2.97,20,0.468,1,90,15.91,3.42,0,0,0.127,32.2,57.93,-25.73,-9.14,12.08,nhạc trẻ,Lam Trường,0,0,1,0
SIM_00764,FAKE_CAR_0096,MAZDA2_13_UK_MT,Mazda,Mazda2 hatchback 1.3 MZR 86ps 5 cửa,2008,1.349,6.9,5.2,75,95.3,61.9,49.3,0.83,916,0,18.7,0,16,0,6.7,2.74,2.97,20,0.63,1,90,18.06,3.49,0,0,0.127,32.14,62.95,-30.81,-12,12.06,rock,không rõ,0,0,1,0
SIM_00765,FAKE_CAR_0096,MAZDA2_13_UK_MT,Mazda,Mazda2 hatchback 1.3 MZR 86ps 5 cửa,2008,1.349,6.9,5.2,75,95.3,61.9,49.4,0.83,975,0,18.7,11,16,0,5.5,2.74,2.97,50,0.257,1,90,27.87,4.66,0,0,0.127,34.06,83.73,-49.67,-19.88,11.59,bolero,Lệ Quyên,0,0,1,0
SIM_00766,FAKE_CAR_0096,MAZDA2_13_UK_MT,Mazda,Mazda2 hatchback 1.3 MZR 86ps 5 cửa,2008,1.349,6.9,5.2,75,95.3,61.9,51.3,0.83,2627,49,18.7,0,10,0,3.3,2.74,2.97,10,0.337,1,90,10.97,3.1,0,0,0.127,67.9,46.07,21.83,33.16,14.1,pop,Hòa Minzy,0,0,0,0
SIM_00767,FAKE_CAR_0096,MAZDA2_13_UK_MT,Mazda,Mazda2 hatchback 1.3 MZR 86ps 5 cửa,2008,1.349,6.9,5.2,75,95.3,61.9,52.3,0.83,988,0,18.7,0,0,0,4.6,2.74,2.97,65,0.653,1,90,53.03,6.66,0,0,0.127,34.49,82.99,-48.5,8.45,11.52,dân ca/pop,Phương Mỹ Chi,0,0,1,0
SIM_00768,FAKE_CAR_0096,MAZDA2_13_UK_MT,Mazda,Mazda2 hatchback 1.3 MZR 86ps 5 cửa,2008,1.349,6.9,5.2,75,95.3,61.9,42.9,0.83,877,0,18.7,0,0,0,3.4,2.74,2.97,95,0.843,1,90,99.11,10,0,0,0.127,30.86,131.21,-100.35,6.02,11.11,instrumental,không rõ,0,1,1,0
SIM_00769,FAKE_CAR_0097,MAZDA2_15_UK_MT,Mazda,Mazda2 hatchback 1.5 MZR 103ps,2008,1.498,7.6,5.7,95,95.3,76.2,26.6,0.63,2580,33,19.3,0,0,17,8.3,2.44,3.29,35,0.686,1,28,8.71,4.65,0,0,0.026,86.01,57.96,28.05,38.97,14.1,pop,Hòa Minzy,0,0,0,0
SIM_00770,FAKE_CAR_0097,MAZDA2_15_UK_MT,Mazda,Mazda2 hatchback 1.5 MZR 103ps,2008,1.498,7.6,5.7,95,95.3,76.2,27.3,0.63,2484,34,19.3,13,14,0,6,2.44,3.29,10,0.439,1,28,3.74,3.43,0,0,0.026,84.62,59.47,25.15,29.88,14.1,rock,không rõ,0,0,0,0
SIM_00771,FAKE_CAR_0097,MAZDA2_15_UK_MT,Mazda,Mazda2 hatchback 1.5 MZR 103ps,2008,1.498,7.6,5.7,95,95.3,76.2,35.7,0.63,757,0,19.3,0,5,0,6.4,2.44,3.29,80,0.27,1,28,15.57,7,0,0,0.026,34.12,53.27,-19.15,0.98,12.41,rock,không rõ,0,0,1,1
SIM_00772,FAKE_CAR_0097,MAZDA2_15_UK_MT,Mazda,Mazda2 hatchback 1.5 MZR 103ps,2008,1.498,7.6,5.7,95,95.3,76.2,28.9,0.63,867,0,19.3,13,11,0,7.4,2.44,3.29,65,0.802,1,28,18.27,7.39,0,0,0.026,38.68,76.36,-37.68,-14.46,11.86,instrumental,không rõ,0,0,1,1
SIM_00773,FAKE_CAR_0097,MAZDA2_15_UK_MT,Mazda,Mazda2 hatchback 1.5 MZR 103ps,2008,1.498,7.6,5.7,95,95.3,76.2,30.6,0.63,823,0,19.3,0,5,0,4.8,2.44,3.29,35,0.538,1,28,7.8,4.5,0,0,0.026,36.86,41.4,-4.54,5.32,12.75,bolero,Lệ Quyên,0,0,1,0
SIM_00774,FAKE_CAR_0097,MAZDA2_15_UK_MT,Mazda,Mazda2 hatchback 1.5 MZR 103ps,2008,1.498,7.6,5.7,95,95.3,76.2,25.1,0.63,743,0,19.3,0,0,16,7.3,2.44,3.29,10,0.461,1,28,3.81,3.43,0,0,0.026,33.54,49.84,-16.3,-11.5,12.38,rock,không rõ,0,0,0,0
SIM_00775,FAKE_CAR_0097,MAZDA2_15_UK_MT,Mazda,Mazda2 hatchback 1.5 MZR 103ps,2008,1.498,7.6,5.7,95,95.3,76.2,25.7,0.63,833,0,19.3,0,16,0,6.6,2.44,3.29,50,0.358,1,28,9.56,5.16,0,0,0.026,37.27,56.62,-19.35,-7.07,12.34,pop,Hòa Minzy,0,0,1,1
SIM_00776,FAKE_CAR_0097,MAZDA2_15_UK_MT,Mazda,Mazda2 hatchback 1.5 MZR 103ps,2008,1.498,7.6,5.7,95,95.3,76.2,29.7,0.63,888,0,19.3,9,8,10,6.7,2.44,3.29,35,0.862,1,28,9.79,4.82,0,0,0.026,39.55,67.61,-28.06,-15.89,12.1,pop,Hòa Minzy,0,0,1,1
SIM_00777,FAKE_CAR_0098,HONDA_FIT15_CA_MT,Honda,Fit hatchback 1.5 DX,2008,1.5,7.1,6.5,80,99.4,81.2,57.3,0.43,773,0,22.3,0,14,0,4.1,2.22,2.04,35,0.433,1,28,7.16,3.15,0,0,0.152,30.55,50.71,-20.16,-12.07,12.28,bolero,Lệ Quyên,0,0,1,0
SIM_00778,FAKE_CAR_0098,HONDA_FIT15_CA_MT,Honda,Fit hatchback 1.5 DX,2008,1.5,7.1,6.5,80,99.4,81.2,58.3,0.43,2355,35,22.3,0,13,0,2.9,2.22,2.04,80,0.717,1,28,22.5,7.48,0,0,0.152,71.83,68.18,3.65,31.41,14.1,rock,không rõ,0,0,0,1
SIM_00779,FAKE_CAR_0098,HONDA_FIT15_CA_MT,Honda,Fit hatchback 1.5 DX,2008,1.5,7.1,6.5,80,99.4,81.2,54.2,0.43,735,0,22.3,0,0,0,3.6,2.22,2.04,65,0.261,1,28,11.83,4.65,0,0,0.152,29.17,42.38,-13.21,1.05,12.46,bolero,Lệ Quyên,0,0,1,0
SIM_00780,FAKE_CAR_0098,HONDA_FIT15_CA_MT,Honda,Fit hatchback 1.5 DX,2008,1.5,7.1,6.5,80,99.4,81.2,59.7,0.43,967,0,22.3,0,12,0,4.3,2.22,2.04,50,0.33,1,28,9.31,3.86,0,0,0.152,37.61,51.77,-14.16,-3.21,12.44,rock,không rõ,0,0,1,0
SIM_00781,FAKE_CAR_0098,HONDA_FIT15_CA_MT,Honda,Fit hatchback 1.5 DX,2008,1.5,7.1,6.5,80,99.4,81.2,55,0.43,851,0,22.3,0,16,11,5.1,2.22,2.04,65,0.632,1,28,16.25,5.67,0,0,0.152,33.39,76.32,-42.93,-23.23,11.73,pop,Hòa Minzy,0,0,1,0
SIM_00782,FAKE_CAR_0098,HONDA_FIT15_CA_MT,Honda,Fit hatchback 1.5 DX,2008,1.5,7.1,6.5,80,99.4,81.2,60.7,0.43,2350,58,22.3,0,5,0,5.9,2.22,2.04,80,0.318,1,28,16.31,5.94,0,0,0.152,71.74,55.45,16.29,36.32,14.07,pop,Hòa Minzy,0,0,0,0
SIM_00783,FAKE_CAR_0098,HONDA_FIT15_CA_MT,Honda,Fit hatchback 1.5 DX,2008,1.5,7.1,6.5,80,99.4,81.2,62.8,0.43,2308,16,22.3,0,0,0,6,2.22,2.04,80,0.648,1,28,21.43,7.22,0,0,0.152,70.93,56.95,13.98,40.41,14.1,rock,không rõ,0,0,0,1
SIM_00784,FAKE_CAR_0098,HONDA_FIT15_CA_MT,Honda,Fit hatchback 1.5 DX,2008,1.5,7.1,6.5,80,99.4,81.2,52.9,0.43,1847,37,22.3,0,11,0,3.6,2.22,2.04,95,0.868,1,28,31.32,10,0,0,0.152,62.02,78.22,-16.2,22.9,12.31,bolero,Lệ Quyên,0,0,1,1
SIM_00785,FAKE_CAR_0099,YARIS13_UK_MT,Toyota,Yaris hatchback 1.3 VVT-i,2008,1.3,7.2,6,80,77.3,94.9,72,0.62,2916,41,15.6,0,11,0,3.8,2.13,2.04,50,0.67,1,12,5.27,4.46,0,0,0.138,58.75,40.13,18.62,26.22,14.09,rock,không rõ,0,0,0,0
SIM_00786,FAKE_CAR_0099,YARIS13_UK_MT,Toyota,Yaris hatchback 1.3 VVT-i,2008,1.3,7.2,6,80,77.3,94.9,71.5,0.62,724,0,15.6,0,16,0,2.8,2.13,2.04,80,0.625,1,12,9.03,7.13,0,0,0.138,22.38,50.56,-28.18,-14.15,12.02,pop,Hòa Minzy,0,0,1,0
SIM_00787,FAKE_CAR_0099,YARIS13_UK_MT,Toyota,Yaris hatchback 1.3 VVT-i,2008,1.3,7.2,6,80,77.3,94.9,66.8,0.62,1647,59,15.6,13,0,0,5.1,2.13,2.04,80,0.53,1,12,8.4,6.76,0,0,0.138,45.23,48.86,-3.63,9.4,12.7,nhạc trẻ,Lam Trường,0,0,1,0
SIM_00788,FAKE_CAR_0099,YARIS13_UK_MT,Toyota,Yaris hatchback 1.3 VVT-i,2008,1.3,7.2,6,80,77.3,94.9,66,0.62,738,0,15.6,11,10,0,2,2.13,2.04,95,0.815,1,12,12.98,9.77,0,0,0.138,22.77,61.35,-38.58,-17.96,11.79,pop,Hòa Minzy,0,0,1,0
SIM_00789,FAKE_CAR_0099,YARIS13_UK_MT,Toyota,Yaris hatchback 1.3 VVT-i,2008,1.3,7.2,6,80,77.3,94.9,69,0.62,1000,0,15.6,11,0,0,2.3,2.13,2.04,95,0.473,1,12,10.11,8.01,0,0,0.138,30.18,47.02,-16.84,-0.85,12.4,dân ca/pop,Phương Mỹ Chi,0,0,1,0
SIM_00790,FAKE_CAR_0099,YARIS13_UK_MT,Toyota,Yaris hatchback 1.3 VVT-i,2008,1.3,7.2,6,80,77.3,94.9,69.9,0.62,739,0,15.6,0,15,0,2.5,2.13,2.04,50,0.673,1,12,5.28,4.47,0,0,0.138,22.8,42.85,-20.05,-12.43,12.27,pop,Hòa Minzy,0,0,1,0
SIM_00791,FAKE_CAR_0099,YARIS13_UK_MT,Toyota,Yaris hatchback 1.3 VVT-i,2008,1.3,7.2,6,80,77.3,94.9,67.9,0.62,796,0,15.6,0,12,0,2,2.13,2.04,10,0.202,1,12,1.28,2.15,0,0,0.138,24.41,33.03,-8.62,-7.32,12.55,pop,Hòa Minzy,0,0,0,0
SIM_00792,FAKE_CAR_0099,YARIS13_UK_MT,Toyota,Yaris hatchback 1.3 VVT-i,2008,1.3,7.2,6,80,77.3,94.9,69.7,0.62,726,0,15.6,0,11,9,3.2,2.13,2.04,50,0.644,1,12,5.17,4.42,0,0,0.138,22.43,48.39,-25.96,-18.5,12.07,instrumental,không rõ,0,0,1,0
SIM_00793,FAKE_CAR_0100,YARIS13_UK_MM,Toyota,Yaris hatchback 1.3 VVT-i,2008,1.3,6.7,5.8,75,93.5,83.1,41.8,0.49,1780,16,17.6,0,9,0,4,2.49,2.45,95,0.797,1,12,12.83,10,0,0,0.116,53.56,53.43,0.13,20.47,14.13,nhạc trẻ,Lam Trường,0,0,0,0
SIM_00794,FAKE_CAR_0100,YARIS13_UK_MM,Toyota,Yaris hatchback 1.3 VVT-i,2008,1.3,6.7,5.8,75,93.5,83.1,45.4,0.49,2748,42,17.6,12,5,0,7,2.49,2.45,20,0.275,1,12,1.78,2.83,0,0,0.116,66.62,46.21,20.41,22.53,14.12,nhạc trẻ,Lam Trường,0,0,0,0
SIM_00795,FAKE_CAR_0100,YARIS13_UK_MM,Toyota,Yaris hatchback 1.3 VVT-i,2008,1.3,6.7,5.8,75,93.5,83.1,45.9,0.49,741,0,17.6,8,15,0,5.8,2.49,2.45,80,0.558,1,12,8.59,7.28,0,0,0.116,25.92,62.27,-36.35,-22.97,11.85,pop,Hòa Minzy,0,0,1,0
SIM_00796,FAKE_CAR_0100,YARIS13_UK_MM,Toyota,Yaris hatchback 1.3 VVT-i,2008,1.3,6.7,5.8,75,93.5,83.1,35.6,0.49,2018,63,17.6,8,9,0,4.7,2.49,2.45,95,0.824,1,12,13.06,10,0,0,0.116,57.61,62.36,-4.75,15.82,12.64,pop,Hòa Minzy,0,0,1,0
SIM_00797,FAKE_CAR_0100,YARIS13_UK_MM,Toyota,Yaris hatchback 1.3 VVT-i,2008,1.3,6.7,5.8,75,93.5,83.1,44.2,0.49,815,0,17.6,0,11,0,6.2,2.49,2.45,35,0.553,1,12,3.38,3.68,0,0,0.116,28.29,41.86,-13.57,-9,12.51,nhạc trẻ,Lam Trường,0,0,0,0
SIM_00798,FAKE_CAR_0100,YARIS13_UK_MM,Toyota,Yaris hatchback 1.3 VVT-i,2008,1.3,6.7,5.8,75,93.5,83.1,38.5,0.49,2083,37,17.6,0,0,0,7.5,2.49,2.45,95,0.598,1,12,11.16,9.06,0,0,0.116,58.72,45.32,13.4,31.13,14.03,rock,không rõ,0,0,0,0
SIM_00799,FAKE_CAR_0100,YARIS13_UK_MM,Toyota,Yaris hatchback 1.3 VVT-i,2008,1.3,6.7,5.8,75,93.5,83.1,35.6,0.49,828,0,17.6,0,5,0,7.8,2.49,2.45,80,0.832,1,12,10.41,8.34,0,0,0.116,28.71,49.15,-20.44,-4.18,12.24,dân ca/pop,Phương Mỹ Chi,0,0,1,0
SIM_00800,FAKE_CAR_0100,YARIS13_UK_MM,Toyota,Yaris hatchback 1.3 VVT-i,2008,1.3,6.7,5.8,75,93.5,83.1,36.1,0.49,854,0,17.6,0,0,11,5.9,2.49,2.45,50,0.465,1,12,4.5,4.51,0,0,0.116,29.54,43.51,-13.97,-7.45,12.49,nhạc trẻ,Lam Trường,0,0,1,0
SIM_00801,FAKE_CAR_0101,YARIS13_NCP_2NZ,Toyota,Yaris 1.3 NCP9# / 2NZ-FE,2008,1.3,,,80,95.7,53.8,41.5,0.37,2441,35,19.2,0,5,0,6.9,2,3.01,10,0.498,0,0,0,3.16,0,0,0.034,70.76,34.26,36.5,37.66,14.18,instrumental,không rõ,0,0,0,0
SIM_00802,FAKE_CAR_0101,YARIS13_NCP_2NZ,Toyota,Yaris 1.3 NCP9# / 2NZ-FE,2008,1.3,,,80,95.7,53.8,36.8,0.37,2027,37,19.2,0,12,0,6.7,2,3.01,35,0.513,0,0,0,4.2,0,0,0.034,63.06,42.1,20.96,23.16,14.13,rock,không rõ,0,0,0,0
SIM_00803,FAKE_CAR_0101,YARIS13_NCP_2NZ,Toyota,Yaris 1.3 NCP9# / 2NZ-FE,2008,1.3,,,80,95.7,53.8,39.3,0.37,891,0,19.2,11,9,18,4.2,2,3.01,10,0.839,0,0,0,3.2,0,0,0.034,33.55,64.6,-31.05,-29.85,12.07,rock,không rõ,0,0,0,0
SIM_00804,FAKE_CAR_0101,YARIS13_NCP_2NZ,Toyota,Yaris 1.3 NCP9# / 2NZ-FE,2008,1.3,,,80,95.7,53.8,31.9,0.37,2426,18,19.2,0,5,10,7.7,2,3.01,20,0.223,0,0,0,3.37,0,0,0.034,70.48,45.27,25.21,26.58,14.19,dân ca/pop,Phương Mỹ Chi,0,0,0,0
SIM_00805,FAKE_CAR_0101,YARIS13_NCP_2NZ,Toyota,Yaris 1.3 NCP9# / 2NZ-FE,2008,1.3,,,80,95.7,53.8,30.2,0.37,909,0,19.2,14,0,0,6.8,2,3.01,50,0.856,0,0,0,5.76,0,0,0.034,34.18,45.76,-11.58,-7.82,12.6,nhạc trẻ,Lam Trường,0,0,0,0
SIM_00806,FAKE_CAR_0101,YARIS13_NCP_2NZ,Toyota,Yaris 1.3 NCP9# / 2NZ-FE,2008,1.3,,,80,95.7,53.8,39.8,0.37,859,0,19.2,0,0,0,6,2,3.01,80,0.267,0,0,0,6.71,0,0,0.034,32.43,31.91,0.52,5.23,14.09,dân ca/pop,Phương Mỹ Chi,0,0,0,0
SIM_00807,FAKE_CAR_0101,YARIS13_NCP_2NZ,Toyota,Yaris 1.3 NCP9# / 2NZ-FE,2008,1.3,,,80,95.7,53.8,39.6,0.37,856,0,19.2,0,14,13,4.2,2,3.01,95,0.775,0,0,0,10,0,0,0.034,32.32,60.4,-28.08,-20.08,12.14,rock,không rõ,0,0,1,0
SIM_00808,FAKE_CAR_0101,YARIS13_NCP_2NZ,Toyota,Yaris 1.3 NCP9# / 2NZ-FE,2008,1.3,,,80,95.7,53.8,28.9,0.37,2356,37,19.2,0,5,0,5.2,2,3.01,65,0.464,0,0,0,6.18,0,0,0.034,69.18,35.58,33.6,37.78,14.15,pop,Hòa Minzy,0,0,0,0
SIM_00809,FAKE_CAR_0102,YARIS15_CA_MT,Toyota,Yaris hatchback 1.5,2008,1.5,7,6.3,85,93.6,76,43.4,0.6,2498,65,22,0,5,0,4.8,2.08,2.56,35,0.486,0,0,0,3.72,0,0,0.041,74.63,35.52,39.11,40.75,14.16,dân ca/pop,Phương Mỹ Chi,0,0,0,0
SIM_00810,FAKE_CAR_0102,YARIS15_CA_MT,Toyota,Yaris hatchback 1.5,2008,1.5,7,6.3,85,93.6,76,48.3,0.6,733,0,22,0,5,16,5.7,2.08,2.56,20,0.65,0,0,0,3.09,0,0,0.041,29.11,51.79,-22.68,-21.67,12.25,instrumental,không rõ,0,0,0,0
SIM_00811,FAKE_CAR_0102,YARIS15_CA_MT,Toyota,Yaris hatchback 1.5,2008,1.5,7,6.3,85,93.6,76,42.8,0.6,2305,36,22,0,9,0,6,2.08,2.56,10,0.273,0,0,0,2.68,0,0,0.041,70.91,39.68,31.23,31.83,14.11,dân ca/pop,Phương Mỹ Chi,0,0,0,0
SIM_00812,FAKE_CAR_0102,YARIS15_CA_MT,Toyota,Yaris hatchback 1.5,2008,1.5,7,6.3,85,93.6,76,43.2,0.6,953,0,22,11,15,0,4.8,2.08,2.56,95,0.51,0,0,0,8.72,0,0,0.041,37.12,61.52,-24.4,-17.76,12.23,instrumental,không rõ,0,0,1,0
SIM_00813,FAKE_CAR_0102,YARIS15_CA_MT,Toyota,Yaris hatchback 1.5,2008,1.5,7,6.3,85,93.6,76,41.9,0.6,751,0,22,10,0,0,4.7,2.08,2.56,65,0.618,0,0,0,6.15,0,0,0.041,29.77,42.85,-13.08,-9.01,12.44,bolero,Lệ Quyên,0,0,0,0
SIM_00814,FAKE_CAR_0102,YARIS15_CA_MT,Toyota,Yaris hatchback 1.5,2008,1.5,7,6.3,85,93.6,76,45.6,0.6,839,0,22,13,9,0,5.8,2.08,2.56,65,0.795,0,0,0,6.64,0,0,0.041,32.97,56.44,-23.47,-18.91,12.3,nhạc trẻ,Lam Trường,0,0,0,0
SIM_00815,FAKE_CAR_0102,YARIS15_CA_MT,Toyota,Yaris hatchback 1.5,2008,1.5,7,6.3,85,93.6,76,46.4,0.6,1693,15,22,0,11,16,4.6,2.08,2.56,50,0.828,0,0,0,5.26,0,0,0.041,59.08,58.86,0.22,3.4,14.14,pop,Hòa Minzy,0,0,0,0
SIM_00816,FAKE_CAR_0102,YARIS15_CA_MT,Toyota,Yaris hatchback 1.5,2008,1.5,7,6.3,85,93.6,76,41.9,0.6,2639,16,22,0,5,0,4.5,2.08,2.56,10,0.777,0,0,0,2.74,0,0,0.041,75.58,34.24,41.34,42,14.11,instrumental,không rõ,0,0,0,0
SIM_00817,FAKE_CAR_0103,YARIS15_CA_AT,Toyota,Yaris hatchback 1.5,2008,1.5,7,6.4,85,50.6,99.4,40.7,0.58,1850,49,16.4,0,5,0,5.2,1.6,2.6,10,0.728,0,0,0,2.78,0,0,0.113,33.58,29.38,4.2,5.38,14.11,pop,Hòa Minzy,0,0,0,0
SIM_00818,FAKE_CAR_0103,YARIS15_CA_AT,Toyota,Yaris hatchback 1.5,2008,1.5,7,6.4,85,50.6,99.4,34.9,0.58,2619,57,16.4,0,0,0,4.6,1.6,2.6,50,0.667,0,0,0,5.02,0,0,0.113,40.86,26.02,14.84,18.26,14.11,nhạc trẻ,Lam Trường,0,0,0,0
SIM_00819,FAKE_CAR_0103,YARIS15_CA_AT,Toyota,Yaris hatchback 1.5,2008,1.5,7,6.4,85,50.6,99.4,37.7,0.58,2851,23,16.4,13,8,0,7.6,1.6,2.6,20,0.375,0,0,0,3.02,0,0,0.113,40.86,48.02,-7.16,-5.74,12.62,instrumental,không rõ,0,0,0,0
SIM_00820,FAKE_CAR_0103,YARIS15_CA_AT,Toyota,Yaris hatchback 1.5,2008,1.5,7,6.4,85,50.6,99.4,34.4,0.58,779,0,16.4,0,16,0,6.1,1.6,2.6,35,0.632,0,0,0,3.91,0,0,0.113,16.64,42.41,-25.77,-23.46,12.21,pop,Hòa Minzy,0,0,0,0
SIM_00821,FAKE_CAR_0103,YARIS15_CA_AT,Toyota,Yaris hatchback 1.5,2008,1.5,7,6.4,85,50.6,99.4,33.1,0.58,727,0,16.4,10,8,0,4.3,1.6,2.6,95,0.407,0,0,0,8.23,0,0,0.113,15.62,46.93,-31.31,-24.68,11.98,rock,không rõ,0,0,1,0
SIM_00822,FAKE_CAR_0103,YARIS15_CA_AT,Toyota,Yaris hatchback 1.5,2008,1.5,7,6.4,85,50.6,99.4,34.5,0.58,2181,51,16.4,0,5,0,6.7,1.6,2.6,35,0.448,0,0,0,3.72,0,0,0.113,37.04,31.82,5.22,7.34,14.12,bolero,Lệ Quyên,0,0,0,0
SIM_00823,FAKE_CAR_0103,YARIS15_CA_AT,Toyota,Yaris hatchback 1.5,2008,1.5,7,6.4,85,50.6,99.4,37.3,0.58,772,0,16.4,10,15,0,7,1.6,2.6,20,0.38,0,0,0,3.02,0,0,0.113,16.51,51.42,-34.91,-33.49,11.94,bolero,Lệ Quyên,0,0,0,0
SIM_00824,FAKE_CAR_0103,YARIS15_CA_AT,Toyota,Yaris hatchback 1.5,2008,1.5,7,6.4,85,50.6,99.4,38,0.58,2297,55,16.4,9,15,0,7.6,1.6,2.6,35,0.643,0,0,0,3.92,0,0,0.113,38.25,51.92,-13.67,-11.35,12.48,nhạc trẻ,Lam Trường,0,0,0,0
SIM_00825,FAKE_CAR_0104,YARIS10_UK_MT,Toyota,Yaris hatchback 1.0 VVT-i,2008,1,6.4,5.4,70,95.8,88.8,68.6,0.77,2221,59,12.4,10,5,0,4.2,1.75,2.13,20,0.343,1,55,8.71,2.54,0,0,0.159,58.4,42.85,15.55,25.05,13.99,nhạc trẻ,Lam Trường,0,0,0,0
SIM_00826,FAKE_CAR_0104,YARIS10_UK_MT,Toyota,Yaris hatchback 1.0 VVT-i,2008,1,6.4,5.4,70,95.8,88.8,74.5,0.77,807,0,12.4,0,0,16,1.5,1.75,2.13,35,0.602,1,55,16.09,3.41,0,0,0.159,26.81,49.4,-22.59,-4.84,12.14,nhạc trẻ,Lam Trường,0,0,1,1
SIM_00827,FAKE_CAR_0104,YARIS10_UK_MT,Toyota,Yaris hatchback 1.0 VVT-i,2008,1,6.4,5.4,70,95.8,88.8,68.9,0.77,2793,60,12.4,0,0,13,3.1,1.75,2.13,80,0.266,1,55,30.45,5.82,0,0,0.159,63.71,64.77,-1.06,33.46,12.7,pop,Hòa Minzy,0,0,0,1
SIM_00828,FAKE_CAR_0104,YARIS10_UK_MT,Toyota,Yaris hatchback 1.0 VVT-i,2008,1,6.4,5.4,70,95.8,88.8,70.3,0.77,880,0,12.4,0,8,0,4.1,1.75,2.13,50,0.205,1,55,16.14,3.72,0,0,0.159,29.05,44.36,-15.31,2.8,12.43,instrumental,không rõ,0,0,1,1
SIM_00829,FAKE_CAR_0104,YARIS10_UK_MT,Toyota,Yaris hatchback 1.0 VVT-i,2008,1,6.4,5.4,70,95.8,88.8,67.3,0.77,760,0,12.4,0,11,0,3.7,1.75,2.13,20,0.577,1,55,10.61,2.63,0,0,0.159,25.37,40.34,-14.97,-3.48,12.34,bolero,Lệ Quyên,0,0,1,1
SIM_00830,FAKE_CAR_0104,YARIS10_UK_MT,Toyota,Yaris hatchback 1.0 VVT-i,2008,1,6.4,5.4,70,95.8,88.8,70.5,0.77,2641,38,12.4,8,0,10,2.7,1.75,2.13,20,0.223,1,55,7.74,2.49,0,0,0.159,63.71,43.33,20.38,28.86,14.03,nhạc trẻ,Lam Trường,0,0,0,0
SIM_00831,FAKE_CAR_0104,YARIS10_UK_MT,Toyota,Yaris hatchback 1.0 VVT-i,2008,1,6.4,5.4,70,95.8,88.8,73.4,0.77,963,0,12.4,0,5,18,4.1,1.75,2.13,35,0.713,1,55,17.43,3.52,0,0,0.159,31.59,60.45,-28.86,-9.66,11.99,dân ca/pop,Phương Mỹ Chi,0,0,1,1
SIM_00832,FAKE_CAR_0104,YARIS10_UK_MT,Toyota,Yaris hatchback 1.0 VVT-i,2008,1,6.4,5.4,70,95.8,88.8,65.8,0.77,2920,14,12.4,14,12,18,3.1,1.75,2.13,80,0.729,1,55,44.56,7.62,0,0,0.159,63.71,111.68,-47.97,2.46,11.53,instrumental,không rõ,0,0,1,1
SIM_00833,FAKE_CAR_0105,AYGO10_UK_MT,Toyota,Aygo hatchback 1.0 VVT-i,2008,1,5.5,4.6,65,98.2,79.2,53.9,0.22,902,0,16.2,0,0,0,4.1,1.59,2.17,20,0.697,0,0,0,2.71,0,0,0.148,28.29,23.01,5.28,6.4,14.08,dân ca/pop,Phương Mỹ Chi,0,0,0,0
SIM_00834,FAKE_CAR_0105,AYGO10_UK_MT,Toyota,Aygo hatchback 1.0 VVT-i,2008,1,5.5,4.6,65,98.2,79.2,42.5,0.22,1924,26,16.2,0,10,0,4.3,1.59,2.17,65,0.365,0,0,0,5.07,0,0,0.148,50.98,35.57,15.41,18.89,14.03,pop,Hòa Minzy,0,0,0,0
SIM_00835,FAKE_CAR_0105,AYGO10_UK_MT,Toyota,Aygo hatchback 1.0 VVT-i,2008,1,5.5,4.6,65,98.2,79.2,50,0.22,1665,38,16.2,0,10,0,5.5,1.59,2.17,65,0.232,0,0,0,4.7,0,0,0.148,46.97,36.4,10.57,13.68,14.01,pop,Hòa Minzy,0,0,0,0
SIM_00836,FAKE_CAR_0105,AYGO10_UK_MT,Toyota,Aygo hatchback 1.0 VVT-i,2008,1,5.5,4.6,65,98.2,79.2,41.9,0.22,2543,35,16.2,0,5,12,4.3,1.59,2.17,35,0.289,0,0,0,3.14,0,0,0.148,60.58,40.64,19.94,21.49,14.11,rock,không rõ,0,0,0,0
SIM_00837,FAKE_CAR_0105,AYGO10_UK_MT,Toyota,Aygo hatchback 1.0 VVT-i,2008,1,5.5,4.6,65,98.2,79.2,41.7,0.22,894,0,16.2,9,11,17,5.8,1.59,2.17,10,0.369,0,0,0,2.3,0,0,0.148,28.06,61.3,-33.24,-32.53,11.97,dân ca/pop,Phương Mỹ Chi,0,0,0,0
SIM_00838,FAKE_CAR_0105,AYGO10_UK_MT,Toyota,Aygo hatchback 1.0 VVT-i,2008,1,5.5,4.6,65,98.2,79.2,45.2,0.22,1692,41,16.2,0,10,0,7,1.59,2.17,50,0.206,0,0,0,3.76,0,0,0.148,47.38,36.96,10.42,12.59,14.1,dân ca/pop,Phương Mỹ Chi,0,0,0,0
SIM_00839,FAKE_CAR_0105,AYGO10_UK_MT,Toyota,Aygo hatchback 1.0 VVT-i,2008,1,5.5,4.6,65,98.2,79.2,41.3,0.22,2002,18,16.2,0,9,0,6.5,1.59,2.17,35,0.819,0,0,0,3.66,0,0,0.148,52.19,35.36,16.83,18.9,14.11,pop,Hòa Minzy,0,0,0,0
SIM_00840,FAKE_CAR_0105,AYGO10_UK_MT,Toyota,Aygo hatchback 1.0 VVT-i,2008,1,5.5,4.6,65,98.2,79.2,40.3,0.22,970,0,16.2,11,14,17,6.2,1.59,2.17,10,0.787,0,0,0,2.35,0,0,0.148,30.27,66.75,-36.48,-35.72,11.87,dân ca/pop,Phương Mỹ Chi,0,0,0,0
SIM_00841,FAKE_CAR_0106,AURIS14_UK_MT,Toyota,Auris hatchback 1.4 VVT-i,2008,1.4,8.7,6.9,90,58.6,40.9,62,0.8,975,0,19.5,0,5,0,5.8,2.18,1.79,80,0.733,1,12,9.75,7.29,0,0,0.153,25.13,47.34,-22.21,-7.35,12.18,dân ca/pop,Phương Mỹ Chi,0,0,1,0
SIM_00842,FAKE_CAR_0106,AURIS14_UK_MT,Toyota,Auris hatchback 1.4 VVT-i,2008,1.4,8.7,6.9,90,58.6,40.9,62.8,0.8,812,0,19.5,0,13,0,3.4,2.18,1.79,80,0.544,1,12,8.49,6.56,0,0,0.153,21.2,50.95,-29.75,-16.88,12.07,rock,không rõ,0,0,1,0
SIM_00843,FAKE_CAR_0106,AURIS14_UK_MT,Toyota,Auris hatchback 1.4 VVT-i,2008,1.4,8.7,6.9,90,58.6,40.9,53.9,0.8,1716,21,19.5,0,14,0,3,2.18,1.79,20,0.734,1,12,2.59,2.35,0,0,0.153,39.46,41.44,-1.98,0.78,12.75,bolero,Lệ Quyên,0,0,0,0
SIM_00844,FAKE_CAR_0106,AURIS14_UK_MT,Toyota,Auris hatchback 1.4 VVT-i,2008,1.4,8.7,6.9,90,58.6,40.9,58.6,0.8,827,0,19.5,10,14,0,2.5,2.18,1.79,20,0.283,1,12,1.8,2.17,0,0,0.153,21.57,49.97,-28.4,-26.61,12.05,pop,Hòa Minzy,0,0,0,0
SIM_00845,FAKE_CAR_0106,AURIS14_UK_MT,Toyota,Auris hatchback 1.4 VVT-i,2008,1.4,8.7,6.9,90,58.6,40.9,57.1,0.8,921,0,19.5,0,12,11,5.1,2.18,1.79,10,0.318,1,12,1.44,1.92,0,0,0.153,23.83,50.96,-27.13,-25.95,12.08,instrumental,không rõ,0,0,0,0
SIM_00846,FAKE_CAR_0106,AURIS14_UK_MT,Toyota,Auris hatchback 1.4 VVT-i,2008,1.4,8.7,6.9,90,58.6,40.9,55.1,0.8,747,0,19.5,8,8,0,5.4,2.18,1.79,35,0.372,1,12,2.91,2.84,0,0,0.153,19.64,46.65,-27.01,-23.44,12.05,nhạc trẻ,Lam Trường,0,0,0,0
SIM_00847,FAKE_CAR_0106,AURIS14_UK_MT,Toyota,Auris hatchback 1.4 VVT-i,2008,1.4,8.7,6.9,90,58.6,40.9,59.9,0.8,871,0,19.5,11,10,12,6.1,2.18,1.79,65,0.429,1,12,5.93,4.86,0,0,0.153,22.63,69.39,-46.76,-38.15,11.56,nhạc trẻ,Lam Trường,0,0,1,0
SIM_00848,FAKE_CAR_0106,AURIS14_UK_MT,Toyota,Auris hatchback 1.4 VVT-i,2008,1.4,8.7,6.9,90,58.6,40.9,58,0.8,1750,28,19.5,0,5,0,4.6,2.18,1.79,50,0.664,1,12,5.24,4.2,0,0,0.153,39.89,38.54,1.35,8.61,14.03,instrumental,không rõ,0,0,0,0
SIM_00849,FAKE_CAR_0107,AURIS16_UK_MT,Toyota,Auris hatchback 1.6 VVT-i,2008,1.6,9,7.1,95,88.2,93.7,34.5,0.76,770,0,13.2,0,12,0,4.9,2.4,2.5,35,0.802,1,12,4.04,3.98,0,0,0.5,32.08,38.12,-6.04,-0.42,12.42,pop,Hòa Minzy,0,0,1,0
SIM_00850,FAKE_CAR_0107,AURIS16_UK_MT,Toyota,Auris hatchback 1.6 VVT-i,2008,1.6,9,7.1,95,88.2,93.7,40.8,0.76,814,0,13.2,0,0,0,4,2.4,2.5,95,0.454,1,12,9.95,8.37,0,0,0.5,33.76,35.52,-1.76,14.16,12.5,bolero,Lệ Quyên,0,0,0,0
SIM_00851,FAKE_CAR_0107,AURIS16_UK_MT,Toyota,Auris hatchback 1.6 VVT-i,2008,1.6,9,7.1,95,88.2,93.7,38.7,0.76,831,0,13.2,13,14,10,7.1,2.4,2.5,10,0.601,1,12,1.82,2.66,0,0,0.5,34.42,61.78,-27.36,-25.28,11.92,instrumental,không rõ,0,0,0,0
SIM_00852,FAKE_CAR_0107,AURIS16_UK_MT,Toyota,Auris hatchback 1.6 VVT-i,2008,1.6,9,7.1,95,88.2,93.7,34.9,0.76,2717,31,13.2,0,8,0,4.3,2.4,2.5,65,0.826,1,12,7.95,6.66,0,0,0.5,79.6,40.11,39.49,51.7,13.87,nhạc trẻ,Lam Trường,0,0,0,0
SIM_00853,FAKE_CAR_0107,AURIS16_UK_MT,Toyota,Auris hatchback 1.6 VVT-i,2008,1.6,9,7.1,95,88.2,93.7,42.9,0.76,2106,44,13.2,0,13,0,5.9,2.4,2.5,65,0.337,1,12,5.46,5.32,0,0,0.5,70.63,42.88,27.75,36.13,13.83,pop,Hòa Minzy,0,0,0,0
SIM_00854,FAKE_CAR_0107,AURIS16_UK_MT,Toyota,Auris hatchback 1.6 VVT-i,2008,1.6,9,7.1,95,88.2,93.7,41.1,0.76,1748,64,13.2,0,13,0,6.6,2.4,2.5,80,0.393,1,12,7.49,6.69,0,0,0.5,63.34,46.98,16.36,28.14,13.84,rock,không rõ,0,0,0,0
SIM_00855,FAKE_CAR_0107,AURIS16_UK_MT,Toyota,Auris hatchback 1.6 VVT-i,2008,1.6,9,7.1,95,88.2,93.7,35.8,0.76,725,0,13.2,8,0,0,6.4,2.4,2.5,35,0.615,1,12,3.55,3.79,0,0,0.5,30.36,34.94,-4.58,0.36,12.4,nhạc trẻ,Lam Trường,0,0,1,0
SIM_00856,FAKE_CAR_0107,AURIS16_UK_MT,Toyota,Auris hatchback 1.6 VVT-i,2008,1.6,9,7.1,95,88.2,93.7,42.6,0.76,1805,42,13.2,0,9,0,3.9,2.4,2.5,35,0.771,1,12,3.96,3.94,0,0,0.5,64.5,34,30.5,36,13.88,nhạc trẻ,Lam Trường,0,0,0,0
SIM_00857,FAKE_CAR_0108,AVENSIS18_UK_MT,Toyota,Avensis sedan/hatch 1.8 VVT-i,2008,1.8,9.4,7.2,105,88.4,79.7,67.1,0.63,801,0,21.8,11,0,15,1.8,2.02,3.08,65,0.653,0,0,0,6.77,1,12.86,0.021,36.85,69.23,-32.38,-14.77,12.02,bolero,Lệ Quyên,0,0,1,0
SIM_00858,FAKE_CAR_0108,AVENSIS18_UK_MT,Toyota,Avensis sedan/hatch 1.8 VVT-i,2008,1.8,9.4,7.2,105,88.4,79.7,77,0.63,730,0,21.8,11,11,0,3.1,2.02,3.08,35,0.247,0,0,0,4.01,1,12.86,0.021,33.84,63.77,-29.93,-15.08,12.02,dân ca/pop,Phương Mỹ Chi,0,0,1,0
SIM_00859,FAKE_CAR_0108,AVENSIS18_UK_MT,Toyota,Avensis sedan/hatch 1.8 VVT-i,2008,1.8,9.4,7.2,105,88.4,79.7,74.1,0.63,770,0,21.8,0,0,0,4.2,2.02,3.08,10,0.659,0,0,0,3.25,1,12.86,0.021,35.54,42.11,-6.57,7.52,12.74,dân ca/pop,Phương Mỹ Chi,0,0,1,0
SIM_00860,FAKE_CAR_0108,AVENSIS18_UK_MT,Toyota,Avensis sedan/hatch 1.8 VVT-i,2008,1.8,9.4,7.2,105,88.4,79.7,70.9,0.63,2548,64,21.8,0,10,0,3.6,2.02,3.08,65,0.852,0,0,0,7.32,1,12.86,0.021,88.18,55.58,32.6,50.76,14.11,instrumental,không rõ,0,0,0,0
SIM_00861,FAKE_CAR_0108,AVENSIS18_UK_MT,Toyota,Avensis sedan/hatch 1.8 VVT-i,2008,1.8,9.4,7.2,105,88.4,79.7,70.5,0.63,752,0,21.8,14,5,0,3.3,2.02,3.08,80,0.814,0,0,0,8.9,1,12.86,0.021,34.77,65.86,-31.09,-11.35,12.04,nhạc trẻ,Lam Trường,0,0,1,0
SIM_00862,FAKE_CAR_0108,AVENSIS18_UK_MT,Toyota,Avensis sedan/hatch 1.8 VVT-i,2008,1.8,9.4,7.2,105,88.4,79.7,72.3,0.63,930,0,21.8,0,0,0,1.3,2.02,3.08,95,0.713,0,0,0,10,1,12.86,0.021,42.33,45.96,-3.63,17.21,12.71,rock,không rõ,0,0,1,0
SIM_00863,FAKE_CAR_0108,AVENSIS18_UK_MT,Toyota,Avensis sedan/hatch 1.8 VVT-i,2008,1.8,9.4,7.2,105,88.4,79.7,76.4,0.63,2111,51,21.8,0,0,11,3.9,2.02,3.08,65,0.796,0,0,0,7.16,1,12.86,0.021,78.35,56.72,21.63,39.63,14.07,bolero,Lệ Quyên,0,0,0,0
SIM_00864,FAKE_CAR_0108,AVENSIS18_UK_MT,Toyota,Avensis sedan/hatch 1.8 VVT-i,2008,1.8,9.4,7.2,105,88.4,79.7,69.1,0.63,854,0,21.8,0,11,0,2.3,2.02,3.08,20,0.768,0,0,0,3.65,1,12.86,0.021,39.1,51.61,-12.51,1.98,12.59,instrumental,không rõ,0,0,1,0
SIM_00865,FAKE_CAR_0109,RAV4_20_UK_MT,Toyota,RAV4 2.0 VVT-i,2008,2,11,8.6,125,94.4,75.6,65,0.38,970,0,13.6,8,9,0,4.1,2.56,3.06,10,0.227,1,12,1.31,3.17,1,4.5,0.118,55.97,43.68,12.29,18.71,14.05,nhạc trẻ,Lam Trường,1,1,0,0
SIM_00866,FAKE_CAR_0109,RAV4_20_UK_MT,Toyota,RAV4 2.0 VVT-i,2008,2,11,8.6,125,94.4,75.6,56.8,0.38,2022,21,13.6,0,0,0,5.7,2.56,3.06,95,0.226,1,12,8.04,7.76,1,4.5,0.118,97.05,39.6,57.45,75.19,14.04,nhạc trẻ,Lam Trường,1,0,0,0
SIM_00867,FAKE_CAR_0109,RAV4_20_UK_MT,Toyota,RAV4 2.0 VVT-i,2008,2,11,8.6,125,94.4,75.6,61,0.38,2263,40,13.6,0,5,0,5.1,2.56,3.06,20,0.819,1,12,2.74,3.65,1,4.5,0.118,103.96,34.59,69.37,77.7,14.02,rock,không rõ,1,0,0,0
SIM_00868,FAKE_CAR_0109,RAV4_20_UK_MT,Toyota,RAV4 2.0 VVT-i,2008,2,11,8.6,125,94.4,75.6,56.1,0.38,903,0,13.6,0,5,0,2.5,2.56,3.06,20,0.37,1,12,1.95,3.48,1,4.5,0.118,52.35,31.03,21.32,28.69,14.08,rock,không rõ,1,0,0,0
SIM_00869,FAKE_CAR_0109,RAV4_20_UK_MT,Toyota,RAV4 2.0 VVT-i,2008,2,11,8.6,125,94.4,75.6,56.8,0.38,2257,38,13.6,0,0,0,5.7,2.56,3.06,20,0.31,1,12,1.84,3.45,1,4.5,0.118,103.79,29.09,74.7,81.93,14.15,rock,không rõ,1,0,0,0
SIM_00870,FAKE_CAR_0109,RAV4_20_UK_MT,Toyota,RAV4 2.0 VVT-i,2008,2,11,8.6,125,94.4,75.6,60.4,0.38,2653,38,13.6,0,0,10,4.5,2.56,3.06,35,0.816,1,12,4.07,4.55,1,4.5,0.118,112.1,41.22,70.88,81.44,14.14,dân ca/pop,Phương Mỹ Chi,1,0,0,0
SIM_00871,FAKE_CAR_0109,RAV4_20_UK_MT,Toyota,RAV4 2.0 VVT-i,2008,2,11,8.6,125,94.4,75.6,59.5,0.38,941,0,13.6,0,13,0,2.7,2.56,3.06,80,0.361,1,12,7.28,7.12,1,4.5,0.118,54.4,48.2,6.2,22.54,14.02,bolero,Lệ Quyên,1,0,0,0
SIM_00872,FAKE_CAR_0109,RAV4_20_UK_MT,Toyota,RAV4 2.0 VVT-i,2008,2,11,8.6,125,94.4,75.6,59.1,0.38,2337,51,13.6,0,5,0,2.5,2.56,3.06,80,0.541,1,12,8.47,7.82,1,4.5,0.118,106.08,41.89,64.19,82.42,14.04,nhạc trẻ,Lam Trường,1,0,0,0
SIM_00873,FAKE_CAR_0110,MAZDA2_13_UK_MT,Mazda,Mazda2 hatchback 1.3 MZR 86ps 5 cửa,2008,1.349,6.9,5.2,85,99.3,94.9,44.4,0.55,827,0,21.1,0,0,0,5.1,2.72,2.93,20,0.285,0,0,0,3.31,0,0,0.007,34.51,29.51,5,5.59,14.19,bolero,Lệ Quyên,0,0,0,0
SIM_00874,FAKE_CAR_0110,MAZDA2_13_UK_MT,Mazda,Mazda2 hatchback 1.3 MZR 86ps 5 cửa,2008,1.349,6.9,5.2,85,99.3,94.9,41.1,0.55,799,0,21.1,0,15,18,4.4,2.72,2.93,80,0.486,0,0,0,7.48,0,0,0.007,33.43,65.98,-32.55,-27.79,12.04,nhạc trẻ,Lam Trường,0,0,0,0
SIM_00875,FAKE_CAR_0110,MAZDA2_13_UK_MT,Mazda,Mazda2 hatchback 1.3 MZR 86ps 5 cửa,2008,1.349,6.9,5.2,85,99.3,94.9,43.3,0.55,974,0,21.1,0,10,0,3.4,2.72,2.93,35,0.527,0,0,0,4.13,0,0,0.007,40.19,38.63,1.56,2.97,14.2,rock,không rõ,0,0,0,0
SIM_00876,FAKE_CAR_0110,MAZDA2_13_UK_MT,Mazda,Mazda2 hatchback 1.3 MZR 86ps 5 cửa,2008,1.349,6.9,5.2,85,99.3,94.9,50.7,0.55,881,0,21.1,9,0,0,6.6,2.72,2.93,35,0.346,0,0,0,3.95,0,0,0.007,36.6,40.65,-4.05,-2.82,12.71,pop,Hòa Minzy,0,0,1,0
SIM_00877,FAKE_CAR_0110,MAZDA2_13_UK_MT,Mazda,Mazda2 hatchback 1.3 MZR 86ps 5 cửa,2008,1.349,6.9,5.2,85,99.3,94.9,46.3,0.55,751,0,21.1,0,0,0,4.8,2.72,2.93,20,0.75,0,0,0,3.5,0,0,0.007,31.58,29.4,2.18,2.96,14.21,instrumental,không rõ,0,0,0,0
SIM_00878,FAKE_CAR_0110,MAZDA2_13_UK_MT,Mazda,Mazda2 hatchback 1.3 MZR 86ps 5 cửa,2008,1.349,6.9,5.2,85,99.3,94.9,52.5,0.55,2181,57,21.1,8,5,0,4.9,2.72,2.93,10,0.437,0,0,0,3.07,0,0,0.007,72.68,42.07,30.61,30.96,14.1,dân ca/pop,Phương Mỹ Chi,0,0,0,0
SIM_00879,FAKE_CAR_0110,MAZDA2_13_UK_MT,Mazda,Mazda2 hatchback 1.3 MZR 86ps 5 cửa,2008,1.349,6.9,5.2,85,99.3,94.9,48.2,0.55,2653,29,21.1,0,8,0,6.9,2.72,2.93,20,0.699,0,0,0,3.48,0,0,0.007,80.18,39.48,40.7,41.46,14.21,dân ca/pop,Phương Mỹ Chi,0,0,0,0
SIM_00880,FAKE_CAR_0110,MAZDA2_13_UK_MT,Mazda,Mazda2 hatchback 1.3 MZR 86ps 5 cửa,2008,1.349,6.9,5.2,85,99.3,94.9,49.4,0.55,817,0,21.1,0,0,10,6.6,2.72,2.93,20,0.501,0,0,0,3.4,0,0,0.007,34.13,41.1,-6.97,-6.29,12.67,nhạc trẻ,Lam Trường,0,0,0,0
SIM_00881,FAKE_CAR_0111,MAZDA2_15_UK_MT,Mazda,Mazda2 hatchback 1.5 MZR 103ps,2008,1.498,7.6,5.7,90,98.9,91.1,71.7,0.33,2710,29,19.2,10,0,0,2.1,2.66,3.08,50,0.381,0,0,0,4.99,0,0,0.088,84.56,36.29,48.27,50.6,14.09,pop,Hòa Minzy,0,0,0,0
SIM_00882,FAKE_CAR_0111,MAZDA2_15_UK_MT,Mazda,Mazda2 hatchback 1.5 MZR 103ps,2008,1.498,7.6,5.7,90,98.9,91.1,74.7,0.33,2054,24,19.2,0,5,0,3.7,2.66,3.08,50,0.394,0,0,0,5.01,0,0,0.088,73.9,32.91,40.99,43.34,14.04,bolero,Lệ Quyên,0,0,0,0
SIM_00883,FAKE_CAR_0111,MAZDA2_15_UK_MT,Mazda,Mazda2 hatchback 1.5 MZR 103ps,2008,1.498,7.6,5.7,90,98.9,91.1,71.7,0.33,2535,15,19.2,10,11,0,2.3,2.66,3.08,95,0.504,0,0,0,9.21,0,0,0.088,84.3,51.71,32.59,39.14,14.11,pop,Hòa Minzy,0,0,0,0
SIM_00884,FAKE_CAR_0111,MAZDA2_15_UK_MT,Mazda,Mazda2 hatchback 1.5 MZR 103ps,2008,1.498,7.6,5.7,90,98.9,91.1,71.1,0.33,923,0,19.2,0,5,0,3.8,2.66,3.08,35,0.468,0,0,0,4.22,0,0,0.088,40.3,32.22,8.08,9.64,14.11,pop,Hòa Minzy,0,0,0,0
SIM_00885,FAKE_CAR_0111,MAZDA2_15_UK_MT,Mazda,Mazda2 hatchback 1.5 MZR 103ps,2008,1.498,7.6,5.7,90,98.9,91.1,83.8,0.33,2980,61,19.2,0,11,12,4,2.66,3.08,50,0.62,0,0,0,5.41,0,0,0.088,84.56,51.61,32.95,35.7,14.03,nhạc trẻ,Lam Trường,0,0,0,0
SIM_00886,FAKE_CAR_0111,MAZDA2_15_UK_MT,Mazda,Mazda2 hatchback 1.5 MZR 103ps,2008,1.498,7.6,5.7,90,98.9,91.1,78.7,0.33,2864,55,19.2,0,0,0,1.3,2.66,3.08,95,0.619,0,0,0,9.8,0,0,0.088,84.56,30.3,54.26,61.4,14.13,dân ca/pop,Phương Mỹ Chi,0,0,0,0
SIM_00887,FAKE_CAR_0111,MAZDA2_15_UK_MT,Mazda,Mazda2 hatchback 1.5 MZR 103ps,2008,1.498,7.6,5.7,90,98.9,91.1,76,0.33,890,0,19.2,13,13,0,2.3,2.66,3.08,80,0.586,0,0,0,8.01,0,0,0.088,38.96,55.51,-16.55,-11.2,12.36,dân ca/pop,Phương Mỹ Chi,0,0,1,0
SIM_00888,FAKE_CAR_0111,MAZDA2_15_UK_MT,Mazda,Mazda2 hatchback 1.5 MZR 103ps,2008,1.498,7.6,5.7,90,98.9,91.1,71.5,0.33,2481,46,19.2,0,12,10,3.7,2.66,3.08,20,0.707,0,0,0,3.63,0,0,0.088,83.13,48.53,34.6,35.57,14.1,nhạc trẻ,Lam Trường,0,0,0,0
SIM_00889,FAKE_CAR_0112,HONDA_FIT15_CA_MT,Honda,Fit hatchback 1.5 DX,2008,1.5,7.1,6.5,90,99.3,83.8,42.4,0.3,2465,59,12.6,9,14,0,5.5,2.1,1.65,80,0.636,1,90,68.29,6.78,0,0,0.121,83.12,116.17,-33.05,39.92,11.96,rock,không rõ,0,0,1,1
SIM_00890,FAKE_CAR_0112,HONDA_FIT15_CA_MT,Honda,Fit hatchback 1.5 DX,2008,1.5,7.1,6.5,90,99.3,83.8,37.2,0.3,2137,35,12.6,0,5,0,6.5,2.1,1.65,35,0.574,1,90,25.78,2.9,0,0,0.121,76,52.78,23.22,49.8,14.02,bolero,Lệ Quyên,0,0,0,0
SIM_00891,FAKE_CAR_0112,HONDA_FIT15_CA_MT,Honda,Fit hatchback 1.5 DX,2008,1.5,7.1,6.5,90,99.3,83.8,39.9,0.3,976,0,12.6,0,10,15,5.8,2.1,1.65,65,0.682,1,90,54.14,5.42,0,0,0.121,42.63,102.96,-60.33,-2.87,11.29,dân ca/pop,Phương Mỹ Chi,0,0,1,1
SIM_00892,FAKE_CAR_0112,HONDA_FIT15_CA_MT,Honda,Fit hatchback 1.5 DX,2008,1.5,7.1,6.5,90,99.3,83.8,34.2,0.3,913,0,12.6,0,15,0,6,2.1,1.65,50,0.441,1,90,33.05,3.66,0,0,0.121,40.06,70.31,-30.25,4.36,11.99,pop,Hòa Minzy,0,0,1,0
SIM_00893,FAKE_CAR_0112,HONDA_FIT15_CA_MT,Honda,Fit hatchback 1.5 DX,2008,1.5,7.1,6.5,90,99.3,83.8,35,0.3,2151,62,12.6,0,0,0,6.9,2.1,1.65,80,0.77,1,90,74.97,7.3,0,0,0.121,76.31,101.77,-25.46,54.71,12.18,dân ca/pop,Phương Mỹ Chi,0,0,1,1
SIM_00894,FAKE_CAR_0112,HONDA_FIT15_CA_MT,Honda,Fit hatchback 1.5 DX,2008,1.5,7.1,6.5,90,99.3,83.8,39.9,0.3,1979,60,12.6,0,10,0,7.4,2.1,1.65,50,0.691,1,90,40.09,4.11,0,0,0.121,72.57,74.2,-1.63,40.47,12.79,dân ca/pop,Phương Mỹ Chi,0,0,0,1
SIM_00895,FAKE_CAR_0112,HONDA_FIT15_CA_MT,Honda,Fit hatchback 1.5 DX,2008,1.5,7.1,6.5,90,99.3,83.8,30.8,0.3,2895,51,12.6,0,10,0,7.2,2.1,1.65,95,0.435,1,90,73.46,7.43,0,0,0.121,84.9,110.69,-25.79,53,12.2,bolero,Lệ Quyên,0,0,1,1
SIM_00896,FAKE_CAR_0112,HONDA_FIT15_CA_MT,Honda,Fit hatchback 1.5 DX,2008,1.5,7.1,6.5,90,99.3,83.8,42.3,0.3,2093,50,12.6,13,5,0,4.3,2.1,1.65,80,0.275,1,90,50.28,5.38,0,0,0.121,75.05,90.56,-15.51,38.05,12.4,nhạc trẻ,Lam Trường,0,0,1,1
SIM_00897,FAKE_CAR_0113,YARIS13_UK_MT,Toyota,Yaris hatchback 1.3 VVT-i,2008,1.3,7.2,6,75,93.1,83.7,70.7,0.36,901,0,13.7,0,0,0,2.3,2.09,2.21,10,0.533,0,0,0,2.36,0,0,0.117,30.91,18.36,12.55,12.82,14.07,pop,Hòa Minzy,0,0,0,0
SIM_00898,FAKE_CAR_0113,YARIS13_UK_MT,Toyota,Yaris hatchback 1.3 VVT-i,2008,1.3,7.2,6,75,93.1,83.7,71.1,0.36,2973,18,13.7,0,9,0,3,2.09,2.21,50,0.522,0,0,0,4.37,0,0,0.117,66.33,30.07,36.26,38.54,14.14,bolero,Lệ Quyên,0,0,0,0
SIM_00899,FAKE_CAR_0113,YARIS13_UK_MT,Toyota,Yaris hatchback 1.3 VVT-i,2008,1.3,7.2,6,75,93.1,83.7,73.8,0.36,834,0,13.7,0,16,0,4.7,2.09,2.21,80,0.33,0,0,0,6.15,0,0,0.117,28.78,40.55,-11.77,-7.71,12.53,pop,Hòa Minzy,0,0,0,0
SIM_00900,FAKE_CAR_0113,YARIS13_UK_MT,Toyota,Yaris hatchback 1.3 VVT-i,2008,1.3,7.2,6,75,93.1,83.7,66.8,0.36,1811,34,13.7,0,0,0,4.5,2.09,2.21,65,0.715,0,0,0,6.07,0,0,0.117,53.85,24.27,29.58,33.56,14.1,pop,Hòa Minzy,0,0,0,0
SIM_00901,FAKE_CAR_0113,YARIS13_UK_MT,Toyota,Yaris hatchback 1.3 VVT-i,2008,1.3,7.2,6,75,93.1,83.7,69.8,0.36,1792,57,13.7,14,10,0,3.9,2.09,2.21,65,0.411,0,0,0,5.23,0,0,0.117,53.53,46.83,6.7,9.84,14.01,rock,không rõ,0,0,0,0
SIM_00902,FAKE_CAR_0113,YARIS13_UK_MT,Toyota,Yaris hatchback 1.3 VVT-i,2008,1.3,7.2,6,75,93.1,83.7,73.8,0.36,2865,50,13.7,0,0,0,2.2,2.09,2.21,35,0.448,0,0,0,3.33,0,0,0.117,66.33,19.23,47.1,48.34,14.01,dân ca/pop,Phương Mỹ Chi,0,0,0,0
SIM_00903,FAKE_CAR_0113,YARIS13_UK_MT,Toyota,Yaris hatchback 1.3 VVT-i,2008,1.3,7.2,6,75,93.1,83.7,62.2,0.36,967,0,13.7,0,15,18,2.3,2.09,2.21,65,0.523,0,0,0,5.54,0,0,0.117,33.02,54.54,-21.52,-18.07,12.17,rock,không rõ,0,0,0,0
SIM_00904,FAKE_CAR_0113,YARIS13_UK_MT,Toyota,Yaris hatchback 1.3 VVT-i,2008,1.3,7.2,6,75,93.1,83.7,61.6,0.36,950,0,13.7,0,11,0,1.8,2.09,2.21,95,0.519,0,0,0,8.42,0,0,0.117,32.48,34.92,-2.44,3.89,12.78,rock,không rõ,0,0,0,0
SIM_00905,FAKE_CAR_0114,YARIS13_UK_MM,Toyota,Yaris hatchback 1.3 VVT-i,2008,1.3,6.7,5.8,80,85.2,99.5,41.7,0.81,759,0,15.7,0,5,0,7.3,1.49,2.42,50,0.843,0,0,0,5.15,0,0,0.117,25.75,33.15,-7.4,-3.74,12.63,dân ca/pop,Phương Mỹ Chi,0,0,0,0
SIM_00906,FAKE_CAR_0114,YARIS13_UK_MM,Toyota,Yaris hatchback 1.3 VVT-i,2008,1.3,6.7,5.8,80,85.2,99.5,42.7,0.81,993,0,15.7,0,0,18,4.9,1.49,2.42,10,0.825,0,0,0,2.61,0,0,0.117,33.04,41.21,-8.17,-7.05,12.56,dân ca/pop,Phương Mỹ Chi,0,0,0,0
SIM_00907,FAKE_CAR_0114,YARIS13_UK_MM,Toyota,Yaris hatchback 1.3 VVT-i,2008,1.3,6.7,5.8,80,85.2,99.5,38.3,0.81,777,0,15.7,0,5,0,6.8,1.49,2.42,35,0.382,0,0,0,3.48,0,0,0.117,26.31,30.98,-4.67,-2.68,12.61,pop,Hòa Minzy,0,0,1,0
SIM_00908,FAKE_CAR_0114,YARIS13_UK_MM,Toyota,Yaris hatchback 1.3 VVT-i,2008,1.3,6.7,5.8,80,85.2,99.5,42.5,0.81,806,0,15.7,0,0,0,5.1,1.49,2.42,20,0.571,0,0,0,2.92,0,0,0.117,27.22,23.72,3.5,4.93,14.07,bolero,Lệ Quyên,0,0,0,0
SIM_00909,FAKE_CAR_0114,YARIS13_UK_MM,Toyota,Yaris hatchback 1.3 VVT-i,2008,1.3,6.7,5.8,80,85.2,99.5,47.6,0.81,934,0,15.7,0,5,0,4.2,1.49,2.42,65,0.645,0,0,0,6.09,0,0,0.117,31.21,30.99,0.22,4.82,14.06,rock,không rõ,0,0,0,0
SIM_00910,FAKE_CAR_0114,YARIS13_UK_MM,Toyota,Yaris hatchback 1.3 VVT-i,2008,1.3,6.7,5.8,80,85.2,99.5,37.8,0.81,978,0,15.7,0,12,18,6.7,1.49,2.42,35,0.309,0,0,0,3.41,0,0,0.117,32.58,55.81,-23.23,-21.31,12.19,pop,Hòa Minzy,0,0,0,0
SIM_00911,FAKE_CAR_0114,YARIS13_UK_MM,Toyota,Yaris hatchback 1.3 VVT-i,2008,1.3,6.7,5.8,80,85.2,99.5,41.2,0.81,954,0,15.7,10,9,0,6.4,1.49,2.42,95,0.276,0,0,0,7.38,0,0,0.117,31.83,48.48,-16.65,-10.76,12.35,rock,không rõ,0,0,1,0
SIM_00912,FAKE_CAR_0114,YARIS13_UK_MM,Toyota,Yaris hatchback 1.3 VVT-i,2008,1.3,6.7,5.8,80,85.2,99.5,36.7,0.81,977,0,15.7,0,0,0,6,1.49,2.42,35,0.731,0,0,0,3.83,0,0,0.117,32.55,25.53,7.02,9.36,14.02,nhạc trẻ,Lam Trường,0,0,0,0
SIM_00913,FAKE_CAR_0115,YARIS13_NCP_2NZ,Toyota,Yaris 1.3 NCP9# / 2NZ-FE,2008,1.3,,,75,96.6,82.9,70.6,0.62,2688,24,19.2,0,5,0,2.1,2.24,3.1,20,0.49,0,0,0,3.56,0,0,0.102,68.83,29.86,38.97,40.29,14.03,pop,Hòa Minzy,0,0,0,0
SIM_00914,FAKE_CAR_0115,YARIS13_NCP_2NZ,Toyota,Yaris 1.3 NCP9# / 2NZ-FE,2008,1.3,,,75,96.6,82.9,75.2,0.62,998,0,19.2,0,9,0,1.3,2.24,3.1,20,0.291,0,0,0,3.48,0,0,0.102,35.29,32.98,2.31,3.55,14.15,nhạc trẻ,Lam Trường,0,0,0,0
SIM_00915,FAKE_CAR_0115,YARIS13_NCP_2NZ,Toyota,Yaris 1.3 NCP9# / 2NZ-FE,2008,1.3,,,75,96.6,82.9,80.7,0.62,2815,59,19.2,11,5,0,4.4,2.24,3.1,95,0.274,0,0,0,8.05,0,0,0.102,68.83,47.65,21.18,26.99,14.08,rock,không rõ,0,0,0,0
SIM_00916,FAKE_CAR_0115,YARIS13_NCP_2NZ,Toyota,Yaris 1.3 NCP9# / 2NZ-FE,2008,1.3,,,75,96.6,82.9,71.3,0.62,774,0,19.2,0,0,0,2.1,2.24,3.1,35,0.348,0,0,0,4.13,0,0,0.102,27.87,25.43,2.44,4.33,14.05,instrumental,không rõ,0,0,0,0
SIM_00917,FAKE_CAR_0115,YARIS13_NCP_2NZ,Toyota,Yaris 1.3 NCP9# / 2NZ-FE,2008,1.3,,,75,96.6,82.9,72.8,0.62,2657,22,19.2,10,16,0,4.9,2.24,3.1,10,0.815,0,0,0,3.29,0,0,0.102,68.83,53.39,15.44,16.49,14.08,nhạc trẻ,Lam Trường,0,0,0,0
SIM_00918,FAKE_CAR_0115,YARIS13_NCP_2NZ,Toyota,Yaris 1.3 NCP9# / 2NZ-FE,2008,1.3,,,75,96.6,82.9,69.7,0.62,925,0,19.2,0,0,16,2.8,2.24,3.1,65,0.806,0,0,0,7.21,0,0,0.102,32.87,45.21,-12.34,-7.37,12.52,bolero,Lệ Quyên,0,0,0,0
SIM_00919,FAKE_CAR_0115,YARIS13_NCP_2NZ,Toyota,Yaris 1.3 NCP9# / 2NZ-FE,2008,1.3,,,75,96.6,82.9,78,0.62,784,0,19.2,10,5,0,2.1,2.24,3.1,65,0.5,0,0,0,6.37,0,0,0.102,28.2,42.67,-14.47,-10.34,12.49,nhạc trẻ,Lam Trường,0,0,0,0
SIM_00920,FAKE_CAR_0115,YARIS13_NCP_2NZ,Toyota,Yaris 1.3 NCP9# / 2NZ-FE,2008,1.3,,,75,96.6,82.9,81.1,0.62,738,0,19.2,0,5,0,2.5,2.24,3.1,20,0.538,0,0,0,3.58,0,0,0.102,26.68,30.28,-3.6,-2.26,12.65,pop,Hòa Minzy,0,0,1,0
SIM_00921,FAKE_CAR_0116,YARIS15_CA_MT,Toyota,Yaris hatchback 1.5,2008,1.5,7,6.3,90,98.7,96.6,61.8,0.38,1844,14,21.4,0,13,0,2.5,2.05,2.35,50,0.748,0,0,0,4.91,0,0,0.126,69.22,41.81,27.41,30.27,14.04,dân ca/pop,Phương Mỹ Chi,0,0,0,0
SIM_00922,FAKE_CAR_0116,YARIS15_CA_MT,Toyota,Yaris hatchback 1.5,2008,1.5,7,6.3,90,98.7,96.6,59.8,0.38,1691,18,21.4,0,0,12,3.5,2.05,2.35,50,0.744,0,0,0,4.9,0,0,0.126,65.92,41.8,24.12,26.97,14.14,bolero,Lệ Quyên,0,0,0,0
SIM_00923,FAKE_CAR_0116,YARIS15_CA_MT,Toyota,Yaris hatchback 1.5,2008,1.5,7,6.3,90,98.7,96.6,57.5,0.38,1847,26,21.4,0,0,0,4.2,2.05,2.35,50,0.856,0,0,0,5.1,0,0,0.126,69.29,30.7,38.59,41.64,14.14,rock,không rõ,0,0,0,0
SIM_00924,FAKE_CAR_0116,YARIS15_CA_MT,Toyota,Yaris hatchback 1.5,2008,1.5,7,6.3,90,98.7,96.6,67.1,0.38,2694,51,21.4,0,12,0,5.6,2.05,2.35,35,0.707,0,0,0,3.73,0,0,0.126,84.39,42.73,41.66,43.34,14.14,instrumental,không rõ,0,0,0,0
SIM_00925,FAKE_CAR_0116,YARIS15_CA_MT,Toyota,Yaris hatchback 1.5,2008,1.5,7,6.3,90,98.7,96.6,65.5,0.38,850,0,21.4,14,9,0,4.7,2.05,2.35,80,0.738,0,0,0,7.87,0,0,0.126,37.26,56.97,-19.71,-13.89,12.28,dân ca/pop,Phương Mỹ Chi,0,0,1,0
SIM_00926,FAKE_CAR_0116,YARIS15_CA_MT,Toyota,Yaris hatchback 1.5,2008,1.5,7,6.3,90,98.7,96.6,59.3,0.38,1927,57,21.4,0,5,0,2.5,2.05,2.35,80,0.383,0,0,0,6.5,0,0,0.126,71.01,35.4,35.61,40.06,14.05,rock,không rõ,0,0,0,0
SIM_00927,FAKE_CAR_0116,YARIS15_CA_MT,Toyota,Yaris hatchback 1.5,2008,1.5,7,6.3,90,98.7,96.6,68.7,0.38,989,0,21.4,0,0,0,2,2.05,2.35,35,0.618,0,0,0,3.64,0,0,0.126,42.9,27.04,15.86,17.45,14.04,nhạc trẻ,Lam Trường,0,0,0,0
SIM_00928,FAKE_CAR_0116,YARIS15_CA_MT,Toyota,Yaris hatchback 1.5,2008,1.5,7,6.3,90,98.7,96.6,61.5,0.38,1910,60,21.4,10,0,0,3.9,2.05,2.35,80,0.305,0,0,0,6.2,0,0,0.126,70.65,41.5,29.15,33.3,14.12,pop,Hòa Minzy,0,0,0,0
SIM_00929,FAKE_CAR_0117,YARIS15_CA_AT,Toyota,Yaris hatchback 1.5,2008,1.5,7,6.4,80,91.5,85.6,37.1,0.13,983,0,21.2,0,5,11,6.5,1.33,2.14,50,0.602,0,0,0,4.44,1,13.53,0.101,35.15,61.67,-26.52,-9.88,12.12,pop,Hòa Minzy,0,0,1,0
SIM_00930,FAKE_CAR_0117,YARIS15_CA_AT,Toyota,Yaris hatchback 1.5,2008,1.5,7,6.4,80,91.5,85.6,43,0.13,1894,44,21.2,0,5,0,4.7,1.33,2.14,20,0.703,0,0,0,2.69,1,13.53,0.101,57.93,47.12,10.81,25.7,14.1,pop,Hòa Minzy,0,0,0,0
SIM_00931,FAKE_CAR_0117,YARIS15_CA_AT,Toyota,Yaris hatchback 1.5,2008,1.5,7,6.4,80,91.5,85.6,40,0.13,2532,44,21.2,13,11,0,5.2,1.33,2.14,95,0.268,0,0,0,7.06,1,13.53,0.101,69.27,70.99,-1.72,17.54,12.75,dân ca/pop,Phương Mỹ Chi,0,0,0,0
SIM_00932,FAKE_CAR_0117,YARIS15_CA_AT,Toyota,Yaris hatchback 1.5,2008,1.5,7,6.4,80,91.5,85.6,29.2,0.13,2115,51,21.2,9,8,0,4.4,1.33,2.14,20,0.355,0,0,0,2.55,1,13.53,0.101,61.86,58.68,3.18,17.93,14.15,instrumental,không rõ,0,0,0,0
SIM_00933,FAKE_CAR_0117,YARIS15_CA_AT,Toyota,Yaris hatchback 1.5,2008,1.5,7,6.4,80,91.5,85.6,31,0.13,2795,65,21.2,0,13,0,6.7,1.33,2.14,35,0.645,0,0,0,3.46,1,13.53,0.101,69.54,57.89,11.65,27.31,14.06,bolero,Lệ Quyên,0,0,0,0
SIM_00934,FAKE_CAR_0117,YARIS15_CA_AT,Toyota,Yaris hatchback 1.5,2008,1.5,7,6.4,80,91.5,85.6,39.1,0.13,1821,62,21.2,0,9,12,7.8,1.33,2.14,65,0.856,0,0,0,6.39,1,13.53,0.101,56.63,69.92,-13.29,5.3,12.45,nhạc trẻ,Lam Trường,0,0,1,0
SIM_00935,FAKE_CAR_0117,YARIS15_CA_AT,Toyota,Yaris hatchback 1.5,2008,1.5,7,6.4,80,91.5,85.6,40.2,0.13,1751,12,21.2,0,0,18,6.2,1.33,2.14,35,0.44,0,0,0,3.26,1,13.53,0.101,55.39,62.19,-6.8,8.66,12.6,pop,Hòa Minzy,0,0,1,0
SIM_00936,FAKE_CAR_0117,YARIS15_CA_AT,Toyota,Yaris hatchback 1.5,2008,1.5,7,6.4,80,91.5,85.6,41.3,0.13,854,0,21.2,11,5,0,7.8,1.33,2.14,80,0.645,0,0,0,7.3,1,13.53,0.101,30.84,65.83,-34.99,-15.49,11.96,nhạc trẻ,Lam Trường,0,0,1,0
SIM_00937,FAKE_CAR_0118,YARIS10_UK_MT,Toyota,Yaris hatchback 1.0 VVT-i,2008,1,6.4,5.4,80,91.4,86.9,50,0.49,785,0,22.7,0,16,0,4.8,1.73,1.69,65,0.834,0,0,0,5.88,1,9.62,0.017,28.5,59,-30.5,-16.73,12.1,dân ca/pop,Phương Mỹ Chi,0,0,1,0
SIM_00938,FAKE_CAR_0118,YARIS10_UK_MT,Toyota,Yaris hatchback 1.0 VVT-i,2008,1,6.4,5.4,80,91.4,86.9,47.5,0.49,742,0,22.7,0,11,0,4,1.73,1.69,50,0.825,0,0,0,4.39,1,9.62,0.017,27.06,51.71,-24.65,-12.37,12.24,rock,không rõ,0,0,1,0
SIM_00939,FAKE_CAR_0118,YARIS10_UK_MT,Toyota,Yaris hatchback 1.0 VVT-i,2008,1,6.4,5.4,80,91.4,86.9,47.4,0.49,2784,57,22.7,9,0,0,5.7,1.73,1.69,35,0.517,0,0,0,2.88,1,9.62,0.017,69.46,49.9,19.56,30.33,14.2,pop,Hòa Minzy,0,0,0,0
SIM_00940,FAKE_CAR_0118,YARIS10_UK_MT,Toyota,Yaris hatchback 1.0 VVT-i,2008,1,6.4,5.4,80,91.4,86.9,45,0.49,2836,46,22.7,0,5,0,5.9,1.73,1.69,50,0.515,0,0,0,3.84,1,9.62,0.017,69.46,47.06,22.4,34.13,14.1,nhạc trẻ,Lam Trường,0,0,0,0
SIM_00941,FAKE_CAR_0118,YARIS10_UK_MT,Toyota,Yaris hatchback 1.0 VVT-i,2008,1,6.4,5.4,80,91.4,86.9,56.9,0.49,2751,43,22.7,0,8,0,3.5,1.73,1.69,10,0.557,0,0,0,1.85,1,9.62,0.017,69.46,45.67,23.79,33.53,14.13,nhạc trẻ,Lam Trường,0,0,0,0
SIM_00942,FAKE_CAR_0118,YARIS10_UK_MT,Toyota,Yaris hatchback 1.0 VVT-i,2008,1,6.4,5.4,80,91.4,86.9,46.6,0.49,2665,39,22.7,0,8,0,5.3,1.73,1.69,50,0.376,0,0,0,3.59,1,9.62,0.017,69.46,49.21,20.25,31.73,14.15,rock,không rõ,0,0,0,0
SIM_00943,FAKE_CAR_0118,YARIS10_UK_MT,Toyota,Yaris hatchback 1.0 VVT-i,2008,1,6.4,5.4,80,91.4,86.9,57,0.49,940,0,22.7,0,10,0,3.5,1.73,1.69,95,0.709,0,0,0,8.88,1,9.62,0.017,33.68,54.7,-21.02,-4.25,12.25,dân ca/pop,Phương Mỹ Chi,0,0,1,0
SIM_00944,FAKE_CAR_0118,YARIS10_UK_MT,Toyota,Yaris hatchback 1.0 VVT-i,2008,1,6.4,5.4,80,91.4,86.9,52.8,0.49,1610,39,22.7,0,0,17,3.7,1.73,1.69,65,0.428,0,0,0,4.76,1,9.62,0.017,52.82,57.78,-4.96,7.69,12.7,dân ca/pop,Phương Mỹ Chi,0,0,1,0
SIM_00945,FAKE_CAR_0119,AYGO10_UK_MT,Toyota,Aygo hatchback 1.0 VVT-i,2008,1,5.5,4.6,60,85.3,63.7,60.1,0.19,2312,43,15.9,0,0,15,3.5,2.98,2.08,95,0.564,0,0,0,8.52,0,0,0.069,45.7,42.92,2.78,8.32,14.07,pop,Hòa Minzy,1,0,0,0
SIM_00946,FAKE_CAR_0119,AYGO10_UK_MT,Toyota,Aygo hatchback 1.0 VVT-i,2008,1,5.5,4.6,60,85.3,63.7,63,0.19,1929,61,15.9,0,0,0,5.5,2.98,2.08,80,0.732,0,0,0,7.58,0,0,0.069,40.94,28.98,11.96,16.56,14.16,nhạc trẻ,Lam Trường,1,0,0,0
SIM_00947,FAKE_CAR_0119,AYGO10_UK_MT,Toyota,Aygo hatchback 1.0 VVT-i,2008,1,5.5,4.6,60,85.3,63.7,50.2,0.19,2429,40,15.9,0,16,14,3.4,2.98,2.08,35,0.842,0,0,0,3.6,0,0,0.069,47.15,52.9,-5.75,-5.13,12.64,nhạc trẻ,Lam Trường,1,0,0,0
SIM_00948,FAKE_CAR_0119,AYGO10_UK_MT,Toyota,Aygo hatchback 1.0 VVT-i,2008,1,5.5,4.6,60,85.3,63.7,54.4,0.19,940,0,15.9,0,0,0,4.2,2.98,2.08,65,0.22,0,0,0,4.58,0,0,0.069,23.57,24.68,-1.11,0.49,12.74,dân ca/pop,Phương Mỹ Chi,1,0,0,0
SIM_00949,FAKE_CAR_0119,AYGO10_UK_MT,Toyota,Aygo hatchback 1.0 VVT-i,2008,1,5.5,4.6,60,85.3,63.7,51.1,0.19,2472,64,15.9,13,5,0,3.7,2.98,2.08,65,0.774,0,0,0,6.1,0,0,0.069,47.69,43.7,3.99,7.11,14.05,instrumental,không rõ,1,0,0,0
SIM_00950,FAKE_CAR_0119,AYGO10_UK_MT,Toyota,Aygo hatchback 1.0 VVT-i,2008,1,5.5,4.6,60,85.3,63.7,51.7,0.19,2514,31,15.9,0,12,16,4.7,2.98,2.08,35,0.636,0,0,0,3.39,0,0,0.069,48.21,51.99,-3.78,-3.37,12.74,nhạc trẻ,Lam Trường,1,1,0,0
SIM_00951,FAKE_CAR_0119,AYGO10_UK_MT,Toyota,Aygo hatchback 1.0 VVT-i,2008,1,5.5,4.6,60,85.3,63.7,51.5,0.19,2061,19,15.9,9,0,0,5.3,2.98,2.08,80,0.78,0,0,0,7.77,0,0,0.069,42.58,37.97,4.61,9.4,14.14,rock,không rõ,1,0,0,0
SIM_00952,FAKE_CAR_0119,AYGO10_UK_MT,Toyota,Aygo hatchback 1.0 VVT-i,2008,1,5.5,4.6,60,85.3,63.7,59.8,0.19,920,0,15.9,13,0,14,3,2.98,2.08,65,0.724,0,0,0,5.96,0,0,0.069,23.1,51.86,-28.76,-25.78,12.02,nhạc trẻ,Lam Trường,1,1,0,0
SIM_00953,FAKE_CAR_0120,AURIS14_UK_MT,Toyota,Auris hatchback 1.4 VVT-i,2008,1.4,8.7,6.9,90,94.3,81.5,56.5,0.34,765,0,22.7,0,8,0,5.3,1.79,3.26,35,0.801,1,12,4.03,4.73,0,0,0.158,32.3,44.76,-12.46,-5.49,12.41,rock,không rõ,0,0,1,0
SIM_00954,FAKE_CAR_0120,AURIS14_UK_MT,Toyota,Auris hatchback 1.4 VVT-i,2008,1.4,8.7,6.9,90,94.3,81.5,52.6,0.34,927,0,22.7,0,10,0,4.7,1.79,3.26,80,0.375,1,12,7.37,7.38,0,0,0.158,38.58,52.15,-13.57,-0.61,12.39,nhạc trẻ,Lam Trường,0,0,1,0
SIM_00955,FAKE_CAR_0120,AURIS14_UK_MT,Toyota,Auris hatchback 1.4 VVT-i,2008,1.4,8.7,6.9,90,94.3,81.5,49.4,0.34,2570,22,22.7,0,0,0,6.5,1.79,3.26,50,0.249,1,12,3.69,4.93,0,0,0.158,80.63,37.82,42.81,49.64,14.08,instrumental,không rõ,0,0,0,0
SIM_00956,FAKE_CAR_0120,AURIS14_UK_MT,Toyota,Auris hatchback 1.4 VVT-i,2008,1.4,8.7,6.9,90,94.3,81.5,50.9,0.34,1960,45,22.7,0,13,14,3.1,1.79,3.26,95,0.201,1,12,7.83,7.83,0,0,0.158,68.53,68.46,0.07,13.94,14.05,dân ca/pop,Phương Mỹ Chi,0,0,0,0
SIM_00957,FAKE_CAR_0120,AURIS14_UK_MT,Toyota,Auris hatchback 1.4 VVT-i,2008,1.4,8.7,6.9,90,94.3,81.5,53.4,0.34,1716,56,22.7,0,16,0,4.8,1.79,3.26,10,0.747,1,12,2.02,3.44,0,0,0.158,63.5,48.96,14.54,18.21,14.06,dân ca/pop,Phương Mỹ Chi,0,0,0,0
SIM_00958,FAKE_CAR_0120,AURIS14_UK_MT,Toyota,Auris hatchback 1.4 VVT-i,2008,1.4,8.7,6.9,90,94.3,81.5,59.3,0.34,2414,43,22.7,9,13,0,4.2,1.79,3.26,50,0.217,1,12,3.57,4.87,0,0,0.158,77.88,57.34,20.54,27.19,14.03,bolero,Lệ Quyên,0,0,0,0
SIM_00959,FAKE_CAR_0120,AURIS14_UK_MT,Toyota,Auris hatchback 1.4 VVT-i,2008,1.4,8.7,6.9,90,94.3,81.5,54.3,0.34,2312,42,22.7,13,5,0,4.7,1.79,3.26,65,0.549,1,12,6.54,6.66,0,0,0.158,75.78,58.6,17.18,28.59,14.08,bolero,Lệ Quyên,0,0,0,0
SIM_00960,FAKE_CAR_0120,AURIS14_UK_MT,Toyota,Auris hatchback 1.4 VVT-i,2008,1.4,8.7,6.9,90,94.3,81.5,56.9,0.34,2410,51,22.7,0,11,0,6.2,1.79,3.26,10,0.656,1,12,1.9,3.43,0,0,0.158,77.8,45.23,32.57,36.11,14.08,instrumental,không rõ,0,0,0,0
SIM_00961,FAKE_CAR_0121,AURIS16_UK_MT,Toyota,Auris hatchback 1.6 VVT-i,2008,1.6,9,7.1,100,68.3,77.9,53.4,0.35,1954,16,12.5,0,0,0,4.2,1.84,2.35,35,0.552,0,0,0,3.58,0,0,0.465,55.05,20.28,34.77,36.51,13.92,pop,Hòa Minzy,0,0,0,0
SIM_00962,FAKE_CAR_0121,AURIS16_UK_MT,Toyota,Auris hatchback 1.6 VVT-i,2008,1.6,9,7.1,100,68.3,77.9,59.9,0.35,1710,62,12.5,0,0,18,5.1,1.84,2.35,10,0.571,0,0,0,2.51,0,0,0.465,51,38.11,12.89,13.56,13.91,pop,Hòa Minzy,0,0,0,0
SIM_00963,FAKE_CAR_0121,AURIS16_UK_MT,Toyota,Auris hatchback 1.6 VVT-i,2008,1.6,9,7.1,100,68.3,77.9,55.8,0.35,2880,27,12.5,11,15,0,5.1,1.84,2.35,80,0.226,0,0,0,5.89,0,0,0.465,64.89,49.49,15.4,19.45,13.91,instrumental,không rõ,0,0,0,0
SIM_00964,FAKE_CAR_0121,AURIS16_UK_MT,Toyota,Auris hatchback 1.6 VVT-i,2008,1.6,9,7.1,100,68.3,77.9,52.9,0.35,1605,32,12.5,0,5,0,5.4,1.84,2.35,65,0.25,0,0,0,4.93,0,0,0.465,49.26,27.83,21.43,24.52,13.92,rock,không rõ,0,0,0,0
SIM_00965,FAKE_CAR_0121,AURIS16_UK_MT,Toyota,Auris hatchback 1.6 VVT-i,2008,1.6,9,7.1,100,68.3,77.9,51.9,0.35,961,0,12.5,0,12,0,4.2,1.84,2.35,20,0.84,0,0,0,2.95,0,0,0.465,32.11,31.65,0.46,1.57,13.89,dân ca/pop,Phương Mỹ Chi,0,0,0,0
SIM_00966,FAKE_CAR_0121,AURIS16_UK_MT,Toyota,Auris hatchback 1.6 VVT-i,2008,1.6,9,7.1,100,68.3,77.9,61.2,0.35,2473,60,12.5,0,9,0,3.3,1.84,2.35,35,0.651,0,0,0,3.68,0,0,0.465,63.66,28.48,35.18,37.02,13.88,instrumental,không rõ,0,0,0,0
SIM_00967,FAKE_CAR_0121,AURIS16_UK_MT,Toyota,Auris hatchback 1.6 VVT-i,2008,1.6,9,7.1,100,68.3,77.9,57.1,0.35,928,0,12.5,9,14,0,3.2,1.84,2.35,20,0.285,0,0,0,2.73,0,0,0.465,31.08,41.43,-10.35,-9.46,12.35,pop,Hòa Minzy,0,0,0,0
SIM_00968,FAKE_CAR_0121,AURIS16_UK_MT,Toyota,Auris hatchback 1.6 VVT-i,2008,1.6,9,7.1,100,68.3,77.9,58.8,0.35,989,0,12.5,0,9,0,5.9,1.84,2.35,20,0.843,0,0,0,2.95,0,0,0.465,32.99,30.35,2.64,3.75,13.84,pop,Hòa Minzy,0,0,0,0
SIM_00969,FAKE_CAR_0122,AVENSIS18_UK_MT,Toyota,Avensis sedan/hatch 1.8 VVT-i,2008,1.8,9.4,7.2,105,98.2,66.7,48.6,0.26,1808,53,15.9,0,5,0,5,1.43,2.19,35,0.231,0,0,0,3.1,0,0,0.141,79.45,29,50.45,52.12,14.07,bolero,Lệ Quyên,0,0,0,0
SIM_00970,FAKE_CAR_0122,AVENSIS18_UK_MT,Toyota,Avensis sedan/hatch 1.8 VVT-i,2008,1.8,9.4,7.2,105,98.2,66.7,50.3,0.26,2606,22,15.9,0,0,0,6.5,1.43,2.19,50,0.738,0,0,0,4.73,0,0,0.141,97.95,27.13,70.82,74.12,14.09,nhạc trẻ,Lam Trường,0,0,0,0
SIM_00971,FAKE_CAR_0122,AVENSIS18_UK_MT,Toyota,Avensis sedan/hatch 1.8 VVT-i,2008,1.8,9.4,7.2,105,98.2,66.7,47.7,0.26,2230,57,15.9,0,0,0,5.7,1.43,2.19,95,0.524,0,0,0,8.42,0,0,0.141,90.02,30.02,60,66.99,14.07,nhạc trẻ,Lam Trường,0,0,0,0
SIM_00972,FAKE_CAR_0122,AVENSIS18_UK_MT,Toyota,Avensis sedan/hatch 1.8 VVT-i,2008,1.8,9.4,7.2,105,98.2,66.7,52.4,0.26,817,0,15.9,0,12,0,5.8,1.43,2.19,50,0.613,0,0,0,4.51,0,0,0.141,41.69,38.21,3.48,6.56,14.13,nhạc trẻ,Lam Trường,0,0,0,0
SIM_00973,FAKE_CAR_0122,AVENSIS18_UK_MT,Toyota,Avensis sedan/hatch 1.8 VVT-i,2008,1.8,9.4,7.2,105,98.2,66.7,43.7,0.26,2573,60,15.9,0,5,0,6.2,1.43,2.19,65,0.526,0,0,0,5.53,0,0,0.141,97.95,32.63,65.32,69.42,14.12,rock,không rõ,0,0,0,0
SIM_00974,FAKE_CAR_0122,AVENSIS18_UK_MT,Toyota,Avensis sedan/hatch 1.8 VVT-i,2008,1.8,9.4,7.2,105,98.2,66.7,47.1,0.26,2369,19,15.9,0,0,15,6.1,1.43,2.19,20,0.536,0,0,0,2.67,0,0,0.141,93.5,39.67,53.83,55.07,14.01,instrumental,không rõ,0,0,0,0
SIM_00975,FAKE_CAR_0122,AVENSIS18_UK_MT,Toyota,Avensis sedan/hatch 1.8 VVT-i,2008,1.8,9.4,7.2,105,98.2,66.7,49.6,0.26,2506,46,15.9,0,16,17,4.4,1.43,2.19,80,0.215,0,0,0,5.69,0,0,0.141,96.93,58.99,37.94,42.2,14.02,nhạc trẻ,Lam Trường,0,0,0,0
SIM_00976,FAKE_CAR_0122,AVENSIS18_UK_MT,Toyota,Avensis sedan/hatch 1.8 VVT-i,2008,1.8,9.4,7.2,105,98.2,66.7,49.2,0.26,731,0,15.9,0,15,0,4.7,1.43,2.19,35,0.403,0,0,0,3.27,0,0,0.141,37.64,38.87,-1.23,0.61,12.75,instrumental,không rõ,0,0,0,0
SIM_00977,FAKE_CAR_0123,RAV4_20_UK_MT,Toyota,RAV4 2.0 VVT-i,2008,2,11,8.6,125,80.9,88.6,69.6,0.67,2819,30,13.1,13,5,0,1.5,3.02,2.77,50,0.692,0,0,0,5.23,0,0,0.061,96.07,37.83,58.24,60.45,14.05,bolero,Lệ Quyên,0,0,0,0
SIM_00978,FAKE_CAR_0123,RAV4_20_UK_MT,Toyota,RAV4 2.0 VVT-i,2008,2,11,8.6,125,80.9,88.6,71.7,0.67,2780,39,13.1,0,9,0,1.6,3.02,2.77,20,0.629,0,0,0,3.29,0,0,0.061,96.07,26.99,69.08,69.35,14.17,rock,không rõ,0,0,0,0
SIM_00979,FAKE_CAR_0123,RAV4_20_UK_MT,Toyota,RAV4 2.0 VVT-i,2008,2,11,8.6,125,80.9,88.6,72.2,0.67,917,0,13.1,0,0,0,4.9,3.02,2.77,80,0.295,0,0,0,6.58,0,0,0.061,45.51,24.58,20.93,24.49,14.05,instrumental,không rõ,0,0,0,0
SIM_00980,FAKE_CAR_0123,RAV4_20_UK_MT,Toyota,RAV4 2.0 VVT-i,2008,2,11,8.6,125,80.9,88.6,70.3,0.67,2636,35,13.1,13,0,0,3.1,3.02,2.77,95,0.824,0,0,0,10,0,0,0.061,96.07,39.2,56.87,63.85,14.15,nhạc trẻ,Lam Trường,0,0,0,0
SIM_00981,FAKE_CAR_0123,RAV4_20_UK_MT,Toyota,RAV4 2.0 VVT-i,2008,2,11,8.6,125,80.9,88.6,67.1,0.67,812,0,13.1,0,8,0,2.6,3.02,2.77,95,0.219,0,0,0,7.43,0,0,0.061,40.66,31.13,9.53,13.94,14.15,pop,Hòa Minzy,0,0,0,0
SIM_00982,FAKE_CAR_0123,RAV4_20_UK_MT,Toyota,RAV4 2.0 VVT-i,2008,2,11,8.6,125,80.9,88.6,67.5,0.67,2232,58,13.1,0,5,13,1.3,3.02,2.77,35,0.337,0,0,0,3.78,0,0,0.061,88.33,36.18,52.15,52.91,14.14,instrumental,không rõ,0,0,0,0
SIM_00983,FAKE_CAR_0123,RAV4_20_UK_MT,Toyota,RAV4 2.0 VVT-i,2008,2,11,8.6,125,80.9,88.6,78.9,0.67,1658,26,13.1,0,13,0,1.5,3.02,2.77,65,0.426,0,0,0,5.83,0,0,0.061,74.23,33.43,40.8,43.61,14.15,rock,không rõ,0,0,0,0
SIM_00984,FAKE_CAR_0123,RAV4_20_UK_MT,Toyota,RAV4 2.0 VVT-i,2008,2,11,8.6,125,80.9,88.6,74.7,0.67,769,0,13.1,0,0,0,4.5,3.02,2.77,35,0.253,0,0,0,3.7,0,0,0.061,38.67,21.3,17.37,18.05,14.07,instrumental,không rõ,0,0,0,0
SIM_00985,FAKE_CAR_0124,MAZDA2_13_UK_MT,Mazda,Mazda2 hatchback 1.3 MZR 86ps 5 cửa,2008,1.349,6.9,5.2,80,93.8,84.6,59.4,0.61,807,0,14.9,10,9,13,4.1,1.35,2.13,20,0.835,0,0,0,2.73,0,0,0.002,30,53.73,-23.73,-22.35,12.25,rock,không rõ,0,0,0,0
SIM_00986,FAKE_CAR_0124,MAZDA2_13_UK_MT,Mazda,Mazda2 hatchback 1.3 MZR 86ps 5 cửa,2008,1.349,6.9,5.2,80,93.8,84.6,49.6,0.61,985,0,14.9,0,8,11,6.2,1.35,2.13,10,0.766,0,0,0,2.31,0,0,0.002,36.1,42.41,-6.31,-5.35,12.63,instrumental,không rõ,0,0,0,0
SIM_00987,FAKE_CAR_0124,MAZDA2_13_UK_MT,Mazda,Mazda2 hatchback 1.3 MZR 86ps 5 cửa,2008,1.349,6.9,5.2,80,93.8,84.6,60,0.61,745,0,14.9,0,5,0,3.1,1.35,2.13,95,0.631,0,0,0,8.91,0,0,0.002,27.87,31.91,-4.04,3.52,12.69,dân ca/pop,Phương Mỹ Chi,0,0,1,0
SIM_00988,FAKE_CAR_0124,MAZDA2_13_UK_MT,Mazda,Mazda2 hatchback 1.3 MZR 86ps 5 cửa,2008,1.349,6.9,5.2,80,93.8,84.6,54,0.61,905,0,14.9,0,0,0,5.2,1.35,2.13,95,0.293,0,0,0,7.18,0,0,0.002,33.36,27.28,6.08,11.91,14.14,dân ca/pop,Phương Mỹ Chi,0,0,0,0
SIM_00989,FAKE_CAR_0124,MAZDA2_13_UK_MT,Mazda,Mazda2 hatchback 1.3 MZR 86ps 5 cửa,2008,1.349,6.9,5.2,80,93.8,84.6,60.5,0.61,993,0,14.9,0,9,0,4.7,1.35,2.13,35,0.526,0,0,0,3.33,0,0,0.002,36.38,31.93,4.45,6.43,14.19,dân ca/pop,Phương Mỹ Chi,0,0,0,0
SIM_00990,FAKE_CAR_0124,MAZDA2_13_UK_MT,Mazda,Mazda2 hatchback 1.3 MZR 86ps 5 cửa,2008,1.349,6.9,5.2,80,93.8,84.6,62,0.61,1729,34,14.9,0,12,10,3,1.35,2.13,10,0.472,0,0,0,2.28,0,0,0.002,56.38,42.18,14.2,15.13,14.17,dân ca/pop,Phương Mỹ Chi,0,0,0,0
SIM_00991,FAKE_CAR_0124,MAZDA2_13_UK_MT,Mazda,Mazda2 hatchback 1.3 MZR 86ps 5 cửa,2008,1.349,6.9,5.2,80,93.8,84.6,60.6,0.61,942,0,14.9,0,9,0,3.5,1.35,2.13,95,0.583,0,0,0,8.67,0,0,0.002,34.63,36.07,-1.44,5.88,12.76,bolero,Lệ Quyên,0,0,0,0
SIM_00992,FAKE_CAR_0124,MAZDA2_13_UK_MT,Mazda,Mazda2 hatchback 1.3 MZR 86ps 5 cửa,2008,1.349,6.9,5.2,80,93.8,84.6,59.2,0.61,990,0,14.9,0,5,0,6.3,1.35,2.13,10,0.633,0,0,0,2.3,0,0,0.002,36.28,28.5,7.78,8.73,14.16,bolero,Lệ Quyên,0,0,0,0
SIM_00993,FAKE_CAR_0125,MAZDA2_15_UK_MT,Mazda,Mazda2 hatchback 1.5 MZR 103ps,2008,1.498,7.6,5.7,100,95.6,79.3,47.6,0.23,1751,15,20.5,0,15,0,4.8,2.95,3.17,10,0.604,1,55,8.38,3.33,0,0,0.128,72.34,52.01,20.33,29.09,14.02,rock,không rõ,0,0,0,0
SIM_00994,FAKE_CAR_0125,MAZDA2_15_UK_MT,Mazda,Mazda2 hatchback 1.5 MZR 103ps,2008,1.498,7.6,5.7,100,95.6,79.3,53.8,0.23,769,0,20.5,11,11,0,5.2,2.95,3.17,50,0.22,1,55,16.4,4.79,0,0,0.128,36.56,68.89,-32.33,-14.09,11.91,dân ca/pop,Phương Mỹ Chi,0,0,1,0
SIM_00995,FAKE_CAR_0125,MAZDA2_15_UK_MT,Mazda,Mazda2 hatchback 1.5 MZR 103ps,2008,1.498,7.6,5.7,100,95.6,79.3,57.6,0.23,1892,47,20.5,11,0,0,5.9,2.95,3.17,80,0.781,1,55,46.15,8.86,0,0,0.128,75.61,92.41,-16.8,35.26,12.38,rock,không rõ,0,0,1,1
SIM_00996,FAKE_CAR_0125,MAZDA2_15_UK_MT,Mazda,Mazda2 hatchback 1.5 MZR 103ps,2008,1.498,7.6,5.7,100,95.6,79.3,53,0.23,951,0,20.5,0,9,0,5.3,2.95,3.17,10,0.516,1,55,7.83,3.32,0,0,0.128,44.51,45.95,-1.44,6.76,12.73,pop,Hòa Minzy,0,0,0,0
SIM_00997,FAKE_CAR_0125,MAZDA2_15_UK_MT,Mazda,Mazda2 hatchback 1.5 MZR 103ps,2008,1.498,7.6,5.7,100,95.6,79.3,55.5,0.23,942,0,20.5,8,5,0,2.8,2.95,3.17,35,0.38,1,55,13.42,4.23,0,0,0.128,44.12,53.95,-9.83,4.87,12.51,bolero,Lệ Quyên,0,0,1,0
SIM_00998,FAKE_CAR_0125,MAZDA2_15_UK_MT,Mazda,Mazda2 hatchback 1.5 MZR 103ps,2008,1.498,7.6,5.7,100,95.6,79.3,53.6,0.23,2127,45,20.5,0,5,0,6.3,2.95,3.17,95,0.684,1,55,54.46,10,0,0,0.128,81.07,96.26,-15.19,46.32,12.37,pop,Hòa Minzy,0,0,1,1
SIM_00999,FAKE_CAR_0125,MAZDA2_15_UK_MT,Mazda,Mazda2 hatchback 1.5 MZR 103ps,2008,1.498,7.6,5.7,100,95.6,79.3,47.9,0.23,1604,58,20.5,0,0,0,4.3,2.95,3.17,35,0.246,1,55,11.8,4.09,0,0,0.128,68.92,40.69,28.23,41.17,14.01,bolero,Lệ Quyên,0,0,0,0
SIM_01000,FAKE_CAR_0125,MAZDA2_15_UK_MT,Mazda,Mazda2 hatchback 1.5 MZR 103ps,2008,1.498,7.6,5.7,100,95.6,79.3,57.4,0.23,780,0,20.5,11,12,10,6.6,2.95,3.17,50,0.239,1,55,16.73,4.82,0,0,0.128,37.04,81.65,-44.61,-26.01,11.66,instrumental,không rõ,0,0,1,0
SIM_01001,FAKE_CAR_0126,HONDA_FIT15_CA_MT,Honda,Fit hatchback 1.5 DX,2008,1.5,7.1,6.5,90,96.1,50.3,60.6,0.17,994,0,15.4,11,0,0,2.2,2.58,2.46,80,0.427,0,0,0,6.78,0,0,0.145,41.97,35.38,6.59,10.79,14.1,nhạc trẻ,Lam Trường,0,0,0,0
SIM_01002,FAKE_CAR_0126,HONDA_FIT15_CA_MT,Honda,Fit hatchback 1.5 DX,2008,1.5,7.1,6.5,90,96.1,50.3,62.2,0.17,2785,36,15.4,14,0,0,2.3,2.58,2.46,50,0.534,0,0,0,4.64,0,0,0.145,82.17,36.34,45.83,47.89,14.08,rock,không rõ,0,0,0,0
SIM_01003,FAKE_CAR_0126,HONDA_FIT15_CA_MT,Honda,Fit hatchback 1.5 DX,2008,1.5,7.1,6.5,90,96.1,50.3,54,0.17,2690,54,15.4,0,0,0,5.2,2.58,2.46,35,0.506,0,0,0,3.64,0,0,0.145,82.17,24.24,57.93,58.99,14.02,dân ca/pop,Phương Mỹ Chi,0,0,0,0
SIM_01004,FAKE_CAR_0126,HONDA_FIT15_CA_MT,Honda,Fit hatchback 1.5 DX,2008,1.5,7.1,6.5,90,96.1,50.3,58,0.17,763,0,15.4,0,9,0,5.6,2.58,2.46,35,0.245,0,0,0,3.38,0,0,0.145,32.84,33.38,-0.54,0.26,12.71,rock,không rõ,0,0,0,0
SIM_01005,FAKE_CAR_0126,HONDA_FIT15_CA_MT,Honda,Fit hatchback 1.5 DX,2008,1.5,7.1,6.5,90,96.1,50.3,65.5,0.17,2272,12,15.4,9,12,0,3,2.58,2.46,50,0.41,0,0,0,4.42,0,0,0.145,76.39,43.82,32.57,34.41,14.1,pop,Hòa Minzy,0,0,0,0
SIM_01006,FAKE_CAR_0126,HONDA_FIT15_CA_MT,Honda,Fit hatchback 1.5 DX,2008,1.5,7.1,6.5,90,96.1,50.3,64.9,0.17,2619,61,15.4,0,9,0,3.7,2.58,2.46,95,0.77,0,0,0,9.96,0,0,0.145,82.17,38.06,44.11,51.49,14.1,rock,không rõ,0,0,0,0
SIM_01007,FAKE_CAR_0126,HONDA_FIT15_CA_MT,Honda,Fit hatchback 1.5 DX,2008,1.5,7.1,6.5,90,96.1,50.3,58.7,0.17,1720,41,15.4,9,0,0,3.8,2.58,2.46,65,0.834,0,0,0,6.65,0,0,0.145,64.79,34.85,29.94,34.01,14,rock,không rõ,0,0,0,0
SIM_01008,FAKE_CAR_0126,HONDA_FIT15_CA_MT,Honda,Fit hatchback 1.5 DX,2008,1.5,7.1,6.5,90,96.1,50.3,58.6,0.17,1906,54,15.4,0,0,10,4.9,2.58,2.46,65,0.474,0,0,0,5.66,0,0,0.145,68.7,35.96,32.74,35.82,14.11,nhạc trẻ,Lam Trường,0,0,0,0
SIM_01009,FAKE_CAR_0127,YARIS13_UK_MT,Toyota,Yaris hatchback 1.3 VVT-i,2008,1.3,7.2,6,90,94.2,85.4,49.7,0.16,2157,26,21.5,9,11,0,6.1,2.02,2.61,35,0.352,1,12,2.85,3.64,0,0,0.11,72.51,54.09,18.42,22.89,14.07,dân ca/pop,Phương Mỹ Chi,0,0,0,0
SIM_01010,FAKE_CAR_0127,YARIS13_UK_MT,Toyota,Yaris hatchback 1.3 VVT-i,2008,1.3,7.2,6,90,94.2,85.4,55,0.16,1000,0,21.5,0,0,0,3.9,2.02,2.61,10,0.708,1,12,1.97,2.78,0,0,0.11,41.37,30.15,11.22,13.95,14.07,bolero,Lệ Quyên,0,0,0,0
SIM_01011,FAKE_CAR_0127,YARIS13_UK_MT,Toyota,Yaris hatchback 1.3 VVT-i,2008,1.3,7.2,6,90,94.2,85.4,52.6,0.16,939,0,21.5,14,11,0,5.7,2.02,2.61,20,0.821,1,12,2.75,3.2,0,0,0.11,39.01,58.15,-19.14,-15.21,12.35,nhạc trẻ,Lam Trường,0,0,0,0
SIM_01012,FAKE_CAR_0127,YARIS13_UK_MT,Toyota,Yaris hatchback 1.3 VVT-i,2008,1.3,7.2,6,90,94.2,85.4,53.9,0.16,1905,27,21.5,0,5,0,6,2.02,2.61,95,0.67,1,12,11.76,9.6,0,0,0.11,67.32,53.86,13.46,32.8,14.12,bolero,Lệ Quyên,0,0,0,0
SIM_01013,FAKE_CAR_0127,YARIS13_UK_MT,Toyota,Yaris hatchback 1.3 VVT-i,2008,1.3,7.2,6,90,94.2,85.4,58.9,0.16,2074,29,21.5,0,0,16,3,2.02,2.61,20,0.511,1,12,2.2,3.08,0,0,0.11,70.8,45.78,25.02,28.28,14.1,dân ca/pop,Phương Mỹ Chi,0,0,0,0
SIM_01014,FAKE_CAR_0127,YARIS13_UK_MT,Toyota,Yaris hatchback 1.3 VVT-i,2008,1.3,7.2,6,90,94.2,85.4,55.9,0.16,2501,29,21.5,12,9,10,6.2,2.02,2.61,10,0.458,1,12,1.63,2.75,0,0,0.11,79.59,63.08,16.51,18.87,14.14,nhạc trẻ,Lam Trường,0,0,0,0
SIM_01015,FAKE_CAR_0127,YARIS13_UK_MT,Toyota,Yaris hatchback 1.3 VVT-i,2008,1.3,7.2,6,90,94.2,85.4,62.7,0.16,768,0,21.5,11,14,9,5.7,2.02,2.61,80,0.324,1,12,7.03,6.53,0,0,0.11,32.38,74.76,-42.38,-30.84,11.69,nhạc trẻ,Lam Trường,0,0,1,0
SIM_01016,FAKE_CAR_0127,YARIS13_UK_MT,Toyota,Yaris hatchback 1.3 VVT-i,2008,1.3,7.2,6,90,94.2,85.4,57.6,0.16,2514,27,21.5,0,15,17,3.1,2.02,2.61,95,0.817,1,12,13,10,0,0,0.11,79.86,79.6,0.26,21.24,14.02,rock,không rõ,0,0,0,0
SIM_01017,FAKE_CAR_0128,YARIS13_UK_MM,Toyota,Yaris hatchback 1.3 VVT-i,2008,1.3,6.7,5.8,80,94.2,76.9,46.4,0.52,1760,30,22.8,9,0,0,5.6,2.98,2.76,50,0.839,0,0,0,5.48,0,0,0.605,57.19,42.88,14.31,16.81,13.72,pop,Hòa Minzy,0,0,0,0
SIM_01018,FAKE_CAR_0128,YARIS13_UK_MM,Toyota,Yaris hatchback 1.3 VVT-i,2008,1.3,6.7,5.8,80,94.2,76.9,56.4,0.52,1790,42,22.8,0,14,16,5,2.98,2.76,35,0.73,0,0,0,4.16,0,0,0.605,57.74,61.96,-4.22,-3.04,12.45,pop,Hòa Minzy,0,0,0,0
SIM_01019,FAKE_CAR_0128,YARIS13_UK_MM,Toyota,Yaris hatchback 1.3 VVT-i,2008,1.3,6.7,5.8,80,94.2,76.9,58.5,0.52,2462,63,22.8,0,0,18,4.7,2.98,2.76,50,0.72,0,0,0,5.27,0,0,0.605,70.04,50.77,19.27,21.56,13.85,rock,không rõ,0,0,0,0
SIM_01020,FAKE_CAR_0128,YARIS13_UK_MM,Toyota,Yaris hatchback 1.3 VVT-i,2008,1.3,6.7,5.8,80,94.2,76.9,50.1,0.52,858,0,22.8,0,5,9,5.6,2.98,2.76,35,0.572,0,0,0,4.01,0,0,0.605,31.88,46.41,-14.53,-13.5,12.06,pop,Hòa Minzy,0,0,0,0
SIM_01021,FAKE_CAR_0128,YARIS13_UK_MM,Toyota,Yaris hatchback 1.3 VVT-i,2008,1.3,6.7,5.8,80,94.2,76.9,45.4,0.52,858,0,22.8,11,16,0,6.5,2.98,2.76,95,0.526,0,0,0,9,0,0,0.605,31.88,65.3,-33.42,-27.4,11.68,rock,không rõ,0,0,1,0
SIM_01022,FAKE_CAR_0128,YARIS13_UK_MM,Toyota,Yaris hatchback 1.3 VVT-i,2008,1.3,6.7,5.8,80,94.2,76.9,47.5,0.52,845,0,22.8,0,13,0,3.8,2.98,2.76,20,0.312,0,0,0,3.15,0,0,0.605,31.44,42.75,-11.31,-11.14,12.21,dân ca/pop,Phương Mỹ Chi,0,0,0,0
SIM_01023,FAKE_CAR_0128,YARIS13_UK_MM,Toyota,Yaris hatchback 1.3 VVT-i,2008,1.3,6.7,5.8,80,94.2,76.9,57.1,0.52,2104,21,22.8,10,10,0,5.2,2.98,2.76,20,0.606,0,0,0,3.27,0,0,0.605,63.48,51.27,12.21,12.5,13.81,nhạc trẻ,Lam Trường,0,0,0,0
SIM_01024,FAKE_CAR_0128,YARIS13_UK_MM,Toyota,Yaris hatchback 1.3 VVT-i,2008,1.3,6.7,5.8,80,94.2,76.9,48,0.52,2595,36,22.8,0,5,0,3.6,2.98,2.76,95,0.364,0,0,0,8.17,0,0,0.605,71.59,39.57,32.02,37.21,13.72,rock,không rõ,0,0,0,0
SIM_01025,FAKE_CAR_0129,YARIS13_NCP_2NZ,Toyota,Yaris 1.3 NCP9# / 2NZ-FE,2008,1.3,,,80,68.3,82.2,58.9,0.8,2783,41,16.4,14,8,11,2.7,2.4,2.55,10,0.508,1,55,7.78,2.7,0,0,0.686,51.91,62.58,-10.67,-2.59,12.19,bolero,Lệ Quyên,0,0,1,0
SIM_01026,FAKE_CAR_0129,YARIS13_NCP_2NZ,Toyota,Yaris 1.3 NCP9# / 2NZ-FE,2008,1.3,,,80,68.3,82.2,64.1,0.8,826,0,16.4,0,5,18,2.1,2.4,2.55,35,0.851,1,55,19.1,4.07,0,0,0.686,22.32,64.67,-42.35,-21.58,11.4,rock,không rõ,0,1,1,0
SIM_01027,FAKE_CAR_0129,YARIS13_NCP_2NZ,Toyota,Yaris 1.3 NCP9# / 2NZ-FE,2008,1.3,,,80,68.3,82.2,63,0.8,979,0,16.4,0,15,10,3,2.4,2.55,20,0.492,1,55,9.92,3.01,0,0,0.686,26.14,57.33,-31.19,-20.66,11.69,nhạc trẻ,Lam Trường,0,0,1,0
SIM_01028,FAKE_CAR_0129,YARIS13_NCP_2NZ,Toyota,Yaris 1.3 NCP9# / 2NZ-FE,2008,1.3,,,80,68.3,82.2,66.2,0.8,2536,27,16.4,0,10,14,2.6,2.4,2.55,20,0.38,1,55,9.01,2.97,0,0,0.686,51.76,54.98,-3.22,6.36,12.3,instrumental,không rõ,0,0,1,0
SIM_01029,FAKE_CAR_0129,YARIS13_NCP_2NZ,Toyota,Yaris 1.3 NCP9# / 2NZ-FE,2008,1.3,,,80,68.3,82.2,66.3,0.8,1896,38,16.4,0,5,0,5.1,2.4,2.55,95,0.635,1,55,52.57,9.35,0,0,0.686,43.27,88.42,-45.15,14.37,11.28,dân ca/pop,Phương Mỹ Chi,0,1,1,0
SIM_01030,FAKE_CAR_0129,YARIS13_NCP_2NZ,Toyota,Yaris 1.3 NCP9# / 2NZ-FE,2008,1.3,,,80,68.3,82.2,63.8,0.8,974,0,16.4,0,5,0,5.9,2.4,2.55,10,0.456,1,55,7.45,2.69,0,0,0.686,26.01,37.44,-11.43,-3.69,12.09,dân ca/pop,Phương Mỹ Chi,0,0,1,0
SIM_01031,FAKE_CAR_0129,YARIS13_NCP_2NZ,Toyota,Yaris 1.3 NCP9# / 2NZ-FE,2008,1.3,,,80,68.3,82.2,64.8,0.8,910,0,16.4,0,8,12,5.5,2.4,2.55,50,0.84,1,55,27.06,5.28,0,0,0.686,24.42,74.24,-49.82,-19.88,11.2,rock,không rõ,0,1,1,0
SIM_01032,FAKE_CAR_0129,YARIS13_NCP_2NZ,Toyota,Yaris 1.3 NCP9# / 2NZ-FE,2008,1.3,,,80,68.3,82.2,59.7,0.8,919,0,16.4,8,0,0,2.8,2.4,2.55,50,0.82,1,55,26.72,5.24,0,0,0.686,24.64,59.16,-34.52,-4.96,11.58,rock,không rõ,0,0,1,0
SIM_01033,FAKE_CAR_0130,YARIS15_CA_MT,Toyota,Yaris hatchback 1.5,2008,1.5,7,6.3,80,93.8,76.1,43,0.71,875,0,18.2,10,16,0,6.8,1.65,3.22,20,0.35,0,0,0,3.63,0,0,0.405,32.33,54.63,-22.3,-20.32,12.04,dân ca/pop,Phương Mỹ Chi,1,0,0,0
SIM_01034,FAKE_CAR_0130,YARIS15_CA_MT,Toyota,Yaris hatchback 1.5,2008,1.5,7,6.3,80,93.8,76.1,39.9,0.71,721,0,18.2,0,11,0,5.5,1.65,3.22,65,0.463,0,0,0,6.39,0,0,0.405,27.05,41.09,-14.04,-9.3,12.28,dân ca/pop,Phương Mỹ Chi,1,0,0,0
SIM_01035,FAKE_CAR_0130,YARIS15_CA_MT,Toyota,Yaris hatchback 1.5,2008,1.5,7,6.3,80,93.8,76.1,46.9,0.71,2439,35,18.2,0,0,0,3.7,1.65,3.22,10,0.617,0,0,0,3.38,0,0,0.405,69.32,25.28,44.04,45.77,13.89,rock,không rõ,1,1,0,0
SIM_01036,FAKE_CAR_0130,YARIS15_CA_MT,Toyota,Yaris hatchback 1.5,2008,1.5,7,6.3,80,93.8,76.1,48.5,0.71,738,0,18.2,12,0,0,6.1,1.65,3.22,10,0.422,0,0,0,3.36,0,0,0.405,27.63,39.66,-12.03,-10.32,12.26,rock,không rõ,1,0,0,0
SIM_01037,FAKE_CAR_0130,YARIS15_CA_MT,Toyota,Yaris hatchback 1.5,2008,1.5,7,6.3,80,93.8,76.1,40.6,0.71,771,0,18.2,0,8,0,5.4,1.65,3.22,80,0.665,0,0,0,8.46,0,0,0.405,28.76,40.06,-11.3,-4.49,12.32,instrumental,không rõ,1,0,1,0
SIM_01038,FAKE_CAR_0130,YARIS15_CA_MT,Toyota,Yaris hatchback 1.5,2008,1.5,7,6.3,80,93.8,76.1,49.1,0.71,1683,52,18.2,14,5,12,6.5,1.65,3.22,20,0.317,0,0,0,3.62,0,0,0.405,55.54,59.32,-3.78,-1.81,12.46,rock,không rõ,1,1,1,0
SIM_01039,FAKE_CAR_0130,YARIS15_CA_MT,Toyota,Yaris hatchback 1.5,2008,1.5,7,6.3,80,93.8,76.1,44.7,0.71,807,0,18.2,12,0,17,5,1.65,3.22,95,0.583,0,0,0,9.76,0,0,0.405,30,61.96,-31.96,-23.85,11.83,instrumental,không rõ,1,0,1,0
SIM_01040,FAKE_CAR_0130,YARIS15_CA_MT,Toyota,Yaris hatchback 1.5,2008,1.5,7,6.3,80,93.8,76.1,46,0.71,892,0,18.2,0,5,0,6.8,1.65,3.22,50,0.702,0,0,0,5.7,0,0,0.405,32.91,35.7,-2.79,1.26,12.53,pop,Hòa Minzy,1,0,0,0
SIM_01041,FAKE_CAR_0131,YARIS15_CA_AT,Toyota,Yaris hatchback 1.5,2008,1.5,7,6.4,80,87.1,77,70.6,0.68,856,0,16.8,10,10,15,1.7,2.27,2.73,35,0.529,0,0,0,3.94,0,0,0.072,29.42,57.44,-28.02,-26.35,12.15,dân ca/pop,Phương Mỹ Chi,0,0,0,0
SIM_01042,FAKE_CAR_0131,YARIS15_CA_AT,Toyota,Yaris hatchback 1.5,2008,1.5,7,6.4,80,87.1,77,67.4,0.68,782,0,16.8,12,5,0,3.4,2.27,2.73,35,0.318,0,0,0,3.73,0,0,0.072,27.06,40.93,-13.87,-12.41,12.44,rock,không rõ,0,0,0,0
SIM_01043,FAKE_CAR_0131,YARIS15_CA_AT,Toyota,Yaris hatchback 1.5,2008,1.5,7,6.4,80,87.1,77,64.1,0.68,1955,12,16.8,8,0,0,4.7,2.27,2.73,80,0.429,0,0,0,7.06,0,0,0.072,56.18,36.56,19.62,24.41,14.12,bolero,Lệ Quyên,0,0,0,0
SIM_01044,FAKE_CAR_0131,YARIS15_CA_AT,Toyota,Yaris hatchback 1.5,2008,1.5,7,6.4,80,87.1,77,63,0.68,2812,57,16.8,9,5,0,2.2,2.27,2.73,50,0.859,0,0,0,5.49,0,0,0.072,66.2,38.49,27.71,30.93,14.09,nhạc trẻ,Lam Trường,0,0,0,0
SIM_01045,FAKE_CAR_0131,YARIS15_CA_AT,Toyota,Yaris hatchback 1.5,2008,1.5,7,6.4,80,87.1,77,71.8,0.68,1652,14,16.8,0,15,11,2,2.27,2.73,20,0.777,0,0,0,3.31,0,0,0.072,51.05,48.11,2.94,3.98,14.17,instrumental,không rõ,0,0,0,0
SIM_01046,FAKE_CAR_0131,YARIS15_CA_AT,Toyota,Yaris hatchback 1.5,2008,1.5,7,6.4,80,87.1,77,72.8,0.68,2979,19,16.8,13,5,0,3.5,2.27,2.73,50,0.354,0,0,0,4.59,0,0,0.072,66.2,42.89,23.31,25.63,14.16,rock,không rõ,0,0,0,0
SIM_01047,FAKE_CAR_0131,YARIS15_CA_AT,Toyota,Yaris hatchback 1.5,2008,1.5,7,6.4,80,87.1,77,63.6,0.68,2791,43,16.8,8,0,10,3.3,2.27,2.73,80,0.206,0,0,0,6.19,0,0,0.072,66.2,44.29,21.91,25.83,14.15,nhạc trẻ,Lam Trường,0,0,0,0
SIM_01048,FAKE_CAR_0131,YARIS15_CA_AT,Toyota,Yaris hatchback 1.5,2008,1.5,7,6.4,80,87.1,77,63,0.68,2802,12,16.8,12,5,0,4.1,2.27,2.73,95,0.307,0,0,0,7.85,0,0,0.072,66.2,45.75,20.45,26.03,14.15,pop,Hòa Minzy,0,0,0,0
SIM_01049,FAKE_CAR_0132,YARIS10_UK_MT,Toyota,Yaris hatchback 1.0 VVT-i,2008,1,6.4,5.4,80,96.3,91,39.4,0.64,841,0,19.2,10,5,0,8,2.84,2.08,95,0.325,0,0,0,7.29,0,0,0.015,32,49.49,-17.49,-13.04,12.44,dân ca/pop,Phương Mỹ Chi,0,0,0,0
SIM_01050,FAKE_CAR_0132,YARIS10_UK_MT,Toyota,Yaris hatchback 1.0 VVT-i,2008,1,6.4,5.4,80,96.3,91,29.8,0.64,1730,48,19.2,0,5,11,8.1,2.84,2.08,65,0.753,0,0,0,6.04,0,0,0.015,57.9,49.34,8.56,11.76,14.18,rock,không rõ,0,0,0,0
SIM_01051,FAKE_CAR_0132,YARIS10_UK_MT,Toyota,Yaris hatchback 1.0 VVT-i,2008,1,6.4,5.4,80,96.3,91,42.8,0.64,819,0,19.2,0,5,0,7.9,2.84,2.08,10,0.329,0,0,0,2.21,0,0,0.015,31.22,34.31,-3.09,-3.72,12.74,rock,không rõ,0,0,0,0
SIM_01052,FAKE_CAR_0132,YARIS10_UK_MT,Toyota,Yaris hatchback 1.0 VVT-i,2008,1,6.4,5.4,80,96.3,91,29.2,0.64,918,0,19.2,0,5,0,5.5,2.84,2.08,35,0.626,0,0,0,3.38,0,0,0.015,34.71,33.08,1.63,2.17,14.21,instrumental,không rõ,0,0,0,0
SIM_01053,FAKE_CAR_0132,YARIS10_UK_MT,Toyota,Yaris hatchback 1.0 VVT-i,2008,1,6.4,5.4,80,96.3,91,29.9,0.64,3000,19,19.2,0,5,0,6.4,2.84,2.08,35,0.549,0,0,0,3.3,0,0,0.015,73.19,33.9,39.29,39.75,14.17,bolero,Lệ Quyên,0,0,0,0
SIM_01054,FAKE_CAR_0132,YARIS10_UK_MT,Toyota,Yaris hatchback 1.0 VVT-i,2008,1,6.4,5.4,80,96.3,91,37.8,0.64,963,0,19.2,0,0,0,6,2.84,2.08,50,0.597,0,0,0,4.37,0,0,0.015,36.29,29.57,6.72,8.25,14.21,dân ca/pop,Phương Mỹ Chi,0,0,0,0
SIM_01055,FAKE_CAR_0132,YARIS10_UK_MT,Toyota,Yaris hatchback 1.0 VVT-i,2008,1,6.4,5.4,80,96.3,91,35.8,0.64,932,0,19.2,12,16,0,8,2.84,2.08,95,0.52,0,0,0,8.29,0,0,0.015,35.2,63.49,-28.29,-22.84,12.19,dân ca/pop,Phương Mỹ Chi,0,0,1,0
SIM_01056,FAKE_CAR_0132,YARIS10_UK_MT,Toyota,Yaris hatchback 1.0 VVT-i,2008,1,6.4,5.4,80,96.3,91,31.5,0.64,843,0,19.2,0,12,0,6.1,2.84,2.08,80,0.357,0,0,0,6.13,0,0,0.015,32.07,43.43,-11.36,-8.07,12.58,rock,không rõ,0,0,0,0
SIM_01057,FAKE_CAR_0133,AYGO10_UK_MT,Toyota,Aygo hatchback 1.0 VVT-i,2008,1,5.5,4.6,60,66.2,82.1,34.5,0.69,790,0,17.7,8,11,0,5.5,2.99,3.05,10,0.655,1,28,4.43,3.22,0,0,0.151,15.57,49.85,-34.28,-29.62,11.9,dân ca/pop,Phương Mỹ Chi,0,0,0,0
SIM_01058,FAKE_CAR_0133,AYGO10_UK_MT,Toyota,Aygo hatchback 1.0 VVT-i,2008,1,5.5,4.6,60,66.2,82.1,35.5,0.69,2261,61,17.7,0,12,0,6.4,2.99,3.05,95,0.232,1,28,18.88,7.78,0,0,0.151,34.97,62.76,-27.79,-4.12,12.06,pop,Hòa Minzy,0,0,1,0
SIM_01059,FAKE_CAR_0133,AYGO10_UK_MT,Toyota,Aygo hatchback 1.0 VVT-i,2008,1,5.5,4.6,60,66.2,82.1,36.8,0.69,2743,57,17.7,0,0,0,4.4,2.99,3.05,50,0.846,1,28,13.83,5.79,0,0,0.151,37.73,41.72,-3.99,12.64,12.71,instrumental,không rõ,0,0,1,0
SIM_01060,FAKE_CAR_0133,AYGO10_UK_MT,Toyota,Aygo hatchback 1.0 VVT-i,2008,1,5.5,4.6,60,66.2,82.1,28.7,0.69,872,0,17.7,0,5,0,6.8,2.99,3.05,80,0.503,1,28,19.18,7.66,0,0,0.151,17.06,56.34,-39.28,-15.43,11.83,bolero,Lệ Quyên,0,0,1,0
SIM_01061,FAKE_CAR_0133,AYGO10_UK_MT,Toyota,Aygo hatchback 1.0 VVT-i,2008,1,5.5,4.6,60,66.2,82.1,34,0.69,2292,56,17.7,0,0,0,6.9,2.99,3.05,10,0.446,1,28,3.76,3.19,0,0,0.151,35.27,31.55,3.72,7.68,14.06,dân ca/pop,Phương Mỹ Chi,0,0,0,0
SIM_01062,FAKE_CAR_0133,AYGO10_UK_MT,Toyota,Aygo hatchback 1.0 VVT-i,2008,1,5.5,4.6,60,66.2,82.1,38.3,0.69,983,0,17.7,0,14,0,4.6,2.99,3.05,95,0.659,1,28,27.23,9.98,0,0,0.151,19.07,73.51,-54.44,-20.22,11.42,pop,Hòa Minzy,0,0,1,0
SIM_01063,FAKE_CAR_0133,AYGO10_UK_MT,Toyota,Aygo hatchback 1.0 VVT-i,2008,1,5.5,4.6,60,66.2,82.1,32.8,0.69,864,0,17.7,0,13,0,6.9,2.99,3.05,10,0.559,1,28,4.12,3.21,0,0,0.151,16.91,44.93,-28.02,-23.68,12.1,dân ca/pop,Phương Mỹ Chi,0,0,0,0
SIM_01064,FAKE_CAR_0133,AYGO10_UK_MT,Toyota,Aygo hatchback 1.0 VVT-i,2008,1,5.5,4.6,60,66.2,82.1,30.4,0.69,759,0,17.7,0,5,0,7.5,2.99,3.05,20,0.627,1,28,5.61,3.57,0,0,0.151,15.01,39.38,-24.37,-18.18,12.09,rock,không rõ,0,0,1,0
SIM_01065,FAKE_CAR_0134,AURIS14_UK_MT,Toyota,Auris hatchback 1.4 VVT-i,2008,1.4,8.7,6.9,90,87.5,97.3,61,0.68,941,0,16.3,0,0,0,5.6,2.54,2.67,65,0.781,0,0,0,6.71,0,0,0.348,36.31,28.61,7.7,11.87,13.92,nhạc trẻ,Lam Trường,0,0,0,0
SIM_01066,FAKE_CAR_0134,AURIS14_UK_MT,Toyota,Auris hatchback 1.4 VVT-i,2008,1.4,8.7,6.9,90,87.5,97.3,56.5,0.68,738,0,16.3,0,15,0,5.3,2.54,2.67,50,0.254,0,0,0,4.35,0,0,0.348,29,40.95,-11.95,-10.14,12.33,dân ca/pop,Phương Mỹ Chi,0,0,0,0
SIM_01067,FAKE_CAR_0134,AURIS14_UK_MT,Toyota,Auris hatchback 1.4 VVT-i,2008,1.4,8.7,6.9,90,87.5,97.3,60.5,0.68,1867,40,16.3,0,13,0,4.1,2.54,2.67,10,0.841,0,0,0,2.86,0,0,0.348,61.81,36.26,25.55,25.87,13.94,bolero,Lệ Quyên,0,0,0,0
SIM_01068,FAKE_CAR_0134,AURIS14_UK_MT,Toyota,Auris hatchback 1.4 VVT-i,2008,1.4,8.7,6.9,90,87.5,97.3,50.3,0.68,2810,63,16.3,0,10,0,4.9,2.54,2.67,50,0.407,0,0,0,4.62,0,0,0.348,74.81,35.82,38.99,41.07,14,instrumental,không rõ,0,0,0,0
SIM_01069,FAKE_CAR_0134,AURIS14_UK_MT,Toyota,Auris hatchback 1.4 VVT-i,2008,1.4,8.7,6.9,90,87.5,97.3,55.8,0.68,2772,55,16.3,0,11,0,3.9,2.54,2.67,80,0.25,0,0,0,6.3,0,0,0.348,74.81,37.5,37.31,41.07,13.99,rock,không rõ,0,0,0,0
SIM_01070,FAKE_CAR_0134,AURIS14_UK_MT,Toyota,Auris hatchback 1.4 VVT-i,2008,1.4,8.7,6.9,90,87.5,97.3,57.2,0.68,891,0,16.3,11,10,0,6.4,2.54,2.67,80,0.737,0,0,0,8.19,0,0,0.348,34.51,51.89,-17.38,-11.73,12.2,bolero,Lệ Quyên,0,0,1,0
SIM_01071,FAKE_CAR_0134,AURIS14_UK_MT,Toyota,Auris hatchback 1.4 VVT-i,2008,1.4,8.7,6.9,90,87.5,97.3,50.2,0.68,797,0,16.3,10,0,0,5.2,2.54,2.67,95,0.688,0,0,0,9.75,0,0,0.348,31.12,41.25,-10.13,-2.92,12.37,dân ca/pop,Phương Mỹ Chi,0,0,1,0
SIM_01072,FAKE_CAR_0134,AURIS14_UK_MT,Toyota,Auris hatchback 1.4 VVT-i,2008,1.4,8.7,6.9,90,87.5,97.3,51.2,0.68,2918,13,16.3,0,16,0,5.6,2.54,2.67,80,0.225,0,0,0,6.21,0,0,0.348,74.81,44.11,30.7,34.37,13.89,nhạc trẻ,Lam Trường,0,0,0,0
SIM_01073,FAKE_CAR_0135,AURIS16_UK_MT,Toyota,Auris hatchback 1.6 VVT-i,2008,1.6,9,7.1,105,97.5,80.9,32.8,0.23,2791,12,18.3,8,16,0,8.1,2.26,3.25,80,0.371,0,0,0,7.35,0,0,0.079,97.26,57.75,39.51,44.6,14.08,nhạc trẻ,Lam Trường,0,0,0,0
SIM_01074,FAKE_CAR_0135,AURIS16_UK_MT,Toyota,Auris hatchback 1.6 VVT-i,2008,1.6,9,7.1,105,97.5,80.9,29.6,0.23,2530,37,18.3,0,0,0,5.5,2.26,3.25,50,0.626,0,0,0,5.59,0,0,0.079,96.83,29.39,67.44,70.77,14.1,nhạc trẻ,Lam Trường,0,0,0,0
SIM_01075,FAKE_CAR_0135,AURIS16_UK_MT,Toyota,Auris hatchback 1.6 VVT-i,2008,1.6,9,7.1,105,97.5,80.9,40.5,0.23,2021,53,18.3,0,10,0,5.9,2.26,3.25,20,0.363,0,0,0,3.66,0,0,0.079,84.18,37.86,46.32,47.72,14.04,instrumental,không rõ,0,0,0,0
SIM_01076,FAKE_CAR_0135,AURIS16_UK_MT,Toyota,Auris hatchback 1.6 VVT-i,2008,1.6,9,7.1,105,97.5,80.9,36.9,0.23,760,0,18.3,0,11,12,7.2,2.26,3.25,35,0.455,0,0,0,4.38,0,0,0.079,38.73,52.88,-14.15,-12.03,12.47,bolero,Lệ Quyên,0,0,0,0
SIM_01077,FAKE_CAR_0135,AURIS16_UK_MT,Toyota,Auris hatchback 1.6 VVT-i,2008,1.6,9,7.1,105,97.5,80.9,33.5,0.23,2388,64,18.3,0,5,0,7.7,2.26,3.25,20,0.666,0,0,0,3.78,0,0,0.079,93.3,34.78,58.52,60.04,14.07,dân ca/pop,Phương Mỹ Chi,0,0,0,0
SIM_01078,FAKE_CAR_0135,AURIS16_UK_MT,Toyota,Auris hatchback 1.6 VVT-i,2008,1.6,9,7.1,105,97.5,80.9,38.1,0.23,937,0,18.3,0,14,0,5.3,2.26,3.25,80,0.861,0,0,0,9.25,0,0,0.079,47.01,46.85,0.16,7.15,14.08,instrumental,không rõ,0,0,0,0
SIM_01079,FAKE_CAR_0135,AURIS16_UK_MT,Toyota,Auris hatchback 1.6 VVT-i,2008,1.6,9,7.1,105,97.5,80.9,37.4,0.23,737,0,18.3,0,8,0,4.5,2.26,3.25,80,0.618,0,0,0,8.31,0,0,0.079,37.65,39.11,-1.46,4.59,12.76,rock,không rõ,0,0,0,0
SIM_01080,FAKE_CAR_0135,AURIS16_UK_MT,Toyota,Auris hatchback 1.6 VVT-i,2008,1.6,9,7.1,105,97.5,80.9,31.7,0.23,1624,19,18.3,0,14,0,4.9,2.26,3.25,10,0.403,0,0,0,3.39,0,0,0.079,74.31,40.59,33.72,34.85,14.09,dân ca/pop,Phương Mỹ Chi,0,0,0,0
SIM_01081,FAKE_CAR_0136,AVENSIS18_UK_MT,Toyota,Avensis sedan/hatch 1.8 VVT-i,2008,1.8,9.4,7.2,110,93.2,98.8,39,0.19,2769,53,15.4,0,5,0,5.2,1.53,1.83,50,0.799,1,28,13.42,4.48,0,0,0.094,97.39,43.5,53.89,70.26,14.06,dân ca/pop,Phương Mỹ Chi,0,0,0,0
SIM_01082,FAKE_CAR_0136,AVENSIS18_UK_MT,Toyota,Avensis sedan/hatch 1.8 VVT-i,2008,1.8,9.4,7.2,110,93.2,98.8,50.8,0.19,2296,65,15.4,0,10,0,6.3,1.53,1.83,35,0.54,1,28,7.81,3.05,0,0,0.094,91.14,42.56,48.58,57.91,14.16,rock,không rõ,0,0,0,0
SIM_01083,FAKE_CAR_0136,AVENSIS18_UK_MT,Toyota,Avensis sedan/hatch 1.8 VVT-i,2008,1.8,9.4,7.2,110,93.2,98.8,39.2,0.19,943,0,15.4,0,11,0,5.6,1.53,1.83,20,0.53,1,28,5.21,2.31,0,0,0.094,47.36,39.52,7.84,13.83,14.07,instrumental,không rõ,0,0,0,0
SIM_01084,FAKE_CAR_0136,AVENSIS18_UK_MT,Toyota,Avensis sedan/hatch 1.8 VVT-i,2008,1.8,9.4,7.2,110,93.2,98.8,44.3,0.19,2863,22,15.4,0,16,0,6.2,1.53,1.83,50,0.424,1,28,10.13,3.81,0,0,0.094,97.39,51.54,45.85,58.26,14.03,pop,Hòa Minzy,0,0,0,0
SIM_01085,FAKE_CAR_0136,AVENSIS18_UK_MT,Toyota,Avensis sedan/hatch 1.8 VVT-i,2008,1.8,9.4,7.2,110,93.2,98.8,37.4,0.19,1746,51,15.4,14,0,0,7.2,1.53,1.83,20,0.434,1,28,4.81,2.27,0,0,0.094,77.45,43.68,33.77,39.32,14.15,rock,không rõ,0,0,0,0
SIM_01086,FAKE_CAR_0136,AVENSIS18_UK_MT,Toyota,Avensis sedan/hatch 1.8 VVT-i,2008,1.8,9.4,7.2,110,93.2,98.8,50.5,0.19,2160,38,15.4,0,16,0,4.6,1.53,1.83,10,0.54,1,28,4.06,1.98,0,0,0.094,87.76,42.04,45.72,50.23,14.14,instrumental,không rõ,0,0,0,0
SIM_01087,FAKE_CAR_0136,AVENSIS18_UK_MT,Toyota,Avensis sedan/hatch 1.8 VVT-i,2008,1.8,9.4,7.2,110,93.2,98.8,49.1,0.19,1727,38,15.4,0,10,0,6.2,1.53,1.83,65,0.269,1,28,11.93,4.46,0,0,0.094,76.98,47.99,28.99,43.85,14.16,pop,Hòa Minzy,0,0,0,0
SIM_01088,FAKE_CAR_0136,AVENSIS18_UK_MT,Toyota,Avensis sedan/hatch 1.8 VVT-i,2008,1.8,9.4,7.2,110,93.2,98.8,43.1,0.19,2621,26,15.4,0,13,18,3.8,1.53,1.83,65,0.525,1,28,14.97,5.17,0,0,0.094,97.39,70.34,27.05,45.66,14.1,bolero,Lệ Quyên,0,0,0,0
SIM_01089,FAKE_CAR_0137,RAV4_20_UK_MT,Toyota,RAV4 2.0 VVT-i,2008,2,11,8.6,115,92,95.3,65.8,0.26,2255,61,12.3,13,5,0,2.2,1.76,2.6,95,0.816,0,0,0,10,1,9.58,0.153,93.01,52.08,40.93,58.75,14.1,nhạc trẻ,Lam Trường,0,0,0,0
SIM_01090,FAKE_CAR_0137,RAV4_20_UK_MT,Toyota,RAV4 2.0 VVT-i,2008,2,11,8.6,115,92,95.3,64.6,0.26,1686,39,12.3,0,11,11,2.1,1.76,2.6,50,0.737,0,0,0,5.14,1,9.58,0.153,78.39,51.12,27.27,40.23,14.08,bolero,Lệ Quyên,0,0,0,0
SIM_01091,FAKE_CAR_0137,RAV4_20_UK_MT,Toyota,RAV4 2.0 VVT-i,2008,2,11,8.6,115,92,95.3,65.7,0.26,2525,47,12.3,0,12,0,1.6,1.76,2.6,50,0.802,0,0,0,5.26,1,9.58,0.153,99.94,40.74,59.2,72.28,14.06,dân ca/pop,Phương Mỹ Chi,0,0,0,0
SIM_01092,FAKE_CAR_0137,RAV4_20_UK_MT,Toyota,RAV4 2.0 VVT-i,2008,2,11,8.6,115,92,95.3,70.8,0.26,2463,53,12.3,0,0,0,4.6,1.76,2.6,10,0.817,0,0,0,2.79,1,9.58,0.153,98.35,29.27,69.08,79.69,14.08,instrumental,không rõ,0,0,0,0
SIM_01093,FAKE_CAR_0137,RAV4_20_UK_MT,Toyota,RAV4 2.0 VVT-i,2008,2,11,8.6,115,92,95.3,66.7,0.26,2173,47,12.3,11,9,0,1.6,1.76,2.6,50,0.509,0,0,0,4.74,1,9.58,0.153,90.9,48.22,42.68,55.24,14.12,instrumental,không rõ,0,0,0,0
SIM_01094,FAKE_CAR_0137,RAV4_20_UK_MT,Toyota,RAV4 2.0 VVT-i,2008,2,11,8.6,115,92,95.3,68,0.26,2433,46,12.3,12,0,0,4,1.76,2.6,80,0.516,0,0,0,7.26,1,9.58,0.153,97.58,45.14,52.44,67.52,14.05,instrumental,không rõ,0,0,0,0
SIM_01095,FAKE_CAR_0137,RAV4_20_UK_MT,Toyota,RAV4 2.0 VVT-i,2008,2,11,8.6,115,92,95.3,71.4,0.26,1750,45,12.3,0,0,10,3.3,1.76,2.6,95,0.246,0,0,0,7.4,1,9.58,0.153,80.03,42.58,37.45,52.67,14.07,nhạc trẻ,Lam Trường,0,0,0,0
SIM_01096,FAKE_CAR_0137,RAV4_20_UK_MT,Toyota,RAV4 2.0 VVT-i,2008,2,11,8.6,115,92,95.3,66.8,0.26,2298,59,12.3,0,0,18,3.5,1.76,2.6,65,0.717,0,0,0,6.46,1,9.58,0.153,94.11,49.84,44.27,58.55,14.08,dân ca/pop,Phương Mỹ Chi,0,0,0,0
SIM_01097,FAKE_CAR_0138,MAZDA2_13_UK_MT,Mazda,Mazda2 hatchback 1.3 MZR 86ps 5 cửa,2008,1.349,6.9,5.2,80,88,83.4,38.5,0.58,961,0,20.8,12,0,0,6.8,2.04,3.13,35,0.701,1,55,17.29,4.51,0,0,0.011,33.1,61.4,-28.3,-8.54,12.08,rock,không rõ,0,0,1,1
SIM_01098,FAKE_CAR_0138,MAZDA2_13_UK_MT,Mazda,Mazda2 hatchback 1.3 MZR 86ps 5 cửa,2008,1.349,6.9,5.2,80,88,83.4,37.7,0.58,2342,19,20.8,0,5,0,4.6,2.04,3.13,10,0.356,1,55,6.82,3.26,0,0,0.011,63.37,40.48,22.89,30.93,14.14,dân ca/pop,Phương Mỹ Chi,0,0,0,0
SIM_01099,FAKE_CAR_0138,MAZDA2_13_UK_MT,Mazda,Mazda2 hatchback 1.3 MZR 86ps 5 cửa,2008,1.349,6.9,5.2,80,88,83.4,43.5,0.58,2391,40,20.8,0,11,0,5.2,2.04,3.13,50,0.712,1,55,24.86,5.63,0,0,0.011,64.21,67.49,-3.28,25.17,12.7,bolero,Lệ Quyên,0,0,1,1
SIM_01100,FAKE_CAR_0138,MAZDA2_13_UK_MT,Mazda,Mazda2 hatchback 1.3 MZR 86ps 5 cửa,2008,1.349,6.9,5.2,80,88,83.4,44.7,0.58,868,0,20.8,0,11,0,6.5,2.04,3.13,50,0.585,1,55,22.68,5.4,0,0,0.011,30.11,66.38,-36.27,-10.23,11.95,instrumental,không rõ,0,0,1,1
SIM_01101,FAKE_CAR_0138,MAZDA2_13_UK_MT,Mazda,Mazda2 hatchback 1.3 MZR 86ps 5 cửa,2008,1.349,6.9,5.2,80,88,83.4,43.1,0.58,2040,60,20.8,10,9,0,7.7,2.04,3.13,20,0.47,1,55,9.74,3.59,0,0,0.011,58.21,60.83,-2.62,8.67,12.83,bolero,Lệ Quyên,0,0,0,0
SIM_01102,FAKE_CAR_0138,MAZDA2_13_UK_MT,Mazda,Mazda2 hatchback 1.3 MZR 86ps 5 cửa,2008,1.349,6.9,5.2,80,88,83.4,40.2,0.58,2428,44,20.8,0,15,0,6.3,2.04,3.13,95,0.456,1,55,45.7,9.01,0,0,0.011,64.84,96.81,-31.97,20.7,12.09,bolero,Lệ Quyên,0,0,1,1
SIM_01103,FAKE_CAR_0138,MAZDA2_13_UK_MT,Mazda,Mazda2 hatchback 1.3 MZR 86ps 5 cửa,2008,1.349,6.9,5.2,80,88,83.4,36.3,0.58,801,0,20.8,0,0,0,7.3,2.04,3.13,95,0.264,1,55,38.32,8.03,0,0,0.011,27.95,74.45,-46.5,-2.19,11.63,bolero,Lệ Quyên,0,0,1,1
SIM_01104,FAKE_CAR_0138,MAZDA2_13_UK_MT,Mazda,Mazda2 hatchback 1.3 MZR 86ps 5 cửa,2008,1.349,6.9,5.2,80,88,83.4,40.9,0.58,2980,61,20.8,0,12,0,6.2,2.04,3.13,20,0.219,1,55,7.71,3.49,0,0,0.011,66.88,50.2,16.68,25.84,14.17,nhạc trẻ,Lam Trường,0,0,0,0
SIM_01105,FAKE_CAR_0139,MAZDA2_15_UK_MT,Mazda,Mazda2 hatchback 1.5 MZR 103ps,2008,1.498,7.6,5.7,90,92.1,99.7,62.7,0.13,2983,18,20.8,0,10,0,3.9,1.81,1.7,35,0.234,0,0,0,2.61,0,0,0.122,78.75,37.31,41.44,42.24,14.04,dân ca/pop,Phương Mỹ Chi,0,0,0,0
SIM_01106,FAKE_CAR_0139,MAZDA2_15_UK_MT,Mazda,Mazda2 hatchback 1.5 MZR 103ps,2008,1.498,7.6,5.7,90,92.1,99.7,60.7,0.13,919,0,20.8,0,9,0,3.3,1.81,1.7,50,0.389,0,0,0,3.62,0,0,0.122,37.38,36.72,0.66,2.47,14.13,bolero,Lệ Quyên,0,0,0,0
SIM_01107,FAKE_CAR_0139,MAZDA2_15_UK_MT,Mazda,Mazda2 hatchback 1.5 MZR 103ps,2008,1.498,7.6,5.7,90,92.1,99.7,57.4,0.13,2420,27,20.8,9,5,0,2.3,1.81,1.7,20,0.774,0,0,0,2.28,0,0,0.122,76.19,39.38,36.81,37.28,14.12,pop,Hòa Minzy,0,0,0,0
SIM_01108,FAKE_CAR_0139,MAZDA2_15_UK_MT,Mazda,Mazda2 hatchback 1.5 MZR 103ps,2008,1.498,7.6,5.7,90,92.1,99.7,67.2,0.13,2536,38,20.8,12,5,0,3.6,1.81,1.7,65,0.701,0,0,0,5.52,0,0,0.122,78.52,46.92,31.6,35.31,14.04,pop,Hòa Minzy,0,0,0,0
SIM_01109,FAKE_CAR_0139,MAZDA2_15_UK_MT,Mazda,Mazda2 hatchback 1.5 MZR 103ps,2008,1.498,7.6,5.7,90,92.1,99.7,60.9,0.13,2350,36,20.8,0,5,14,2.3,1.81,1.7,35,0.708,0,0,0,3.08,0,0,0.122,74.78,45.18,29.6,30.87,14.1,dân ca/pop,Phương Mỹ Chi,0,0,0,0
SIM_01110,FAKE_CAR_0139,MAZDA2_15_UK_MT,Mazda,Mazda2 hatchback 1.5 MZR 103ps,2008,1.498,7.6,5.7,90,92.1,99.7,61.8,0.13,2556,22,20.8,0,5,0,2.9,1.81,1.7,65,0.614,0,0,0,5.28,0,0,0.122,78.75,33.98,44.77,48.24,14.01,dân ca/pop,Phương Mỹ Chi,0,0,0,0
SIM_01111,FAKE_CAR_0139,MAZDA2_15_UK_MT,Mazda,Mazda2 hatchback 1.5 MZR 103ps,2008,1.498,7.6,5.7,90,92.1,99.7,70.4,0.13,746,0,20.8,11,15,0,5,1.81,1.7,10,0.774,0,0,0,1.88,0,0,0.122,30.83,53.68,-22.85,-22.78,12.24,rock,không rõ,0,0,0,0
SIM_01112,FAKE_CAR_0139,MAZDA2_15_UK_MT,Mazda,Mazda2 hatchback 1.5 MZR 103ps,2008,1.498,7.6,5.7,90,92.1,99.7,63.7,0.13,1836,27,20.8,0,11,0,2,1.81,1.7,35,0.597,0,0,0,2.97,0,0,0.122,64.43,36.77,27.66,28.82,14.07,bolero,Lệ Quyên,0,0,0,0
SIM_01113,FAKE_CAR_0140,HONDA_FIT15_CA_MT,Honda,Fit hatchback 1.5 DX,2008,1.5,7.1,6.5,85,99.5,87.7,56.6,0.52,779,0,12.4,0,12,15,5.6,2.23,3.1,95,0.467,0,0,0,9.04,0,0,0.132,32.73,54.04,-21.31,-14.5,12.27,bolero,Lệ Quyên,0,0,1,0
SIM_01114,FAKE_CAR_0140,HONDA_FIT15_CA_MT,Honda,Fit hatchback 1.5 DX,2008,1.5,7.1,6.5,85,99.5,87.7,64.7,0.52,908,0,12.4,0,0,0,4,2.23,3.1,10,0.505,0,0,0,3.25,0,0,0.132,37.72,19.65,18.07,19.09,14.06,nhạc trẻ,Lam Trường,0,0,0,0
SIM_01115,FAKE_CAR_0140,HONDA_FIT15_CA_MT,Honda,Fit hatchback 1.5 DX,2008,1.5,7.1,6.5,85,99.5,87.7,56.5,0.52,817,0,12.4,0,13,15,6.1,2.23,3.1,80,0.261,0,0,0,6.78,0,0,0.132,34.2,53.28,-19.08,-14.53,12.32,rock,không rõ,0,0,0,0
SIM_01116,FAKE_CAR_0140,HONDA_FIT15_CA_MT,Honda,Fit hatchback 1.5 DX,2008,1.5,7.1,6.5,85,99.5,87.7,66.2,0.52,1755,59,12.4,0,0,17,5.6,2.23,3.1,95,0.8,0,0,0,10,0,0,0.132,64.08,45,19.08,26.85,14.08,rock,không rõ,0,0,0,0
SIM_01117,FAKE_CAR_0140,HONDA_FIT15_CA_MT,Honda,Fit hatchback 1.5 DX,2008,1.5,7.1,6.5,85,99.5,87.7,59.4,0.52,2265,22,12.4,8,16,0,4.9,2.23,3.1,10,0.202,0,0,0,3.21,0,0,0.132,74.55,44.51,30.04,31.02,14.02,dân ca/pop,Phương Mỹ Chi,0,0,0,0
SIM_01118,FAKE_CAR_0140,HONDA_FIT15_CA_MT,Honda,Fit hatchback 1.5 DX,2008,1.5,7.1,6.5,85,99.5,87.7,62.8,0.52,1902,24,12.4,0,5,0,6.1,2.23,3.1,10,0.518,0,0,0,3.25,0,0,0.132,67.1,26.75,40.35,41.37,14.11,instrumental,không rõ,0,0,0,0
SIM_01119,FAKE_CAR_0140,HONDA_FIT15_CA_MT,Honda,Fit hatchback 1.5 DX,2008,1.5,7.1,6.5,85,99.5,87.7,61,0.52,2085,49,12.4,0,0,0,4.5,2.23,3.1,95,0.249,0,0,0,7.92,0,0,0.132,70.86,24.82,46.04,51.73,14.02,rock,không rõ,0,0,0,0
SIM_01120,FAKE_CAR_0140,HONDA_FIT15_CA_MT,Honda,Fit hatchback 1.5 DX,2008,1.5,7.1,6.5,85,99.5,87.7,54.4,0.52,1971,60,12.4,0,9,0,5.7,2.23,3.1,50,0.673,0,0,0,5.53,0,0,0.132,68.51,32.63,35.88,39.18,14.11,pop,Hòa Minzy,0,0,0,0
SIM_01121,FAKE_CAR_0141,YARIS13_UK_MT,Toyota,Yaris hatchback 1.3 VVT-i,2008,1.3,7.2,6,80,69.6,84.4,83.3,0.46,2761,64,17.2,0,10,0,2.6,1.7,2.54,65,0.863,0,0,0,6.81,0,0,0.045,52.9,36.61,16.29,21.4,14.18,nhạc trẻ,Lam Trường,0,0,0,0
SIM_01122,FAKE_CAR_0141,YARIS13_UK_MT,Toyota,Yaris hatchback 1.3 VVT-i,2008,1.3,7.2,6,80,69.6,84.4,80.9,0.46,1912,14,17.2,0,13,0,3.1,1.7,2.54,95,0.711,0,0,0,9.74,0,0,0.045,44.31,43.04,1.27,9.31,14.06,nhạc trẻ,Lam Trường,0,0,0,0
SIM_01123,FAKE_CAR_0141,YARIS13_UK_MT,Toyota,Yaris hatchback 1.3 VVT-i,2008,1.3,7.2,6,80,69.6,84.4,75.4,0.46,2214,31,17.2,8,16,0,4,1.7,2.54,35,0.425,0,0,0,3.64,0,0,0.045,48.39,48.84,-0.45,1.49,12.81,pop,Hòa Minzy,0,0,0,0
SIM_01124,FAKE_CAR_0141,YARIS13_UK_MT,Toyota,Yaris hatchback 1.3 VVT-i,2008,1.3,7.2,6,80,69.6,84.4,72.2,0.46,993,0,17.2,13,13,18,2.7,1.7,2.54,35,0.49,0,0,0,3.71,0,0,0.045,26.99,67.61,-40.62,-38.61,11.85,rock,không rõ,0,0,0,0
SIM_01125,FAKE_CAR_0141,YARIS13_UK_MT,Toyota,Yaris hatchback 1.3 VVT-i,2008,1.3,7.2,6,80,69.6,84.4,82.9,0.46,952,0,17.2,0,5,0,3.7,1.7,2.54,80,0.676,0,0,0,7.82,0,0,0.045,25.95,33.72,-7.77,-1.65,12.64,bolero,Lệ Quyên,0,0,1,0
SIM_01126,FAKE_CAR_0141,YARIS13_UK_MT,Toyota,Yaris hatchback 1.3 VVT-i,2008,1.3,7.2,6,80,69.6,84.4,80.2,0.46,720,0,17.2,0,14,12,4.6,1.7,2.54,10,0.23,0,0,0,2.66,0,0,0.045,20.04,50.46,-30.42,-29.46,12.13,rock,không rõ,0,0,0,0
SIM_01127,FAKE_CAR_0141,YARIS13_UK_MT,Toyota,Yaris hatchback 1.3 VVT-i,2008,1.3,7.2,6,80,69.6,84.4,84,0.46,780,0,17.2,8,13,0,2.8,1.7,2.54,80,0.469,0,0,0,7.02,0,0,0.045,21.57,48.02,-26.45,-21.13,12.12,instrumental,không rõ,0,0,1,0
SIM_01128,FAKE_CAR_0141,YARIS13_UK_MT,Toyota,Yaris hatchback 1.3 VVT-i,2008,1.3,7.2,6,80,69.6,84.4,79.9,0.46,2800,55,17.2,8,13,0,5,1.7,2.54,10,0.239,0,0,0,2.66,0,0,0.045,52.9,45.86,7.04,8,14.15,instrumental,không rõ,0,0,0,0
SIM_01129,FAKE_CAR_0142,YARIS13_UK_MM,Toyota,Yaris hatchback 1.3 VVT-i,2008,1.3,6.7,5.8,80,97.2,65.7,50.3,0.44,2841,61,19.8,0,5,15,4.4,1.72,2.67,65,0.679,1,55,33.02,6.43,0,0,0.312,73.87,83.65,-9.78,27.95,12.47,dân ca/pop,Phương Mỹ Chi,0,0,1,0
SIM_01130,FAKE_CAR_0142,YARIS13_UK_MM,Toyota,Yaris hatchback 1.3 VVT-i,2008,1.3,6.7,5.8,80,97.2,65.7,53.4,0.44,2997,65,19.8,0,8,0,6.4,1.72,2.67,50,0.632,1,55,23.49,5.02,0,0,0.312,73.87,62.71,11.16,37.95,13.95,bolero,Lệ Quyên,0,0,0,0
SIM_01131,FAKE_CAR_0142,YARIS13_UK_MM,Toyota,Yaris hatchback 1.3 VVT-i,2008,1.3,6.7,5.8,80,97.2,65.7,54.3,0.44,1814,36,19.8,0,5,0,6.3,1.72,2.67,95,0.484,1,55,46.77,8.7,0,0,0.312,60.03,86.57,-26.54,27.21,11.94,bolero,Lệ Quyên,0,0,1,0
SIM_01132,FAKE_CAR_0142,YARIS13_UK_MM,Toyota,Yaris hatchback 1.3 VVT-i,2008,1.3,6.7,5.8,80,97.2,65.7,60.1,0.44,2177,28,19.8,0,10,0,6.4,1.72,2.67,20,0.24,1,55,7.88,3.03,0,0,0.312,66.88,47.11,19.77,28.96,13.95,rock,không rõ,0,0,0,0
SIM_01133,FAKE_CAR_0142,YARIS13_UK_MM,Toyota,Yaris hatchback 1.3 VVT-i,2008,1.3,6.7,5.8,80,97.2,65.7,56.7,0.44,1763,64,19.8,0,11,0,5.9,1.72,2.67,95,0.822,1,55,59.76,10,0,0,0.312,59.07,106.46,-47.39,20.65,11.44,bolero,Lệ Quyên,0,0,1,0
SIM_01134,FAKE_CAR_0142,YARIS13_UK_MM,Toyota,Yaris hatchback 1.3 VVT-i,2008,1.3,6.7,5.8,80,97.2,65.7,47.5,0.44,727,0,19.8,0,16,0,5.2,1.72,2.67,80,0.423,1,55,35.24,6.97,0,0,0.312,28.24,83.21,-54.97,-14.48,11.33,nhạc trẻ,Lam Trường,0,0,1,0
SIM_01135,FAKE_CAR_0142,YARIS13_UK_MM,Toyota,Yaris hatchback 1.3 VVT-i,2008,1.3,6.7,5.8,80,97.2,65.7,56.4,0.44,996,0,19.8,10,9,11,6.3,1.72,2.67,65,0.549,1,55,29.98,6.07,0,0,0.312,37.8,92.15,-54.35,-20.02,11.24,rock,không rõ,0,0,1,0
SIM_01136,FAKE_CAR_0142,YARIS13_UK_MM,Toyota,Yaris hatchback 1.3 VVT-i,2008,1.3,6.7,5.8,80,97.2,65.7,51.9,0.44,1638,52,19.8,0,11,11,6,1.72,2.67,35,0.344,1,55,12.98,3.69,0,0,0.312,56.7,64.47,-7.77,7.18,12.47,bolero,Lệ Quyên,0,0,1,0
SIM_01137,FAKE_CAR_0143,YARIS13_NCP_2NZ,Toyota,Yaris 1.3 NCP9# / 2NZ-FE,2008,1.3,,,80,91.9,37.4,51.3,0.52,2748,60,21.5,14,11,12,6.4,2.52,2.59,50,0.203,0,0,0,4.18,1,9.27,0.579,69.84,78.35,-8.51,2.42,12.33,rock,không rõ,0,0,1,0
SIM_01138,FAKE_CAR_0143,YARIS13_NCP_2NZ,Toyota,Yaris 1.3 NCP9# / 2NZ-FE,2008,1.3,,,80,91.9,37.4,41.6,0.52,2181,35,21.5,0,0,0,5.9,2.52,2.59,95,0.288,0,0,0,7.61,1,9.27,0.579,63.31,44.28,19.03,33.39,13.79,instrumental,không rõ,0,0,0,0
SIM_01139,FAKE_CAR_0143,YARIS13_NCP_2NZ,Toyota,Yaris 1.3 NCP9# / 2NZ-FE,2008,1.3,,,80,91.9,37.4,41.5,0.52,959,0,21.5,0,5,0,3.5,2.52,2.59,10,0.859,0,0,0,2.78,1,9.27,0.579,34.5,42.05,-7.55,1.98,12.3,instrumental,không rõ,0,0,1,0
SIM_01140,FAKE_CAR_0143,YARIS13_NCP_2NZ,Toyota,Yaris 1.3 NCP9# / 2NZ-FE,2008,1.3,,,80,91.9,37.4,52.1,0.52,2488,17,21.5,10,16,0,4.5,2.52,2.59,10,0.719,0,0,0,2.77,1,9.27,0.579,68.79,64.04,4.75,14.27,13.74,dân ca/pop,Phương Mỹ Chi,0,0,0,0
SIM_01141,FAKE_CAR_0143,YARIS13_NCP_2NZ,Toyota,Yaris 1.3 NCP9# / 2NZ-FE,2008,1.3,,,80,91.9,37.4,50.4,0.52,1839,32,21.5,8,14,0,4.7,2.52,2.59,80,0.823,0,0,0,8.44,1,9.27,0.579,57.2,65.91,-8.71,6.48,12.33,bolero,Lệ Quyên,0,0,1,0
SIM_01142,FAKE_CAR_0143,YARIS13_NCP_2NZ,Toyota,Yaris 1.3 NCP9# / 2NZ-FE,2008,1.3,,,80,91.9,37.4,48.4,0.52,2550,47,21.5,0,16,15,5.7,2.52,2.59,50,0.515,0,0,0,4.74,1,9.27,0.579,69.84,72.21,-2.37,9.12,12.51,instrumental,không rõ,0,0,0,0
SIM_01143,FAKE_CAR_0143,YARIS13_NCP_2NZ,Toyota,Yaris 1.3 NCP9# / 2NZ-FE,2008,1.3,,,80,91.9,37.4,45.3,0.52,976,0,21.5,0,9,0,5.2,2.52,2.59,10,0.711,0,0,0,2.77,1,9.27,0.579,35.07,47.74,-12.67,-3.15,12.19,nhạc trẻ,Lam Trường,0,0,1,0
SIM_01144,FAKE_CAR_0143,YARIS13_NCP_2NZ,Toyota,Yaris 1.3 NCP9# / 2NZ-FE,2008,1.3,,,80,91.9,37.4,48.7,0.52,2373,16,21.5,0,5,0,6.5,2.52,2.59,35,0.764,0,0,0,4.03,1,9.27,0.579,66.74,46.3,20.44,31.22,13.83,nhạc trẻ,Lam Trường,0,0,0,0
SIM_01145,FAKE_CAR_0144,YARIS15_CA_MT,Toyota,Yaris hatchback 1.5,2008,1.5,7,6.3,85,52.4,75.5,26.2,0.48,893,0,12.8,0,16,0,8.1,2.44,3.29,80,0.537,0,0,0,8.04,0,0,0.128,19.56,44.94,-25.38,-19.78,12.17,nhạc trẻ,Lam Trường,1,1,1,0
SIM_01146,FAKE_CAR_0144,YARIS15_CA_MT,Toyota,Yaris hatchback 1.5,2008,1.5,7,6.3,85,52.4,75.5,25.6,0.48,2582,14,12.8,0,11,0,5.7,2.44,3.29,20,0.498,0,0,0,3.76,0,0,0.128,42.31,33.26,9.05,10.37,14.14,nhạc trẻ,Lam Trường,1,1,0,0
SIM_01147,FAKE_CAR_0144,YARIS15_CA_MT,Toyota,Yaris hatchback 1.5,2008,1.5,7,6.3,85,52.4,75.5,31.7,0.48,1953,46,12.8,0,0,0,7.6,2.44,3.29,80,0.699,0,0,0,8.66,0,0,0.128,35.89,29.06,6.83,13.05,14.11,instrumental,không rõ,1,1,0,0
SIM_01148,FAKE_CAR_0144,YARIS15_CA_MT,Toyota,Yaris hatchback 1.5,2008,1.5,7,6.3,85,52.4,75.5,33.4,0.48,2021,59,12.8,10,0,0,4.9,2.44,3.29,10,0.677,0,0,0,3.46,0,0,0.128,36.62,31.16,5.46,6.48,14.03,pop,Hòa Minzy,1,0,0,0
SIM_01149,FAKE_CAR_0144,YARIS15_CA_MT,Toyota,Yaris hatchback 1.5,2008,1.5,7,6.3,85,52.4,75.5,28.5,0.48,2640,58,12.8,0,13,18,7.9,2.44,3.29,95,0.298,0,0,0,8.36,0,0,0.128,42.31,60.06,-17.75,-11.83,12.28,pop,Hòa Minzy,1,0,1,0
SIM_01150,FAKE_CAR_0144,YARIS15_CA_MT,Toyota,Yaris hatchback 1.5,2008,1.5,7,6.3,85,52.4,75.5,35.5,0.48,861,0,12.8,12,0,0,6.9,2.44,3.29,50,0.77,0,0,0,5.89,0,0,0.128,18.91,37.59,-18.68,-15.23,12.26,nhạc trẻ,Lam Trường,1,0,0,0
SIM_01151,FAKE_CAR_0144,YARIS15_CA_MT,Toyota,Yaris hatchback 1.5,2008,1.5,7,6.3,85,52.4,75.5,28,0.48,2706,45,12.8,0,5,0,7.2,2.44,3.29,50,0.847,0,0,0,6.03,0,0,0.128,42.31,31.03,11.28,14.87,14.06,bolero,Lệ Quyên,1,1,0,0
SIM_01152,FAKE_CAR_0144,YARIS15_CA_MT,Toyota,Yaris hatchback 1.5,2008,1.5,7,6.3,85,52.4,75.5,36.3,0.48,2015,59,12.8,0,12,0,6.4,2.44,3.29,10,0.313,0,0,0,3.42,0,0,0.128,36.56,34.62,1.94,2.92,14.14,instrumental,không rõ,1,0,0,0
SIM_01153,FAKE_CAR_0145,YARIS15_CA_AT,Toyota,Yaris hatchback 1.5,2008,1.5,7,6.4,75,64.5,99.6,54.8,0.23,1669,46,19.7,0,5,12,6,2.68,2.51,35,0.477,0,0,0,3.66,0,0,0.025,35.64,46.36,-10.72,-9.74,12.5,pop,Hòa Minzy,0,0,0,0
SIM_01154,FAKE_CAR_0145,YARIS15_CA_AT,Toyota,Yaris hatchback 1.5,2008,1.5,7,6.4,75,64.5,99.6,50.6,0.23,2204,55,19.7,0,16,9,6.3,2.68,2.51,35,0.395,0,0,0,3.58,0,0,0.025,41.93,54.58,-12.65,-11.75,12.49,dân ca/pop,Phương Mỹ Chi,0,0,0,0
SIM_01155,FAKE_CAR_0145,YARIS15_CA_AT,Toyota,Yaris hatchback 1.5,2008,1.5,7,6.4,75,64.5,99.6,51,0.23,2638,57,19.7,0,5,9,5.5,2.68,2.51,80,0.799,0,0,0,8.27,0,0,0.025,45.96,47.47,-1.51,4.08,12.79,nhạc trẻ,Lam Trường,0,0,0,0
SIM_01156,FAKE_CAR_0145,YARIS15_CA_AT,Toyota,Yaris hatchback 1.5,2008,1.5,7,6.4,75,64.5,99.6,48.3,0.23,2741,51,19.7,0,0,16,4.5,2.68,2.51,50,0.242,0,0,0,4.17,0,0,0.025,45.96,44.37,1.59,3.08,14.08,nhạc trẻ,Lam Trường,0,0,0,0
SIM_01157,FAKE_CAR_0145,YARIS15_CA_AT,Toyota,Yaris hatchback 1.5,2008,1.5,7,6.4,75,64.5,99.6,48.5,0.23,804,0,19.7,0,5,0,5.3,2.68,2.51,20,0.744,0,0,0,3.07,0,0,0.025,19.27,33.07,-13.8,-13.41,12.51,instrumental,không rõ,0,0,0,0
SIM_01158,FAKE_CAR_0145,YARIS15_CA_AT,Toyota,Yaris hatchback 1.5,2008,1.5,7,6.4,75,64.5,99.6,51.7,0.23,1675,22,19.7,0,9,0,7,2.68,2.51,95,0.352,0,0,0,7.86,0,0,0.025,35.71,43.56,-7.85,-2.67,12.66,pop,Hòa Minzy,0,0,1,0
SIM_01159,FAKE_CAR_0145,YARIS15_CA_AT,Toyota,Yaris hatchback 1.5,2008,1.5,7,6.4,75,64.5,99.6,48.3,0.23,2733,62,19.7,9,9,0,5.5,2.68,2.51,95,0.388,0,0,0,8.04,0,0,0.025,45.96,51.24,-5.28,0.08,12.73,pop,Hòa Minzy,0,0,1,0
SIM_01160,FAKE_CAR_0145,YARIS15_CA_AT,Toyota,Yaris hatchback 1.5,2008,1.5,7,6.4,75,64.5,99.6,47.8,0.23,897,0,19.7,0,10,0,6.8,2.68,2.51,65,0.451,0,0,0,5.64,0,0,0.025,21.33,42.14,-20.81,-17.85,12.36,dân ca/pop,Phương Mỹ Chi,0,0,0,0
SIM_01161,FAKE_CAR_0146,YARIS10_UK_MT,Toyota,Yaris hatchback 1.0 VVT-i,2008,1,6.4,5.4,65,96.4,81.8,54.8,0.35,1911,55,17.2,10,5,0,5.9,2.39,1.67,65,0.411,0,0,0,4.69,0,0,0.145,49.85,42.79,7.06,9.36,14.13,dân ca/pop,Phương Mỹ Chi,0,0,0,0
SIM_01162,FAKE_CAR_0146,YARIS10_UK_MT,Toyota,Yaris hatchback 1.0 VVT-i,2008,1,6.4,5.4,65,96.4,81.8,43.8,0.35,849,0,17.2,8,0,10,3.2,2.39,1.67,80,0.733,0,0,0,7.17,0,0,0.145,26.25,45.57,-19.32,-14.54,12.27,instrumental,không rõ,0,0,0,0
SIM_01163,FAKE_CAR_0146,YARIS10_UK_MT,Toyota,Yaris hatchback 1.0 VVT-i,2008,1,6.4,5.4,65,96.4,81.8,47.3,0.35,858,0,17.2,0,5,0,3.4,2.39,1.67,10,0.796,0,0,0,1.86,0,0,0.145,26.51,27.46,-0.95,-1.48,12.68,instrumental,không rõ,0,0,0,0
SIM_01164,FAKE_CAR_0146,YARIS10_UK_MT,Toyota,Yaris hatchback 1.0 VVT-i,2008,1,6.4,5.4,65,96.4,81.8,48.1,0.35,849,0,17.2,0,12,0,6,2.39,1.67,20,0.402,0,0,0,2.1,0,0,0.145,26.25,37.3,-11.05,-11.34,12.45,dân ca/pop,Phương Mỹ Chi,0,0,0,0
SIM_01165,FAKE_CAR_0146,YARIS10_UK_MT,Toyota,Yaris hatchback 1.0 VVT-i,2008,1,6.4,5.4,65,96.4,81.8,44.3,0.35,942,0,17.2,0,5,12,4.4,2.39,1.67,20,0.561,0,0,0,2.16,0,0,0.145,28.92,40.76,-11.84,-12.07,12.42,bolero,Lệ Quyên,0,0,0,0
SIM_01166,FAKE_CAR_0146,YARIS10_UK_MT,Toyota,Yaris hatchback 1.0 VVT-i,2008,1,6.4,5.4,65,96.4,81.8,43.8,0.35,859,0,17.2,0,5,15,3.8,2.39,1.67,35,0.779,0,0,0,3.12,0,0,0.145,26.54,44.12,-17.58,-16.85,12.31,instrumental,không rõ,0,0,0,0
SIM_01167,FAKE_CAR_0146,YARIS10_UK_MT,Toyota,Yaris hatchback 1.0 VVT-i,2008,1,6.4,5.4,65,96.4,81.8,55.1,0.35,2295,41,17.2,0,8,16,3.6,2.39,1.67,50,0.49,0,0,0,3.77,0,0,0.145,55.69,48.57,7.12,8.5,14.11,pop,Hòa Minzy,0,0,0,0
SIM_01168,FAKE_CAR_0146,YARIS10_UK_MT,Toyota,Yaris hatchback 1.0 VVT-i,2008,1,6.4,5.4,65,96.4,81.8,55.4,0.35,1866,15,17.2,0,11,13,6.2,2.39,1.67,10,0.468,0,0,0,1.81,0,0,0.145,49.16,49.21,-0.05,-0.63,12.7,pop,Hòa Minzy,0,0,0,0
SIM_01169,FAKE_CAR_0147,AYGO10_UK_MT,Toyota,Aygo hatchback 1.0 VVT-i,2008,1,5.5,4.6,65,86.7,80.5,48.2,0.23,755,0,15.9,0,0,0,7.1,1.59,1.86,65,0.464,0,0,0,5.03,0,0,0.037,21.19,28.03,-6.84,-3.4,12.64,pop,Hòa Minzy,0,0,0,0
SIM_01170,FAKE_CAR_0147,AYGO10_UK_MT,Toyota,Aygo hatchback 1.0 VVT-i,2008,1,5.5,4.6,65,86.7,80.5,41.7,0.23,749,0,15.9,0,5,0,4.5,1.59,1.86,95,0.38,0,0,0,7.35,0,0,0.037,21.03,32.75,-11.72,-5.96,12.54,dân ca/pop,Phương Mỹ Chi,0,0,1,0
SIM_01171,FAKE_CAR_0147,AYGO10_UK_MT,Toyota,Aygo hatchback 1.0 VVT-i,2008,1,5.5,4.6,65,86.7,80.5,45.9,0.23,758,0,15.9,10,13,0,6.5,1.59,1.86,20,0.578,0,0,0,2.36,0,0,0.037,21.27,47.76,-26.49,-25.72,12.2,nhạc trẻ,Lam Trường,0,0,0,0
SIM_01172,FAKE_CAR_0147,AYGO10_UK_MT,Toyota,Aygo hatchback 1.0 VVT-i,2008,1,5.5,4.6,65,86.7,80.5,46.8,0.23,2873,13,15.9,0,0,0,7.2,1.59,1.86,65,0.547,0,0,0,5.26,0,0,0.037,53.54,28.36,25.18,28.85,14.07,dân ca/pop,Phương Mỹ Chi,0,0,0,0
SIM_01173,FAKE_CAR_0147,AYGO10_UK_MT,Toyota,Aygo hatchback 1.0 VVT-i,2008,1,5.5,4.6,65,86.7,80.5,37,0.23,750,0,15.9,0,5,0,4,1.59,1.86,10,0.868,0,0,0,2.06,0,0,0.037,21.06,26.96,-5.9,-5.43,12.69,pop,Hòa Minzy,0,0,0,0
SIM_01174,FAKE_CAR_0147,AYGO10_UK_MT,Toyota,Aygo hatchback 1.0 VVT-i,2008,1,5.5,4.6,65,86.7,80.5,37.5,0.23,1727,36,15.9,0,5,0,4.3,1.59,1.86,95,0.662,0,0,0,8.8,0,0,0.037,42.31,34,8.31,15.52,14.07,pop,Hòa Minzy,0,0,0,0
SIM_01175,FAKE_CAR_0147,AYGO10_UK_MT,Toyota,Aygo hatchback 1.0 VVT-i,2008,1,5.5,4.6,65,86.7,80.5,36.5,0.23,1989,31,15.9,0,0,0,4.1,1.59,1.86,50,0.554,0,0,0,4.08,0,0,0.037,45.9,24.08,21.82,24.31,14.08,pop,Hòa Minzy,0,0,0,0
SIM_01176,FAKE_CAR_0147,AYGO10_UK_MT,Toyota,Aygo hatchback 1.0 VVT-i,2008,1,5.5,4.6,65,86.7,80.5,47.1,0.23,2936,15,15.9,10,5,13,4.4,1.59,1.86,95,0.806,0,0,0,9.54,0,0,0.037,53.54,57.84,-4.3,3.65,12.78,rock,không rõ,0,0,1,0
SIM_01177,FAKE_CAR_0148,AURIS14_UK_MT,Toyota,Auris hatchback 1.4 VVT-i,2008,1.4,8.7,6.9,100,53.9,93.9,78.8,0.67,873,0,12.6,0,10,12,4.3,1.47,2.66,35,0.858,0,0,0,4.19,0,0,0.097,23.17,43.09,-19.92,-17.2,12.36,instrumental,không rõ,0,0,0,0
SIM_01178,FAKE_CAR_0148,AURIS14_UK_MT,Toyota,Auris hatchback 1.4 VVT-i,2008,1.4,8.7,6.9,100,53.9,93.9,76.4,0.67,720,0,12.6,0,14,0,3.1,1.47,2.66,35,0.365,0,0,0,3.7,0,0,0.097,19.4,33.4,-14,-11.77,12.48,pop,Hòa Minzy,0,0,0,0
SIM_01179,FAKE_CAR_0148,AURIS14_UK_MT,Toyota,Auris hatchback 1.4 VVT-i,2008,1.4,8.7,6.9,100,53.9,93.9,77,0.67,891,0,12.6,0,0,0,2.3,1.47,2.66,20,0.427,0,0,0,3.1,0,0,0.097,23.62,18,5.62,7.25,14.12,dân ca/pop,Phương Mỹ Chi,0,0,0,0
SIM_01180,FAKE_CAR_0148,AURIS14_UK_MT,Toyota,Auris hatchback 1.4 VVT-i,2008,1.4,8.7,6.9,100,53.9,93.9,68.5,0.67,789,0,12.6,0,0,0,4,1.47,2.66,80,0.391,0,0,0,6.84,0,0,0.097,21.1,23.44,-2.34,3.03,12.75,dân ca/pop,Phương Mỹ Chi,0,0,0,0
SIM_01181,FAKE_CAR_0148,AURIS14_UK_MT,Toyota,Auris hatchback 1.4 VVT-i,2008,1.4,8.7,6.9,100,53.9,93.9,68,0.67,739,0,12.6,0,11,0,3.3,1.47,2.66,50,0.583,0,0,0,4.93,0,0,0.097,19.87,31.83,-11.96,-8.5,12.43,nhạc trẻ,Lam Trường,0,0,0,0
SIM_01182,FAKE_CAR_0148,AURIS14_UK_MT,Toyota,Auris hatchback 1.4 VVT-i,2008,1.4,8.7,6.9,100,53.9,93.9,78.8,0.67,865,0,12.6,0,0,0,2.3,1.47,2.66,35,0.227,0,0,0,3.57,0,0,0.097,22.98,18.47,4.51,6.61,14.03,rock,không rõ,0,0,0,0
SIM_01183,FAKE_CAR_0148,AURIS14_UK_MT,Toyota,Auris hatchback 1.4 VVT-i,2008,1.4,8.7,6.9,100,53.9,93.9,67.5,0.67,890,0,12.6,0,12,0,3.1,1.47,2.66,35,0.496,0,0,0,3.83,0,0,0.097,23.59,31.53,-7.94,-5.58,12.64,pop,Hòa Minzy,0,0,0,0
SIM_01184,FAKE_CAR_0148,AURIS14_UK_MT,Toyota,Auris hatchback 1.4 VVT-i,2008,1.4,8.7,6.9,100,53.9,93.9,73.1,0.67,921,0,12.6,0,15,0,3.4,1.47,2.66,35,0.207,0,0,0,3.55,0,0,0.097,24.36,34.55,-10.19,-8.11,12.48,nhạc trẻ,Lam Trường,0,0,0,0
SIM_01185,FAKE_CAR_0149,AURIS16_UK_MT,Toyota,Auris hatchback 1.6 VVT-i,2008,1.6,9,7.1,100,91.8,90.1,43.6,0.69,2294,48,22.9,0,0,0,4.4,2.49,1.71,95,0.739,1,55,56.57,9.05,1,5.38,0.082,81.57,98.3,-16.73,51.78,12.42,nhạc trẻ,Lam Trường,0,0,1,0
SIM_01186,FAKE_CAR_0149,AURIS16_UK_MT,Toyota,Auris hatchback 1.6 VVT-i,2008,1.6,9,7.1,100,91.8,90.1,43.8,0.69,2936,12,22.9,14,9,0,4.5,2.49,1.71,35,0.472,1,55,14.53,2.86,1,5.38,0.082,87.21,73.17,14.04,34.32,14.17,bolero,Lệ Quyên,0,0,0,0
SIM_01187,FAKE_CAR_0149,AURIS16_UK_MT,Toyota,Auris hatchback 1.6 VVT-i,2008,1.6,9,7.1,100,91.8,90.1,36.5,0.69,2871,39,22.9,14,0,0,7,2.49,1.71,35,0.502,1,55,14.89,2.89,1,5.38,0.082,87.21,67.06,20.15,40.82,14.06,instrumental,không rõ,0,0,0,0
SIM_01188,FAKE_CAR_0149,AURIS16_UK_MT,Toyota,Auris hatchback 1.6 VVT-i,2008,1.6,9,7.1,100,91.8,90.1,45,0.69,888,0,22.9,0,5,0,6.9,2.49,1.71,65,0.582,1,55,30.75,5.2,1,5.38,0.082,40.1,76.13,-36.03,2.81,11.83,dân ca/pop,Phương Mỹ Chi,0,0,1,0
SIM_01189,FAKE_CAR_0149,AURIS16_UK_MT,Toyota,Auris hatchback 1.6 VVT-i,2008,1.6,9,7.1,100,91.8,90.1,42,0.69,791,0,22.9,0,0,0,7.3,2.49,1.71,35,0.814,1,55,18.65,3.2,1,5.38,0.082,36.03,57.43,-21.4,3.34,12.25,instrumental,không rõ,0,0,1,0
SIM_01190,FAKE_CAR_0149,AURIS16_UK_MT,Toyota,Auris hatchback 1.6 VVT-i,2008,1.6,9,7.1,100,91.8,90.1,45.7,0.69,909,0,22.9,0,9,0,6.3,2.49,1.71,80,0.868,1,55,48.8,7.74,1,5.38,0.082,40.98,100.12,-59.14,0.29,11.26,dân ca/pop,Phương Mỹ Chi,0,1,1,0
SIM_01191,FAKE_CAR_0149,AURIS16_UK_MT,Toyota,Auris hatchback 1.6 VVT-i,2008,1.6,9,7.1,100,91.8,90.1,41.5,0.69,2245,38,22.9,0,5,0,3.7,2.49,1.71,80,0.637,1,55,41.76,6.84,1,5.38,0.082,80.48,85.58,-5.1,46.39,12.63,rock,không rõ,0,0,1,0
SIM_01192,FAKE_CAR_0149,AURIS16_UK_MT,Toyota,Auris hatchback 1.6 VVT-i,2008,1.6,9,7.1,100,91.8,90.1,45.3,0.69,796,0,22.9,0,0,0,4.9,2.49,1.71,80,0.774,1,55,45.94,7.37,1,5.38,0.082,36.24,86.49,-50.25,5.95,11.48,nhạc trẻ,Lam Trường,0,0,1,0
SIM_01193,FAKE_CAR_0150,AVENSIS18_UK_MT,Toyota,Avensis sedan/hatch 1.8 VVT-i,2008,1.8,9.4,7.2,105,86.2,43.9,71.9,0.77,2148,63,15.5,0,5,0,1.7,1.58,1.92,65,0.81,1,12,7.87,6.04,0,0,0.139,77.21,36.11,41.1,53.43,14.05,instrumental,không rõ,0,0,0,0
SIM_01194,FAKE_CAR_0150,AVENSIS18_UK_MT,Toyota,Avensis sedan/hatch 1.8 VVT-i,2008,1.8,9.4,7.2,105,86.2,43.9,68.4,0.77,1870,53,15.5,8,15,0,2.9,1.58,1.92,65,0.788,1,12,7.76,5.98,0,0,0.139,71.1,55.14,15.96,28.12,14.11,dân ca/pop,Phương Mỹ Chi,0,0,0,0
SIM_01195,FAKE_CAR_0150,AVENSIS18_UK_MT,Toyota,Avensis sedan/hatch 1.8 VVT-i,2008,1.8,9.4,7.2,105,86.2,43.9,68.5,0.77,754,0,15.5,0,9,0,3.2,1.58,1.92,35,0.792,1,12,4.01,3.39,0,0,0.139,33.99,35.1,-1.11,4.71,12.77,instrumental,không rõ,0,0,0,0
SIM_01196,FAKE_CAR_0150,AVENSIS18_UK_MT,Toyota,Avensis sedan/hatch 1.8 VVT-i,2008,1.8,9.4,7.2,105,86.2,43.9,74.4,0.77,2721,37,15.5,0,16,0,4.4,1.58,1.92,80,0.549,1,12,8.53,6.71,0,0,0.139,85.98,51.14,34.84,48.5,14.12,rock,không rõ,0,0,0,0
SIM_01197,FAKE_CAR_0150,AVENSIS18_UK_MT,Toyota,Avensis sedan/hatch 1.8 VVT-i,2008,1.8,9.4,7.2,105,86.2,43.9,72,0.77,829,0,15.5,8,0,0,3.6,1.58,1.92,80,0.643,1,12,9.15,7.08,0,0,0.139,37.09,43.33,-6.24,8.41,12.62,nhạc trẻ,Lam Trường,0,0,1,0
SIM_01198,FAKE_CAR_0150,AVENSIS18_UK_MT,Toyota,Avensis sedan/hatch 1.8 VVT-i,2008,1.8,9.4,7.2,105,86.2,43.9,65.7,0.77,829,0,15.5,0,0,0,4.2,1.58,1.92,20,0.326,1,12,1.87,2.32,0,0,0.139,37.09,23.89,13.2,15.81,14,dân ca/pop,Phương Mỹ Chi,0,0,0,0
SIM_01199,FAKE_CAR_0150,AVENSIS18_UK_MT,Toyota,Avensis sedan/hatch 1.8 VVT-i,2008,1.8,9.4,7.2,105,86.2,43.9,74.2,0.77,740,0,15.5,0,16,18,3.1,1.58,1.92,50,0.368,1,12,4.13,3.8,0,0,0.139,33.41,60.53,-27.12,-20.77,12.05,bolero,Lệ Quyên,0,0,1,0
SIM_01200,FAKE_CAR_0150,AVENSIS18_UK_MT,Toyota,Avensis sedan/hatch 1.8 VVT-i,2008,1.8,9.4,7.2,105,86.2,43.9,64.8,0.77,2161,64,15.5,0,5,0,1.8,1.58,1.92,50,0.662,1,12,5.24,4.33,0,0,0.139,77.5,31.87,45.63,53.62,14,nhạc trẻ,Lam Trường,0,0,0,0
SIM_01201,FAKE_CAR_0151,RAV4_20_UK_MT,Toyota,RAV4 2.0 VVT-i,2008,2,11,8.6,125,89.9,91,63.8,0.81,893,0,20.1,14,0,0,2.1,2.64,2.43,65,0.289,0,0,0,5.12,0,0,0.068,49.34,41.32,8.02,10.5,14.07,nhạc trẻ,Lam Trường,0,0,0,0
SIM_01202,FAKE_CAR_0151,RAV4_20_UK_MT,Toyota,RAV4 2.0 VVT-i,2008,2,11,8.6,125,89.9,91,72.6,0.81,2651,65,20.1,0,11,0,5.4,2.64,2.43,50,0.555,0,0,0,4.65,0,0,0.068,106.76,41.15,65.61,67.62,14.08,rock,không rõ,0,0,0,0
SIM_01203,FAKE_CAR_0151,RAV4_20_UK_MT,Toyota,RAV4 2.0 VVT-i,2008,2,11,8.6,125,89.9,91,70.3,0.81,993,0,20.1,0,0,0,4.7,2.64,2.43,65,0.637,0,0,0,6.07,0,0,0.068,54.48,30.87,23.61,27.04,14.17,rock,không rõ,0,0,0,0
SIM_01204,FAKE_CAR_0151,RAV4_20_UK_MT,Toyota,RAV4 2.0 VVT-i,2008,2,11,8.6,125,89.9,91,67.9,0.81,957,0,20.1,10,15,13,4.4,2.64,2.43,95,0.518,0,0,0,8.63,0,0,0.068,52.63,71.13,-18.5,-12.51,12.36,pop,Hòa Minzy,0,0,1,0
SIM_01205,FAKE_CAR_0151,RAV4_20_UK_MT,Toyota,RAV4 2.0 VVT-i,2008,2,11,8.6,125,89.9,91,65.8,0.81,843,0,20.1,9,9,12,2.3,2.64,2.43,35,0.533,0,0,0,3.64,0,0,0.068,46.77,56.04,-9.27,-8.27,12.6,dân ca/pop,Phương Mỹ Chi,0,0,0,0
SIM_01206,FAKE_CAR_0151,RAV4_20_UK_MT,Toyota,RAV4 2.0 VVT-i,2008,2,11,8.6,125,89.9,91,63.3,0.81,923,0,20.1,0,5,0,4.6,2.64,2.43,35,0.264,0,0,0,3.37,0,0,0.068,50.88,33.07,17.81,18.54,14.12,dân ca/pop,Phương Mỹ Chi,0,0,0,0
SIM_01207,FAKE_CAR_0151,RAV4_20_UK_MT,Toyota,RAV4 2.0 VVT-i,2008,2,11,8.6,125,89.9,91,74.6,0.81,834,0,20.1,12,5,0,4.3,2.64,2.43,50,0.456,0,0,0,4.47,0,0,0.068,46.31,45.87,0.44,2.27,14.13,dân ca/pop,Phương Mỹ Chi,0,0,0,0
SIM_01208,FAKE_CAR_0151,RAV4_20_UK_MT,Toyota,RAV4 2.0 VVT-i,2008,2,11,8.6,125,89.9,91,62.5,0.81,961,0,20.1,0,5,0,2.9,2.64,2.43,20,0.826,0,0,0,3.03,0,0,0.068,52.84,31.03,21.81,22.2,14.16,instrumental,không rõ,0,0,0,0
SIM_01209,FAKE_CAR_0152,MAZDA2_13_UK_MT,Mazda,Mazda2 hatchback 1.3 MZR 86ps 5 cửa,2008,1.349,6.9,5.2,80,97.5,96.2,31.8,0.4,2385,63,15.8,0,5,0,5.8,2.38,2.82,20,0.464,0,0,0,3.27,0,0,0.105,71.03,29.87,41.16,42.05,14.03,bolero,Lệ Quyên,0,0,0,0
SIM_01210,FAKE_CAR_0152,MAZDA2_13_UK_MT,Mazda,Mazda2 hatchback 1.3 MZR 86ps 5 cửa,2008,1.349,6.9,5.2,80,97.5,96.2,29.8,0.4,2092,51,15.8,0,5,0,6,2.38,2.82,95,0.682,0,0,0,9.87,0,0,0.105,65.48,36.67,28.81,36.3,14.03,rock,không rõ,0,0,0,0
SIM_01211,FAKE_CAR_0152,MAZDA2_13_UK_MT,Mazda,Mazda2 hatchback 1.3 MZR 86ps 5 cửa,2008,1.349,6.9,5.2,80,97.5,96.2,40.7,0.4,727,0,15.8,0,5,13,7.1,2.38,2.82,50,0.56,0,0,0,5.05,0,0,0.105,28.33,45.95,-17.62,-14.95,12.39,dân ca/pop,Phương Mỹ Chi,0,0,0,0
SIM_01212,FAKE_CAR_0152,MAZDA2_13_UK_MT,Mazda,Mazda2 hatchback 1.3 MZR 86ps 5 cửa,2008,1.349,6.9,5.2,80,97.5,96.2,29.9,0.4,844,0,15.8,0,0,0,4.5,2.38,2.82,20,0.81,0,0,0,3.41,0,0,0.105,32.5,23.71,8.79,9.82,14.06,pop,Hòa Minzy,0,0,0,0
SIM_01213,FAKE_CAR_0152,MAZDA2_13_UK_MT,Mazda,Mazda2 hatchback 1.3 MZR 86ps 5 cửa,2008,1.349,6.9,5.2,80,97.5,96.2,38.6,0.4,2946,61,15.8,11,9,0,5.7,2.38,2.82,65,0.391,0,0,0,5.79,0,0,0.105,74.1,47.29,26.81,30.22,14.1,rock,không rõ,0,0,0,0
SIM_01214,FAKE_CAR_0152,MAZDA2_13_UK_MT,Mazda,Mazda2 hatchback 1.3 MZR 86ps 5 cửa,2008,1.349,6.9,5.2,80,97.5,96.2,33.4,0.4,2856,53,15.8,9,16,0,5.7,2.38,2.82,35,0.236,0,0,0,3.73,0,0,0.105,74.1,50.23,23.87,25.22,14.16,pop,Hòa Minzy,0,0,0,0
SIM_01215,FAKE_CAR_0152,MAZDA2_13_UK_MT,Mazda,Mazda2 hatchback 1.3 MZR 86ps 5 cửa,2008,1.349,6.9,5.2,80,97.5,96.2,39.7,0.4,987,0,15.8,0,9,0,6.9,2.38,2.82,35,0.615,0,0,0,4.11,0,0,0.105,37.6,35.81,1.79,3.52,14.05,nhạc trẻ,Lam Trường,0,0,0,0
SIM_01216,FAKE_CAR_0152,MAZDA2_13_UK_MT,Mazda,Mazda2 hatchback 1.3 MZR 86ps 5 cửa,2008,1.349,6.9,5.2,80,97.5,96.2,35.1,0.4,1677,49,15.8,9,0,0,7.3,2.38,2.82,35,0.837,0,0,0,4.33,0,0,0.105,57.62,36.43,21.19,23.14,14.07,dân ca/pop,Phương Mỹ Chi,0,0,0,0
SIM_01217,FAKE_CAR_0153,MAZDA2_15_UK_MT,Mazda,Mazda2 hatchback 1.5 MZR 103ps,2008,1.498,7.6,5.7,90,89.9,97,79.7,0.17,1859,38,21.5,0,0,0,1.4,1.67,1.8,95,0.344,1,28,21.07,7.11,0,0,0.075,63.34,51.08,12.26,38.77,14.09,bolero,Lệ Quyên,1,0,0,0
SIM_01218,FAKE_CAR_0153,MAZDA2_15_UK_MT,Mazda,Mazda2 hatchback 1.5 MZR 103ps,2008,1.498,7.6,5.7,90,89.9,97,74.5,0.17,2756,15,21.5,0,0,0,3.4,1.67,1.8,65,0.365,1,28,13.07,4.7,0,0,0.075,76.86,42.67,34.19,50.29,14.17,pop,Hòa Minzy,1,1,0,0
SIM_01219,FAKE_CAR_0153,MAZDA2_15_UK_MT,Mazda,Mazda2 hatchback 1.5 MZR 103ps,2008,1.498,7.6,5.7,90,89.9,97,84.1,0.17,2900,21,21.5,12,11,0,2.3,1.67,1.8,35,0.594,1,28,8.14,3.07,0,0,0.075,76.86,58.01,18.85,28.39,14.16,bolero,Lệ Quyên,1,1,0,0
SIM_01220,FAKE_CAR_0153,MAZDA2_15_UK_MT,Mazda,Mazda2 hatchback 1.5 MZR 103ps,2008,1.498,7.6,5.7,90,89.9,97,83,0.17,2925,56,21.5,0,15,0,1.6,1.67,1.8,65,0.863,1,28,19,6.07,0,0,0.075,76.86,63.17,13.69,37.09,14.16,pop,Hòa Minzy,1,0,0,0
SIM_01221,FAKE_CAR_0153,MAZDA2_15_UK_MT,Mazda,Mazda2 hatchback 1.5 MZR 103ps,2008,1.498,7.6,5.7,90,89.9,97,85.1,0.17,1855,64,21.5,0,14,0,3.5,1.67,1.8,80,0.246,1,28,15.19,5.42,0,0,0.075,63.27,59.61,3.66,22.6,14.16,dân ca/pop,Phương Mỹ Chi,1,0,0,0
SIM_01222,FAKE_CAR_0153,MAZDA2_15_UK_MT,Mazda,Mazda2 hatchback 1.5 MZR 103ps,2008,1.498,7.6,5.7,90,89.9,97,79.4,0.17,1847,15,21.5,0,12,0,3.6,1.67,1.8,20,0.66,1,28,5.74,2.33,0,0,0.075,63.11,45.17,17.94,24.34,14.07,rock,không rõ,1,1,0,0
SIM_01223,FAKE_CAR_0153,MAZDA2_15_UK_MT,Mazda,Mazda2 hatchback 1.5 MZR 103ps,2008,1.498,7.6,5.7,90,89.9,97,79.8,0.17,975,0,21.5,0,9,0,5,1.67,1.8,50,0.578,1,28,11.48,4.06,0,0,0.075,38.56,51.04,-12.48,1.39,12.56,pop,Hòa Minzy,1,1,1,0
SIM_01224,FAKE_CAR_0153,MAZDA2_15_UK_MT,Mazda,Mazda2 hatchback 1.5 MZR 103ps,2008,1.498,7.6,5.7,90,89.9,97,78.1,0.17,1939,16,21.5,0,16,0,2.6,1.67,1.8,95,0.407,1,28,22.31,7.43,0,0,0.075,64.92,69.84,-4.92,23.15,12.63,instrumental,không rõ,1,0,1,0
SIM_01225,FAKE_CAR_0154,HONDA_FIT15_CA_MT,Honda,Fit hatchback 1.5 DX,2008,1.5,7.1,6.5,75,90.2,96,65,0.15,2549,29,22.3,0,5,0,4.5,1.74,2.36,80,0.598,0,0,0,7.34,0,0,0.1,64.27,39.14,25.13,30.73,14.05,pop,Hòa Minzy,0,0,0,0
SIM_01226,FAKE_CAR_0154,HONDA_FIT15_CA_MT,Honda,Fit hatchback 1.5 DX,2008,1.5,7.1,6.5,75,90.2,96,55.6,0.15,883,0,22.3,0,14,0,3.9,1.74,2.36,20,0.719,0,0,0,2.91,0,0,0.1,29.39,43.11,-13.72,-12.55,12.4,bolero,Lệ Quyên,0,0,0,0
SIM_01227,FAKE_CAR_0154,HONDA_FIT15_CA_MT,Honda,Fit hatchback 1.5 DX,2008,1.5,7.1,6.5,75,90.2,96,68.3,0.15,804,0,22.3,0,5,16,5.9,1.74,2.36,95,0.716,0,0,0,9.58,0,0,0.1,26.95,58.78,-31.83,-23.99,12.01,dân ca/pop,Phương Mỹ Chi,0,0,1,0
SIM_01228,FAKE_CAR_0154,HONDA_FIT15_CA_MT,Honda,Fit hatchback 1.5 DX,2008,1.5,7.1,6.5,75,90.2,96,66.8,0.15,1952,36,22.3,0,13,0,2.6,1.74,2.36,80,0.467,0,0,0,6.83,0,0,0.1,54.49,44.73,9.76,14.85,14.05,bolero,Lệ Quyên,0,0,0,0
SIM_01229,FAKE_CAR_0154,HONDA_FIT15_CA_MT,Honda,Fit hatchback 1.5 DX,2008,1.5,7.1,6.5,75,90.2,96,58.7,0.15,2601,23,22.3,0,5,0,3.5,1.74,2.36,20,0.673,0,0,0,2.9,0,0,0.1,64.27,33.7,30.57,31.73,14.05,rock,không rõ,0,0,0,0
SIM_01230,FAKE_CAR_0154,HONDA_FIT15_CA_MT,Honda,Fit hatchback 1.5 DX,2008,1.5,7.1,6.5,75,90.2,96,67.7,0.15,2178,21,22.3,0,5,0,3.2,1.74,2.36,20,0.498,0,0,0,2.83,0,0,0.1,58.2,33.33,24.87,25.96,14.04,bolero,Lệ Quyên,0,0,0,0
SIM_01231,FAKE_CAR_0154,HONDA_FIT15_CA_MT,Honda,Fit hatchback 1.5 DX,2008,1.5,7.1,6.5,75,90.2,96,60,0.15,2434,26,22.3,14,5,0,4.6,1.74,2.36,65,0.288,0,0,0,5.04,0,0,0.1,62.41,50.94,11.47,14.77,14.1,bolero,Lệ Quyên,0,0,0,0
SIM_01232,FAKE_CAR_0154,HONDA_FIT15_CA_MT,Honda,Fit hatchback 1.5 DX,2008,1.5,7.1,6.5,75,90.2,96,57.3,0.15,2597,63,22.3,0,14,0,3.3,1.74,2.36,10,0.263,0,0,0,2.48,0,0,0.1,64.27,42.08,22.19,22.93,14.03,nhạc trẻ,Lam Trường,0,0,0,0
SIM_01233,FAKE_CAR_0155,YARIS13_UK_MT,Toyota,Yaris hatchback 1.3 VVT-i,2008,1.3,7.2,6,90,91.3,47.2,49.4,0.66,774,0,17,13,8,0,4.6,1.82,2.26,65,0.3,0,0,0,4.98,0,0,0.147,31.61,47.58,-15.97,-12.81,12.37,pop,Hòa Minzy,0,0,0,0
SIM_01234,FAKE_CAR_0155,YARIS13_UK_MT,Toyota,Yaris hatchback 1.3 VVT-i,2008,1.3,7.2,6,90,91.3,47.2,42.1,0.66,2998,56,17,13,8,0,4.6,1.82,2.26,10,0.302,0,0,0,2.38,0,0,0.147,78.06,44.98,33.08,33.64,14.07,instrumental,không rõ,0,0,0,0
SIM_01235,FAKE_CAR_0155,YARIS13_UK_MT,Toyota,Yaris hatchback 1.3 VVT-i,2008,1.3,7.2,6,90,91.3,47.2,41.4,0.66,2763,51,17,0,5,0,5.8,1.82,2.26,10,0.352,0,0,0,2.39,0,0,0.147,78.06,30.19,47.87,48.44,14,nhạc trẻ,Lam Trường,0,0,0,0
SIM_01236,FAKE_CAR_0155,YARIS13_UK_MT,Toyota,Yaris hatchback 1.3 VVT-i,2008,1.3,7.2,6,90,91.3,47.2,44.9,0.66,1863,34,17,13,10,0,3.3,1.82,2.26,65,0.79,0,0,0,6.32,0,0,0.147,64.41,49.62,14.79,19.29,14.11,instrumental,không rõ,0,0,0,0
SIM_01237,FAKE_CAR_0155,YARIS13_UK_MT,Toyota,Yaris hatchback 1.3 VVT-i,2008,1.3,7.2,6,90,91.3,47.2,47.1,0.66,984,0,17,0,13,0,5,1.82,2.26,35,0.334,0,0,0,3.27,0,0,0.147,39.5,38.27,1.23,2.68,14.05,instrumental,không rõ,0,0,0,0
SIM_01238,FAKE_CAR_0155,YARIS13_UK_MT,Toyota,Yaris hatchback 1.3 VVT-i,2008,1.3,7.2,6,90,91.3,47.2,42.9,0.66,785,0,17,0,0,0,5.6,1.82,2.26,95,0.718,0,0,0,9.49,0,0,0.147,32.02,32.09,-0.07,7.6,12.77,pop,Hòa Minzy,0,0,0,0
SIM_01239,FAKE_CAR_0155,YARIS13_UK_MT,Toyota,Yaris hatchback 1.3 VVT-i,2008,1.3,7.2,6,90,91.3,47.2,50.9,0.66,2281,15,17,0,5,0,4.8,1.82,2.26,65,0.82,0,0,0,6.41,0,0,0.147,72.75,33.21,39.54,44.13,14.03,instrumental,không rõ,0,0,0,0
SIM_01240,FAKE_CAR_0155,YARIS13_UK_MT,Toyota,Yaris hatchback 1.3 VVT-i,2008,1.3,7.2,6,90,91.3,47.2,53.9,0.66,1953,36,17,0,11,0,5,1.82,2.26,10,0.369,0,0,0,2.39,0,0,0.147,66.21,35.39,30.82,31.39,14.06,dân ca/pop,Phương Mỹ Chi,0,0,0,0
SIM_01241,FAKE_CAR_0156,YARIS13_UK_MM,Toyota,Yaris hatchback 1.3 VVT-i,2008,1.3,6.7,5.8,90,91.8,53.1,34.1,0.78,723,0,13.8,0,0,9,7.1,1.64,1.79,35,0.577,0,0,0,3.04,0,0,0.046,29.86,32.94,-3.08,-1.68,12.7,instrumental,không rõ,0,0,1,0
SIM_01242,FAKE_CAR_0156,YARIS13_UK_MM,Toyota,Yaris hatchback 1.3 VVT-i,2008,1.3,6.7,5.8,90,91.8,53.1,33.6,0.78,775,0,13.8,0,0,0,4.5,1.64,1.79,20,0.691,0,0,0,2.33,0,0,0.046,31.82,20.63,11.19,11.88,14.13,dân ca/pop,Phương Mỹ Chi,0,0,0,0
SIM_01243,FAKE_CAR_0156,YARIS13_UK_MM,Toyota,Yaris hatchback 1.3 VVT-i,2008,1.3,6.7,5.8,90,91.8,53.1,43.9,0.78,813,0,13.8,0,11,0,7.2,1.64,1.79,80,0.721,0,0,0,7.25,0,0,0.046,33.26,39.25,-5.99,-0.38,12.64,instrumental,không rõ,0,0,1,0
SIM_01244,FAKE_CAR_0156,YARIS13_UK_MM,Toyota,Yaris hatchback 1.3 VVT-i,2008,1.3,6.7,5.8,90,91.8,53.1,43.6,0.78,884,0,13.8,0,12,0,4.9,1.64,1.79,95,0.697,0,0,0,8.91,0,0,0.046,35.94,39.61,-3.67,3.6,12.69,rock,không rõ,0,0,1,0
SIM_01245,FAKE_CAR_0156,YARIS13_UK_MM,Toyota,Yaris hatchback 1.3 VVT-i,2008,1.3,6.7,5.8,90,91.8,53.1,33.1,0.78,842,0,13.8,11,0,0,6.9,1.64,1.79,10,0.354,0,0,0,1.92,0,0,0.046,34.35,33.62,0.73,1.01,14.16,dân ca/pop,Phương Mỹ Chi,0,0,0,0
SIM_01246,FAKE_CAR_0156,YARIS13_UK_MM,Toyota,Yaris hatchback 1.3 VVT-i,2008,1.3,6.7,5.8,90,91.8,53.1,38.9,0.78,2157,47,13.8,0,5,0,7,1.64,1.79,10,0.852,0,0,0,1.98,0,0,0.046,70.66,27.78,42.88,43.22,14.09,dân ca/pop,Phương Mỹ Chi,0,0,0,0
SIM_01247,FAKE_CAR_0156,YARIS13_UK_MM,Toyota,Yaris hatchback 1.3 VVT-i,2008,1.3,6.7,5.8,90,91.8,53.1,38.6,0.78,747,0,13.8,0,13,0,7.7,1.64,1.79,65,0.55,0,0,0,5.19,0,0,0.046,30.76,39.69,-8.93,-5.38,12.58,nhạc trẻ,Lam Trường,0,0,0,0
SIM_01248,FAKE_CAR_0156,YARIS13_UK_MM,Toyota,Yaris hatchback 1.3 VVT-i,2008,1.3,6.7,5.8,90,91.8,53.1,32.9,0.78,807,0,13.8,12,12,0,4,1.64,1.79,65,0.823,0,0,0,5.95,0,0,0.046,33.03,47.75,-14.72,-10.41,12.51,nhạc trẻ,Lam Trường,0,0,0,0
SIM_01249,FAKE_CAR_0157,YARIS13_NCP_2NZ,Toyota,Yaris 1.3 NCP9# / 2NZ-FE,2008,1.3,,,80,94.5,87.3,53.3,0.61,2273,40,13.9,0,5,13,6.1,2.78,1.92,10,0.816,0,0,0,2.11,1,6.54,0.733,66.79,46.65,20.14,26.01,13.73,rock,không rõ,0,0,0,0
SIM_01250,FAKE_CAR_0157,YARIS13_NCP_2NZ,Toyota,Yaris 1.3 NCP9# / 2NZ-FE,2008,1.3,,,80,94.5,87.3,47.7,0.61,857,0,13.9,0,15,0,6.2,2.78,1.92,65,0.64,0,0,0,5.57,1,6.54,0.733,31.95,47.21,-15.26,-5.93,12.05,dân ca/pop,Phương Mỹ Chi,0,0,1,0
SIM_01251,FAKE_CAR_0157,YARIS13_NCP_2NZ,Toyota,Yaris 1.3 NCP9# / 2NZ-FE,2008,1.3,,,80,94.5,87.3,51.5,0.61,2692,40,13.9,0,15,0,5.9,2.78,1.92,35,0.631,0,0,0,3.23,1,6.54,0.733,71.82,44.57,27.25,34.24,13.73,rock,không rõ,0,0,0,0
SIM_01252,FAKE_CAR_0157,YARIS13_NCP_2NZ,Toyota,Yaris 1.3 NCP9# / 2NZ-FE,2008,1.3,,,80,94.5,87.3,52.2,0.61,934,0,13.9,0,9,0,2.9,2.78,1.92,50,0.5,0,0,0,4.04,1,6.54,0.733,34.61,36.38,-1.77,6.03,12.4,bolero,Lệ Quyên,0,0,0,0
SIM_01253,FAKE_CAR_0157,YARIS13_NCP_2NZ,Toyota,Yaris 1.3 NCP9# / 2NZ-FE,2008,1.3,,,80,94.5,87.3,47.4,0.61,2754,34,13.9,14,16,16,4.3,2.78,1.92,65,0.226,0,0,0,4.43,1,6.54,0.733,71.82,75.17,-3.35,4.84,12.3,rock,không rõ,0,0,1,0
SIM_01254,FAKE_CAR_0157,YARIS13_NCP_2NZ,Toyota,Yaris 1.3 NCP9# / 2NZ-FE,2008,1.3,,,80,94.5,87.3,49.7,0.61,724,0,13.9,0,0,0,6,2.78,1.92,50,0.586,0,0,0,4.19,1,6.54,0.733,27.35,30.63,-3.28,4.67,12.4,rock,không rõ,0,0,1,0
SIM_01255,FAKE_CAR_0157,YARIS13_NCP_2NZ,Toyota,Yaris 1.3 NCP9# / 2NZ-FE,2008,1.3,,,80,94.5,87.3,50.9,0.61,1911,65,13.9,13,15,0,6.2,2.78,1.92,50,0.79,0,0,0,4.56,1,6.54,0.733,60.14,59.2,0.94,9.26,13.68,pop,Hòa Minzy,0,0,0,0
SIM_01256,FAKE_CAR_0157,YARIS13_NCP_2NZ,Toyota,Yaris 1.3 NCP9# / 2NZ-FE,2008,1.3,,,80,94.5,87.3,47.1,0.61,999,0,13.9,0,8,0,5,2.78,1.92,65,0.328,0,0,0,4.71,1,6.54,0.733,36.86,38.15,-1.29,7.18,12.34,bolero,Lệ Quyên,0,0,0,0
SIM_01257,FAKE_CAR_0158,YARIS15_CA_MT,Toyota,Yaris hatchback 1.5,2008,1.5,7,6.3,80,87.4,96.8,56,0.3,2168,33,21.7,11,9,0,5.3,2.04,2.79,95,0.712,0,0,0,9.99,0,0,0.079,59.99,56.99,3,10.95,14.09,dân ca/pop,Phương Mỹ Chi,0,0,0,0
SIM_01258,FAKE_CAR_0158,YARIS15_CA_MT,Toyota,Yaris hatchback 1.5,2008,1.5,7,6.3,80,87.4,96.8,63.8,0.3,1797,48,21.7,0,5,0,5.2,2.04,2.79,65,0.222,0,0,0,5.29,0,0,0.079,53.69,37.19,16.5,19.75,14.06,instrumental,không rõ,0,0,0,0
SIM_01259,FAKE_CAR_0158,YARIS15_CA_MT,Toyota,Yaris hatchback 1.5,2008,1.5,7,6.3,80,87.4,96.8,65.5,0.3,2556,27,21.7,0,11,17,4.4,2.04,2.79,80,0.596,0,0,0,7.76,0,0,0.079,66.42,61.86,4.56,10.28,14.04,bolero,Lệ Quyên,0,0,0,0
SIM_01260,FAKE_CAR_0158,YARIS15_CA_MT,Toyota,Yaris hatchback 1.5,2008,1.5,7,6.3,80,87.4,96.8,68.1,0.3,2542,23,21.7,0,5,0,2.2,2.04,2.79,35,0.733,0,0,0,4.2,0,0,0.079,66.34,33.1,33.24,35.4,14.1,instrumental,không rõ,0,0,0,0
SIM_01261,FAKE_CAR_0158,YARIS15_CA_MT,Toyota,Yaris hatchback 1.5,2008,1.5,7,6.3,80,87.4,96.8,61.3,0.3,1791,34,21.7,0,8,0,3.4,2.04,2.79,10,0.709,0,0,0,2.97,0,0,0.079,53.59,36.07,17.52,18.45,14.14,bolero,Lệ Quyên,0,0,0,0
SIM_01262,FAKE_CAR_0158,YARIS15_CA_MT,Toyota,Yaris hatchback 1.5,2008,1.5,7,6.3,80,87.4,96.8,59.3,0.3,900,0,21.7,0,0,0,3.5,2.04,2.79,65,0.211,0,0,0,5.26,0,0,0.079,30.92,30.46,0.46,3.68,14.07,pop,Hòa Minzy,0,0,0,0
SIM_01263,FAKE_CAR_0158,YARIS15_CA_MT,Toyota,Yaris hatchback 1.5,2008,1.5,7,6.3,80,87.4,96.8,61,0.3,2539,15,21.7,0,13,0,4.2,2.04,2.79,35,0.647,0,0,0,4.11,0,0,0.079,66.29,43.01,23.28,25.35,14.04,pop,Hòa Minzy,0,0,0,0
SIM_01264,FAKE_CAR_0158,YARIS15_CA_MT,Toyota,Yaris hatchback 1.5,2008,1.5,7,6.3,80,87.4,96.8,63.2,0.3,2133,19,21.7,12,16,12,2.1,2.04,2.79,80,0.53,0,0,0,7.51,0,0,0.079,59.39,71.31,-11.92,-6.45,12.5,rock,không rõ,0,0,1,0
SIM_01265,FAKE_CAR_0159,YARIS15_CA_AT,Toyota,Yaris hatchback 1.5,2008,1.5,7,6.4,80,99.2,96.9,39.3,0.48,2122,61,17.4,0,16,18,5,2.58,2.1,95,0.599,1,28,26.06,8.72,0,0,0.027,67.2,91.18,-23.98,8.22,12.23,dân ca/pop,Phương Mỹ Chi,0,0,1,1
SIM_01266,FAKE_CAR_0159,YARIS15_CA_AT,Toyota,Yaris hatchback 1.5,2008,1.5,7,6.4,80,99.2,96.9,31.5,0.48,843,0,17.4,0,5,16,6.5,2.58,2.1,35,0.441,1,28,7.21,3.22,0,0,0.027,33.03,55.33,-22.3,-14.45,12.21,pop,Hòa Minzy,0,0,1,0
SIM_01267,FAKE_CAR_0159,YARIS15_CA_AT,Toyota,Yaris hatchback 1.5,2008,1.5,7,6.4,80,99.2,96.9,30.3,0.48,762,0,17.4,8,0,18,7.8,2.58,2.1,65,0.869,1,28,19.07,6.38,0,0,0.027,30.09,76.65,-46.56,-23.69,11.67,instrumental,không rõ,0,0,1,0
SIM_01268,FAKE_CAR_0159,YARIS15_CA_AT,Toyota,Yaris hatchback 1.5,2008,1.5,7,6.4,80,99.2,96.9,34.1,0.48,876,0,17.4,0,5,17,5.5,2.58,2.1,65,0.302,1,28,12.32,4.82,0,0,0.027,34.23,62.04,-27.81,-13.25,12.1,pop,Hòa Minzy,0,0,1,0
SIM_01269,FAKE_CAR_0159,YARIS15_CA_AT,Toyota,Yaris hatchback 1.5,2008,1.5,7,6.4,80,99.2,96.9,34.7,0.48,2477,56,17.4,0,0,0,5.4,2.58,2.1,95,0.641,1,28,26.88,8.94,0,0,0.027,74.04,58.62,15.42,48.66,14.12,dân ca/pop,Phương Mỹ Chi,0,0,0,1
SIM_01270,FAKE_CAR_0159,YARIS15_CA_AT,Toyota,Yaris hatchback 1.5,2008,1.5,7,6.4,80,99.2,96.9,38.1,0.48,927,0,17.4,0,0,15,5,2.58,2.1,50,0.295,1,28,9,3.85,0,0,0.027,36.08,50.25,-14.17,-3.9,12.52,bolero,Lệ Quyên,0,0,1,0
SIM_01271,FAKE_CAR_0159,YARIS15_CA_AT,Toyota,Yaris hatchback 1.5,2008,1.5,7,6.4,80,99.2,96.9,30.3,0.48,2500,24,17.4,8,5,0,7.8,2.58,2.1,10,0.259,1,28,3.16,2.22,0,0,0.027,74.49,43.58,30.91,33.71,14.13,rock,không rõ,0,0,0,0
SIM_01272,FAKE_CAR_0159,YARIS15_CA_AT,Toyota,Yaris hatchback 1.5,2008,1.5,7,6.4,80,99.2,96.9,26.7,0.48,2835,43,17.4,0,13,0,4.5,2.58,2.1,65,0.249,1,28,11.69,4.68,0,0,0.027,75.39,51.27,24.12,37.91,14.08,dân ca/pop,Phương Mỹ Chi,0,0,0,0
SIM_01273,FAKE_CAR_0160,YARIS10_UK_MT,Toyota,Yaris hatchback 1.0 VVT-i,2008,1,6.4,5.4,80,92.6,40.7,28.3,0.72,840,0,13.7,0,5,0,4.5,1.4,1.91,10,0.379,0,0,0,2.04,0,0,0.141,30.73,25.24,5.49,6.13,14.13,bolero,Lệ Quyên,0,0,0,0
SIM_01274,FAKE_CAR_0160,YARIS10_UK_MT,Toyota,Yaris hatchback 1.0 VVT-i,2008,1,6.4,5.4,80,92.6,40.7,26.8,0.72,858,0,13.7,0,5,15,7.4,1.4,1.91,80,0.629,0,0,0,7.01,0,0,0.141,31.34,48.11,-16.77,-11.16,12.29,pop,Hòa Minzy,0,0,1,0
SIM_01275,FAKE_CAR_0160,YARIS10_UK_MT,Toyota,Yaris hatchback 1.0 VVT-i,2008,1,6.4,5.4,80,92.6,40.7,39.1,0.72,792,0,13.7,0,5,0,5.1,1.4,1.91,35,0.732,0,0,0,3.32,0,0,0.141,29.11,27.12,1.99,3.91,14.02,instrumental,không rõ,0,0,0,0
SIM_01276,FAKE_CAR_0160,YARIS10_UK_MT,Toyota,Yaris hatchback 1.0 VVT-i,2008,1,6.4,5.4,80,92.6,40.7,32.8,0.72,836,0,13.7,14,15,11,7.8,1.4,1.91,35,0.317,0,0,0,2.91,0,0,0.141,30.6,64.41,-33.81,-32.3,11.91,pop,Hòa Minzy,0,0,0,0
SIM_01277,FAKE_CAR_0160,YARIS10_UK_MT,Toyota,Yaris hatchback 1.0 VVT-i,2008,1,6.4,5.4,80,92.6,40.7,37.8,0.72,959,0,13.7,0,11,13,6.8,1.4,1.91,95,0.753,0,0,0,9.32,0,0,0.141,34.76,53.82,-19.06,-11.14,12.32,pop,Hòa Minzy,0,0,1,0
SIM_01278,FAKE_CAR_0160,YARIS10_UK_MT,Toyota,Yaris hatchback 1.0 VVT-i,2008,1,6.4,5.4,80,92.6,40.7,35.6,0.72,930,0,13.7,0,10,17,7,1.4,1.91,20,0.851,0,0,0,2.52,0,0,0.141,33.78,50.22,-16.44,-15.32,12.33,nhạc trẻ,Lam Trường,0,0,0,0
SIM_01279,FAKE_CAR_0160,YARIS10_UK_MT,Toyota,Yaris hatchback 1.0 VVT-i,2008,1,6.4,5.4,80,92.6,40.7,39.5,0.72,946,0,13.7,10,10,0,8.3,1.4,1.91,35,0.555,0,0,0,3.14,0,0,0.141,34.32,45.14,-10.82,-9.08,12.51,nhạc trẻ,Lam Trường,0,0,0,0
SIM_01280,FAKE_CAR_0160,YARIS10_UK_MT,Toyota,Yaris hatchback 1.0 VVT-i,2008,1,6.4,5.4,80,92.6,40.7,31.1,0.72,2169,21,13.7,0,0,11,8.2,1.4,1.91,65,0.289,0,0,0,4.6,0,0,0.141,63.57,37.5,26.07,29.27,14.07,dân ca/pop,Phương Mỹ Chi,0,0,0,0
SIM_01281,FAKE_CAR_0161,AYGO10_UK_MT,Toyota,Aygo hatchback 1.0 VVT-i,2008,1,5.5,4.6,65,85.7,85.4,48.3,0.69,2130,32,22.2,12,5,0,6.5,2.53,2.83,80,0.301,1,55,31.52,6.66,0,0,0.377,47.28,83.88,-36.6,-0.95,11.65,nhạc trẻ,Lam Trường,0,0,1,0
SIM_01282,FAKE_CAR_0161,AYGO10_UK_MT,Toyota,Aygo hatchback 1.0 VVT-i,2008,1,5.5,4.6,65,85.7,85.4,45.5,0.69,886,0,22.2,0,0,0,3.9,2.53,2.83,65,0.664,1,55,32.66,6.55,0,0,0.377,24.28,65.31,-41.03,-4.35,11.58,nhạc trẻ,Lam Trường,0,0,1,0
SIM_01283,FAKE_CAR_0161,AYGO10_UK_MT,Toyota,Aygo hatchback 1.0 VVT-i,2008,1,5.5,4.6,65,85.7,85.4,47.9,0.69,2600,43,22.2,0,16,17,5.2,2.53,2.83,35,0.841,1,55,18.98,4.34,0,0,0.377,52.92,83.72,-30.8,-10.01,11.86,pop,Hòa Minzy,0,0,1,0
SIM_01284,FAKE_CAR_0161,AYGO10_UK_MT,Toyota,Aygo hatchback 1.0 VVT-i,2008,1,5.5,4.6,65,85.7,85.4,47.9,0.69,2248,61,22.2,0,5,0,5.2,2.53,2.83,65,0.545,1,55,29.88,6.22,0,0,0.377,48.87,68.5,-19.63,13.94,12.07,rock,không rõ,0,0,1,0
SIM_01285,FAKE_CAR_0161,AYGO10_UK_MT,Toyota,Aygo hatchback 1.0 VVT-i,2008,1,5.5,4.6,65,85.7,85.4,46.8,0.69,992,0,22.2,13,5,18,4.8,2.53,2.83,35,0.557,1,55,15.55,4.06,0,0,0.377,26.98,82.61,-55.63,-38.55,11.19,nhạc trẻ,Lam Trường,0,0,1,0
SIM_01286,FAKE_CAR_0161,AYGO10_UK_MT,Toyota,Aygo hatchback 1.0 VVT-i,2008,1,5.5,4.6,65,85.7,85.4,51.8,0.69,867,0,22.2,0,5,0,6.2,2.53,2.83,65,0.438,1,55,27.38,5.93,0,0,0.377,23.8,66.71,-42.91,-12.13,11.56,dân ca/pop,Phương Mỹ Chi,0,0,1,0
SIM_01287,FAKE_CAR_0161,AYGO10_UK_MT,Toyota,Aygo hatchback 1.0 VVT-i,2008,1,5.5,4.6,65,85.7,85.4,45.3,0.69,807,0,22.2,0,5,0,3.2,2.53,2.83,65,0.508,1,55,29.02,6.12,0,0,0.377,22.27,65.54,-43.27,-10.66,11.51,bolero,Lệ Quyên,0,0,1,0
SIM_01288,FAKE_CAR_0161,AYGO10_UK_MT,Toyota,Aygo hatchback 1.0 VVT-i,2008,1,5.5,4.6,65,85.7,85.4,53.5,0.69,845,0,22.2,0,10,0,5.4,2.53,2.83,95,0.762,1,55,57.45,10,0,0,0.377,23.24,105.05,-81.81,-16.89,11,nhạc trẻ,Lam Trường,0,0,1,0
SIM_01289,FAKE_CAR_0162,AURIS14_UK_MT,Toyota,Auris hatchback 1.4 VVT-i,2008,1.4,8.7,6.9,100,92.1,94.4,68.8,0.31,2315,49,13.9,0,11,0,1.7,2.41,2.71,20,0.828,0,0,0,3.31,0,0,0.086,82.3,29.91,52.39,53.29,14.15,nhạc trẻ,Lam Trường,0,0,0,0
SIM_01290,FAKE_CAR_0162,AURIS14_UK_MT,Toyota,Auris hatchback 1.4 VVT-i,2008,1.4,8.7,6.9,100,92.1,94.4,69.3,0.31,994,0,13.9,0,0,16,1.9,2.41,2.71,95,0.324,0,0,0,7.91,0,0,0.086,44.69,39.71,4.98,10.48,14.05,rock,không rõ,0,0,0,0
SIM_01291,FAKE_CAR_0162,AURIS14_UK_MT,Toyota,Auris hatchback 1.4 VVT-i,2008,1.4,8.7,6.9,100,92.1,94.4,75.5,0.31,2307,39,13.9,0,0,15,4.8,2.41,2.71,10,0.853,0,0,0,2.9,0,0,0.086,82.13,36.6,45.53,46.02,14.03,rock,không rõ,0,0,0,0
SIM_01292,FAKE_CAR_0162,AURIS14_UK_MT,Toyota,Auris hatchback 1.4 VVT-i,2008,1.4,8.7,6.9,100,92.1,94.4,79.7,0.31,2163,14,13.9,0,5,15,2,2.41,2.71,80,0.671,0,0,0,7.97,0,0,0.086,78.9,43.87,35.03,40.59,14.15,instrumental,không rõ,0,0,0,0
SIM_01293,FAKE_CAR_0162,AURIS14_UK_MT,Toyota,Auris hatchback 1.4 VVT-i,2008,1.4,8.7,6.9,100,92.1,94.4,77.2,0.31,2831,39,13.9,0,0,0,1.9,2.41,2.71,10,0.542,0,0,0,2.86,0,0,0.086,87.5,18.66,68.84,69.29,14.09,bolero,Lệ Quyên,0,0,0,0
SIM_01294,FAKE_CAR_0162,AURIS14_UK_MT,Toyota,Auris hatchback 1.4 VVT-i,2008,1.4,8.7,6.9,100,92.1,94.4,78.3,0.31,2233,44,13.9,0,14,10,2,2.41,2.71,95,0.688,0,0,0,9.79,0,0,0.086,80.47,49.69,30.78,38.16,14.07,dân ca/pop,Phương Mỹ Chi,0,0,0,0
SIM_01295,FAKE_CAR_0162,AURIS14_UK_MT,Toyota,Auris hatchback 1.4 VVT-i,2008,1.4,8.7,6.9,100,92.1,94.4,70.5,0.31,1807,38,13.9,9,8,0,3.7,2.41,2.71,35,0.357,0,0,0,3.74,0,0,0.086,70.94,38.34,32.6,33.93,14.08,pop,Hòa Minzy,0,0,0,0
SIM_01296,FAKE_CAR_0162,AURIS14_UK_MT,Toyota,Auris hatchback 1.4 VVT-i,2008,1.4,8.7,6.9,100,92.1,94.4,70.4,0.31,2828,38,13.9,10,14,9,3.9,2.41,2.71,35,0.289,0,0,0,3.68,0,0,0.086,87.5,54.48,33.02,34.29,14.03,bolero,Lệ Quyên,0,0,0,0
SIM_01297,FAKE_CAR_0163,AURIS16_UK_MT,Toyota,Auris hatchback 1.6 VVT-i,2008,1.6,9,7.1,100,95.2,80.5,51.4,0.64,794,0,18.2,0,16,0,4.1,2.28,1.73,65,0.438,1,90,44.81,4.83,1,7.52,0.003,37.49,95.46,-57.97,-3.09,11.43,nhạc trẻ,Lam Trường,0,0,1,0
SIM_01298,FAKE_CAR_0163,AURIS16_UK_MT,Toyota,Auris hatchback 1.6 VVT-i,2008,1.6,9,7.1,100,95.2,80.5,47.1,0.64,855,0,18.2,0,12,0,5.8,2.28,1.73,35,0.586,1,90,26.02,2.99,1,7.52,0.003,40.15,72.53,-32.38,1.87,12.01,rock,không rõ,0,0,1,0
SIM_01299,FAKE_CAR_0163,AURIS16_UK_MT,Toyota,Auris hatchback 1.6 VVT-i,2008,1.6,9,7.1,100,95.2,80.5,49.3,0.64,949,0,18.2,0,8,0,3.4,2.28,1.73,80,0.274,1,90,50.23,5.46,1,7.52,0.003,44.24,92.81,-48.57,12.36,11.66,rock,không rõ,0,0,1,0
SIM_01300,FAKE_CAR_0163,AURIS16_UK_MT,Toyota,Auris hatchback 1.6 VVT-i,2008,1.6,9,7.1,100,95.2,80.5,53.2,0.64,1690,28,18.2,0,5,0,4.8,2.28,1.73,65,0.746,1,90,56.59,5.67,1,7.52,0.003,70.62,97.78,-27.16,40.34,12.19,dân ca/pop,Phương Mỹ Chi,0,0,1,0
SIM_01301,FAKE_CAR_0163,AURIS16_UK_MT,Toyota,Auris hatchback 1.6 VVT-i,2008,1.6,9,7.1,100,95.2,80.5,49,0.64,894,0,18.2,0,12,0,3.3,2.28,1.73,95,0.252,1,90,61.95,6.56,1,7.52,0.003,41.84,109.53,-67.69,6.06,11.17,instrumental,không rõ,0,0,1,0
SIM_01302,FAKE_CAR_0163,AURIS16_UK_MT,Toyota,Auris hatchback 1.6 VVT-i,2008,1.6,9,7.1,100,95.2,80.5,51.9,0.64,807,0,18.2,12,16,0,5.8,2.28,1.73,50,0.417,1,90,32.38,3.7,1,7.52,0.003,38.06,95.6,-57.54,-16.22,11.35,rock,không rõ,0,0,1,0
SIM_01303,FAKE_CAR_0163,AURIS16_UK_MT,Toyota,Auris hatchback 1.6 VVT-i,2008,1.6,9,7.1,100,95.2,80.5,55,0.64,2376,50,18.2,10,11,0,4.6,2.28,1.73,65,0.716,1,90,55.44,5.59,1,7.52,0.003,86.49,112.35,-25.86,40.41,12.15,instrumental,không rõ,0,0,1,0
SIM_01304,FAKE_CAR_0163,AURIS16_UK_MT,Toyota,Auris hatchback 1.6 VVT-i,2008,1.6,9,7.1,100,95.2,80.5,44.7,0.64,2690,46,18.2,0,16,15,5.9,2.28,1.73,80,0.751,1,90,74.02,7.3,1,7.52,0.003,90.44,143.94,-53.5,33.06,11.52,bolero,Lệ Quyên,0,0,1,0
SIM_01305,FAKE_CAR_0164,AVENSIS18_UK_MT,Toyota,Avensis sedan/hatch 1.8 VVT-i,2008,1.8,9.4,7.2,120,90.8,46.8,41.1,0.13,1686,28,13.7,0,16,0,7.3,3.1,3.17,20,0.795,0,0,0,3.75,0,0,0.048,80.73,40.75,39.98,40.63,14.08,pop,Hòa Minzy,0,0,0,0
SIM_01306,FAKE_CAR_0164,AVENSIS18_UK_MT,Toyota,Avensis sedan/hatch 1.8 VVT-i,2008,1.8,9.4,7.2,120,90.8,46.8,32.8,0.13,2546,22,13.7,0,5,0,4.8,3.1,3.17,50,0.528,0,0,0,5.34,0,0,0.048,103.48,28.84,74.64,76.88,14.11,dân ca/pop,Phương Mỹ Chi,0,0,0,0
SIM_01307,FAKE_CAR_0164,AVENSIS18_UK_MT,Toyota,Avensis sedan/hatch 1.8 VVT-i,2008,1.8,9.4,7.2,120,90.8,46.8,38,0.13,2929,12,13.7,0,9,0,7.4,3.1,3.17,80,0.456,0,0,0,7.6,0,0,0.048,103.51,37.7,65.81,70.31,14.16,bolero,Lệ Quyên,0,0,0,0
SIM_01308,FAKE_CAR_0164,AVENSIS18_UK_MT,Toyota,Avensis sedan/hatch 1.8 VVT-i,2008,1.8,9.4,7.2,120,90.8,46.8,35.2,0.13,2532,50,13.7,0,15,0,6.8,3.1,3.17,20,0.828,0,0,0,3.77,0,0,0.048,103.11,39.27,63.84,64.51,14.12,pop,Hòa Minzy,0,0,0,0
SIM_01309,FAKE_CAR_0164,AVENSIS18_UK_MT,Toyota,Avensis sedan/hatch 1.8 VVT-i,2008,1.8,9.4,7.2,120,90.8,46.8,32.4,0.13,2133,23,13.7,13,0,0,6.4,3.1,3.17,10,0.245,0,0,0,3.29,0,0,0.048,92.56,36.39,56.17,56.36,14.11,bolero,Lệ Quyên,0,0,0,0
SIM_01310,FAKE_CAR_0164,AVENSIS18_UK_MT,Toyota,Avensis sedan/hatch 1.8 VVT-i,2008,1.8,9.4,7.2,120,90.8,46.8,40.8,0.13,2621,42,13.7,0,0,0,5.8,3.1,3.17,80,0.344,0,0,0,7.17,0,0,0.048,103.51,26.67,76.84,80.91,14.14,instrumental,không rõ,0,0,0,0
SIM_01311,FAKE_CAR_0164,AVENSIS18_UK_MT,Toyota,Avensis sedan/hatch 1.8 VVT-i,2008,1.8,9.4,7.2,120,90.8,46.8,36.3,0.13,906,0,13.7,12,12,0,5.4,3.1,3.17,65,0.695,0,0,0,6.97,0,0,0.048,48.49,50.07,-1.58,2.29,12.81,bolero,Lệ Quyên,0,0,0,0
SIM_01312,FAKE_CAR_0164,AVENSIS18_UK_MT,Toyota,Avensis sedan/hatch 1.8 VVT-i,2008,1.8,9.4,7.2,120,90.8,46.8,38.8,0.13,779,0,13.7,0,13,0,5.4,3.1,3.17,95,0.487,0,0,0,9.21,0,0,0.048,42.16,41.31,0.85,6.96,14.16,pop,Hòa Minzy,0,0,0,0
SIM_01313,FAKE_CAR_0165,RAV4_20_UK_MT,Toyota,RAV4 2.0 VVT-i,2008,2,11,8.6,120,97.8,98,47.2,0.54,2247,38,13.3,0,5,0,6.6,1.71,2.05,35,0.316,0,0,0,3.04,0,0,0.313,102.94,27.94,75,76.33,13.99,rock,không rõ,0,0,0,0
SIM_01314,FAKE_CAR_0165,RAV4_20_UK_MT,Toyota,RAV4 2.0 VVT-i,2008,2,11,8.6,120,97.8,98,54,0.54,941,0,13.3,0,5,0,4.9,1.71,2.05,50,0.278,0,0,0,3.77,0,0,0.313,54.11,26.97,27.14,29.2,13.91,rock,không rõ,0,0,0,0
SIM_01315,FAKE_CAR_0165,RAV4_20_UK_MT,Toyota,RAV4 2.0 VVT-i,2008,2,11,8.6,120,97.8,98,49.1,0.54,897,0,13.3,11,9,0,6.2,1.71,2.05,20,0.833,0,0,0,2.65,0,0,0.313,51.75,42.15,9.6,10.54,13.97,pop,Hòa Minzy,0,0,0,0
SIM_01316,FAKE_CAR_0165,RAV4_20_UK_MT,Toyota,RAV4 2.0 VVT-i,2008,2,11,8.6,120,97.8,98,53.2,0.54,926,0,13.3,8,11,0,6.4,1.71,2.05,80,0.448,0,0,0,6.45,0,0,0.313,53.3,45.15,8.15,12.89,13.91,rock,không rõ,0,0,0,0
SIM_01317,FAKE_CAR_0165,RAV4_20_UK_MT,Toyota,RAV4 2.0 VVT-i,2008,2,11,8.6,120,97.8,98,50.4,0.54,834,0,13.3,0,14,0,5.4,1.71,2.05,65,0.259,0,0,0,4.65,0,0,0.313,48.37,37.35,11.02,13.96,13.95,bolero,Lệ Quyên,0,0,0,0
SIM_01318,FAKE_CAR_0165,RAV4_20_UK_MT,Toyota,RAV4 2.0 VVT-i,2008,2,11,8.6,120,97.8,98,44.8,0.54,737,0,13.3,9,16,0,3.4,1.71,2.05,95,0.434,0,0,0,7.82,0,0,0.313,43.16,49.52,-6.36,-0.25,12.44,pop,Hòa Minzy,0,0,1,0
SIM_01319,FAKE_CAR_0165,RAV4_20_UK_MT,Toyota,RAV4 2.0 VVT-i,2008,2,11,8.6,120,97.8,98,56.4,0.54,725,0,13.3,0,0,0,5.4,1.71,2.05,95,0.418,0,0,0,7.74,0,0,0.313,42.52,26.44,16.08,22.11,14,bolero,Lệ Quyên,0,0,0,0
SIM_01320,FAKE_CAR_0165,RAV4_20_UK_MT,Toyota,RAV4 2.0 VVT-i,2008,2,11,8.6,120,97.8,98,54.4,0.54,998,0,13.3,0,8,0,3.3,1.71,2.05,10,0.453,0,0,0,2.19,0,0,0.313,57.16,26.79,30.37,30.85,13.97,instrumental,không rõ,0,0,0,0
SIM_01321,FAKE_CAR_0166,MAZDA2_13_UK_MT,Mazda,Mazda2 hatchback 1.3 MZR 86ps 5 cửa,2008,1.349,6.9,5.2,90,92.1,86.8,30,0.51,952,0,22.1,14,5,0,7.6,2.92,1.9,80,0.466,0,0,0,6.37,0,0,0.071,38.63,55.07,-16.44,-12.99,12.45,nhạc trẻ,Lam Trường,0,0,0,0
SIM_01322,FAKE_CAR_0166,MAZDA2_13_UK_MT,Mazda,Mazda2 hatchback 1.3 MZR 86ps 5 cửa,2008,1.349,6.9,5.2,90,92.1,86.8,36.6,0.51,2296,23,22.1,0,12,17,6.3,2.92,1.9,80,0.765,0,0,0,7.53,0,0,0.071,73.69,64.93,8.76,13.37,14.17,bolero,Lệ Quyên,0,0,0,0
SIM_01323,FAKE_CAR_0166,MAZDA2_13_UK_MT,Mazda,Mazda2 hatchback 1.3 MZR 86ps 5 cửa,2008,1.349,6.9,5.2,90,92.1,86.8,31.8,0.51,1691,64,22.1,10,0,0,5.6,2.92,1.9,35,0.335,0,0,0,2.91,0,0,0.071,61.51,40.61,20.9,20.89,14.07,pop,Hòa Minzy,0,0,0,0
SIM_01324,FAKE_CAR_0166,MAZDA2_13_UK_MT,Mazda,Mazda2 hatchback 1.3 MZR 86ps 5 cửa,2008,1.349,6.9,5.2,90,92.1,86.8,28.3,0.51,889,0,22.1,8,5,0,5.9,2.92,1.9,20,0.753,0,0,0,2.47,0,0,0.071,36.24,43.47,-7.23,-7.68,12.68,instrumental,không rõ,0,0,0,0
SIM_01325,FAKE_CAR_0166,MAZDA2_13_UK_MT,Mazda,Mazda2 hatchback 1.3 MZR 86ps 5 cửa,2008,1.349,6.9,5.2,90,92.1,86.8,29.6,0.51,2080,36,22.1,0,0,0,5.9,2.92,1.9,50,0.202,0,0,0,3.49,0,0,0.071,69.34,31.49,37.85,38.42,14.1,dân ca/pop,Phương Mỹ Chi,0,0,0,0
SIM_01326,FAKE_CAR_0166,MAZDA2_13_UK_MT,Mazda,Mazda2 hatchback 1.3 MZR 86ps 5 cửa,2008,1.349,6.9,5.2,90,92.1,86.8,27.7,0.51,2196,58,22.1,0,0,0,6.8,2.92,1.9,10,0.227,0,0,0,2.01,0,0,0.071,71.68,30.91,40.77,39.86,14.05,dân ca/pop,Phương Mỹ Chi,0,0,0,0
SIM_01327,FAKE_CAR_0166,MAZDA2_13_UK_MT,Mazda,Mazda2 hatchback 1.3 MZR 86ps 5 cửa,2008,1.349,6.9,5.2,90,92.1,86.8,29.5,0.51,2094,21,22.1,12,5,0,5.5,2.92,1.9,80,0.673,0,0,0,7.17,0,0,0.071,69.63,51.77,17.86,22.11,14.15,bolero,Lệ Quyên,0,0,0,0
SIM_01328,FAKE_CAR_0166,MAZDA2_13_UK_MT,Mazda,Mazda2 hatchback 1.3 MZR 86ps 5 cửa,2008,1.349,6.9,5.2,90,92.1,86.8,31.5,0.51,2632,52,22.1,0,5,0,8.4,2.92,1.9,50,0.615,0,0,0,4.22,0,0,0.071,78.75,39.72,39.03,40.33,14.08,dân ca/pop,Phương Mỹ Chi,0,0,0,0
SIM_01329,FAKE_CAR_0167,MAZDA2_15_UK_MT,Mazda,Mazda2 hatchback 1.5 MZR 103ps,2008,1.498,7.6,5.7,90,96.6,85.2,53.7,0.78,873,0,17.1,0,5,10,5,2.4,2.18,20,0.378,0,0,0,2.6,1,6.45,0.077,37.38,46.15,-8.77,-2.12,12.55,rock,không rõ,0,0,1,0
SIM_01330,FAKE_CAR_0167,MAZDA2_15_UK_MT,Mazda,Mazda2 hatchback 1.5 MZR 103ps,2008,1.498,7.6,5.7,90,96.6,85.2,55.7,0.78,958,0,17.1,0,5,0,5.2,2.4,2.18,35,0.407,0,0,0,3.26,1,6.45,0.077,40.76,37.01,3.75,11.06,14.13,nhạc trẻ,Lam Trường,0,0,0,0
SIM_01331,FAKE_CAR_0167,MAZDA2_15_UK_MT,Mazda,Mazda2 hatchback 1.5 MZR 103ps,2008,1.498,7.6,5.7,90,96.6,85.2,47,0.78,919,0,17.1,11,5,0,5.2,2.4,2.18,65,0.861,0,0,0,6.44,1,6.45,0.077,39.21,51.19,-11.98,-1.49,12.5,dân ca/pop,Phương Mỹ Chi,0,0,1,0
SIM_01332,FAKE_CAR_0167,MAZDA2_15_UK_MT,Mazda,Mazda2 hatchback 1.5 MZR 103ps,2008,1.498,7.6,5.7,90,96.6,85.2,48.1,0.78,726,0,17.1,0,5,0,4.3,2.4,2.18,35,0.659,0,0,0,3.51,1,6.45,0.077,31.54,36.36,-4.82,2.74,12.67,bolero,Lệ Quyên,0,0,1,0
SIM_01333,FAKE_CAR_0167,MAZDA2_15_UK_MT,Mazda,Mazda2 hatchback 1.5 MZR 103ps,2008,1.498,7.6,5.7,90,96.6,85.2,50.8,0.78,754,0,17.1,0,9,12,4.8,2.4,2.18,80,0.859,0,0,0,8.17,1,6.45,0.077,32.65,57.52,-24.87,-12.65,12.16,rock,không rõ,0,0,1,0
SIM_01334,FAKE_CAR_0167,MAZDA2_15_UK_MT,Mazda,Mazda2 hatchback 1.5 MZR 103ps,2008,1.498,7.6,5.7,90,96.6,85.2,47.6,0.78,827,0,17.1,0,10,0,4.5,2.4,2.18,65,0.513,0,0,0,5.48,1,6.45,0.077,35.55,43.53,-7.98,1.55,12.54,nhạc trẻ,Lam Trường,0,0,1,0
SIM_01335,FAKE_CAR_0167,MAZDA2_15_UK_MT,Mazda,Mazda2 hatchback 1.5 MZR 103ps,2008,1.498,7.6,5.7,90,96.6,85.2,48.7,0.78,912,0,17.1,0,15,12,3.3,2.4,2.18,95,0.71,0,0,0,9.37,1,6.45,0.077,38.93,63.22,-24.29,-10.87,12.23,pop,Hòa Minzy,0,0,1,0
SIM_01336,FAKE_CAR_0167,MAZDA2_15_UK_MT,Mazda,Mazda2 hatchback 1.5 MZR 103ps,2008,1.498,7.6,5.7,90,96.6,85.2,55.7,0.78,2681,52,17.1,0,0,13,4.4,2.4,2.18,50,0.444,0,0,0,4.2,1,6.45,0.077,82.59,45.15,37.44,45.69,14.04,rock,không rõ,0,0,0,0
SIM_01337,FAKE_CAR_0168,HONDA_FIT15_CA_MT,Honda,Fit hatchback 1.5 DX,2008,1.5,7.1,6.5,85,75,91.4,69.7,0.76,724,0,12.1,0,15,0,3.8,2.81,2.66,20,0.278,0,0,0,3.04,0,0,0.131,23.07,33.94,-10.87,-10.64,12.56,nhạc trẻ,Lam Trường,0,0,0,0
SIM_01338,FAKE_CAR_0168,HONDA_FIT15_CA_MT,Honda,Fit hatchback 1.5 DX,2008,1.5,7.1,6.5,85,75,91.4,72.4,0.76,749,0,12.1,0,5,12,3.6,2.81,2.66,80,0.221,0,0,0,6.18,0,0,0.131,23.8,38.88,-15.08,-11.71,12.36,nhạc trẻ,Lam Trường,0,0,0,0
SIM_01339,FAKE_CAR_0168,HONDA_FIT15_CA_MT,Honda,Fit hatchback 1.5 DX,2008,1.5,7.1,6.5,85,75,91.4,72.4,0.76,980,0,12.1,13,14,14,4.9,2.81,2.66,50,0.743,0,0,0,5.21,0,0,0.131,30.53,63.21,-32.68,-30.28,11.97,rock,không rõ,0,0,0,0
SIM_01340,FAKE_CAR_0168,HONDA_FIT15_CA_MT,Honda,Fit hatchback 1.5 DX,2008,1.5,7.1,6.5,85,75,91.4,80.4,0.76,987,0,12.1,0,0,0,4.8,2.81,2.66,65,0.678,0,0,0,6.42,0,0,0.131,30.73,23.32,7.41,11.02,14.07,rock,không rõ,0,0,0,0
SIM_01341,FAKE_CAR_0168,HONDA_FIT15_CA_MT,Honda,Fit hatchback 1.5 DX,2008,1.5,7.1,6.5,85,75,91.4,81.6,0.76,970,0,12.1,8,5,0,3,2.81,2.66,65,0.792,0,0,0,6.73,0,0,0.131,30.24,34.83,-4.59,-0.67,12.72,bolero,Lệ Quyên,0,0,1,0
SIM_01342,FAKE_CAR_0168,HONDA_FIT15_CA_MT,Honda,Fit hatchback 1.5 DX,2008,1.5,7.1,6.5,85,75,91.4,80.3,0.76,2957,53,12.1,0,5,0,1.5,2.81,2.66,95,0.204,0,0,0,7.25,0,0,0.131,60.56,25.85,34.71,39.15,14.07,rock,không rõ,0,0,0,0
SIM_01343,FAKE_CAR_0168,HONDA_FIT15_CA_MT,Honda,Fit hatchback 1.5 DX,2008,1.5,7.1,6.5,85,75,91.4,82.9,0.76,955,0,12.1,0,5,0,3.9,2.81,2.66,80,0.42,0,0,0,6.95,0,0,0.131,29.8,27.95,1.85,5.99,14.02,instrumental,không rõ,0,0,0,0
SIM_01344,FAKE_CAR_0168,HONDA_FIT15_CA_MT,Honda,Fit hatchback 1.5 DX,2008,1.5,7.1,6.5,85,75,91.4,78.7,0.76,2264,25,12.1,0,9,15,4.8,2.81,2.66,65,0.517,0,0,0,5.97,0,0,0.131,56.18,46.87,9.31,12.47,14.06,dân ca/pop,Phương Mỹ Chi,0,0,0,0
SIM_01345,FAKE_CAR_0169,YARIS13_UK_MT,Toyota,Yaris hatchback 1.3 VVT-i,2008,1.3,7.2,6,75,91.6,90.5,51,0.45,880,0,20.2,0,15,11,3.9,3.05,3.12,65,0.432,1,55,27.24,6.2,0,0,0.042,29.76,83.54,-53.78,-23.39,11.49,nhạc trẻ,Lam Trường,1,1,1,1
SIM_01346,FAKE_CAR_0169,YARIS13_UK_MT,Toyota,Yaris hatchback 1.3 VVT-i,2008,1.3,7.2,6,75,91.6,90.5,58.4,0.45,1753,24,20.2,11,0,17,3.7,3.05,3.12,95,0.41,1,55,43.93,8.77,0,0,0.042,52.02,104.6,-52.58,-2.93,11.54,instrumental,không rõ,1,0,1,1
SIM_01347,FAKE_CAR_0169,YARIS13_UK_MT,Toyota,Yaris hatchback 1.3 VVT-i,2008,1.3,7.2,6,75,91.6,90.5,50.1,0.45,893,0,20.2,11,5,12,3.6,3.05,3.12,65,0.861,1,55,37.27,7.38,0,0,0.042,30.17,96.45,-66.28,-24.68,11.13,instrumental,không rõ,1,0,1,1
SIM_01348,FAKE_CAR_0169,YARIS13_UK_MT,Toyota,Yaris hatchback 1.3 VVT-i,2008,1.3,7.2,6,75,91.6,90.5,62.6,0.45,872,0,20.2,0,15,0,3,3.05,3.12,80,0.206,1,55,28.63,6.58,0,0,0.042,29.51,73.41,-43.9,-11.74,11.74,bolero,Lệ Quyên,1,0,1,1
SIM_01349,FAKE_CAR_0169,YARIS13_UK_MT,Toyota,Yaris hatchback 1.3 VVT-i,2008,1.3,7.2,6,75,91.6,90.5,56.3,0.45,849,0,20.2,0,0,0,6.5,3.05,3.12,20,0.548,1,55,10.37,3.61,0,0,0.042,28.78,40.68,-11.9,-0.97,12.58,nhạc trẻ,Lam Trường,1,0,1,0
SIM_01350,FAKE_CAR_0169,YARIS13_UK_MT,Toyota,Yaris hatchback 1.3 VVT-i,2008,1.3,7.2,6,75,91.6,90.5,52.1,0.45,1619,45,20.2,0,0,0,6.2,3.05,3.12,35,0.561,1,55,15.6,4.36,0,0,0.042,49.78,46.36,3.42,20.33,14.15,instrumental,không rõ,1,0,0,1
SIM_01351,FAKE_CAR_0169,YARIS13_UK_MT,Toyota,Yaris hatchback 1.3 VVT-i,2008,1.3,7.2,6,75,91.6,90.5,52.8,0.45,905,0,20.2,10,16,0,3,3.05,3.12,80,0.631,1,55,41.58,8.23,0,0,0.042,30.54,99.01,-68.47,-21.71,11.14,rock,không rõ,1,0,1,1
SIM_01352,FAKE_CAR_0169,YARIS13_UK_MT,Toyota,Yaris hatchback 1.3 VVT-i,2008,1.3,7.2,6,75,91.6,90.5,51.8,0.45,878,0,20.2,0,16,0,3,3.05,3.12,35,0.728,1,55,17.61,4.52,0,0,0.042,29.69,61.33,-31.64,-12.56,12.05,rock,không rõ,1,1,1,0
SIM_01353,FAKE_CAR_0170,YARIS13_UK_MM,Toyota,Yaris hatchback 1.3 VVT-i,2008,1.3,6.7,5.8,85,51.2,78.2,77.2,0.34,1734,29,14.1,14,10,0,3.9,2.02,2.94,80,0.731,0,0,0,8.44,0,0,0.072,32.75,50.44,-17.69,-11.27,12.4,nhạc trẻ,Lam Trường,0,0,1,0
SIM_01354,FAKE_CAR_0170,YARIS13_UK_MM,Toyota,Yaris hatchback 1.3 VVT-i,2008,1.3,6.7,5.8,85,51.2,78.2,72.2,0.34,1852,45,14.1,0,14,0,4.7,2.02,2.94,10,0.561,0,0,0,3.1,0,0,0.072,34,35.9,-1.9,-0.82,12.71,pop,Hòa Minzy,0,0,0,0
SIM_01355,FAKE_CAR_0170,YARIS13_UK_MM,Toyota,Yaris hatchback 1.3 VVT-i,2008,1.3,6.7,5.8,85,51.2,78.2,66.7,0.34,869,0,14.1,0,0,12,3.1,2.02,2.94,10,0.841,0,0,0,3.13,0,0,0.072,18.63,32.33,-13.7,-12.59,12.45,rock,không rõ,0,0,0,0
SIM_01356,FAKE_CAR_0170,YARIS13_UK_MM,Toyota,Yaris hatchback 1.3 VVT-i,2008,1.3,6.7,5.8,85,51.2,78.2,71.6,0.34,1677,35,14.1,0,0,10,3.8,2.02,2.94,20,0.723,0,0,0,3.49,0,0,0.072,32.15,31.39,0.76,2.23,14.05,instrumental,không rõ,0,0,0,0
SIM_01357,FAKE_CAR_0170,YARIS13_UK_MM,Toyota,Yaris hatchback 1.3 VVT-i,2008,1.3,6.7,5.8,85,51.2,78.2,73.6,0.34,960,0,14.1,10,12,0,4.5,2.02,2.94,95,0.3,0,0,0,8.02,0,0,0.072,20.44,48.62,-28.18,-22.18,12.16,nhạc trẻ,Lam Trường,0,0,1,0
SIM_01358,FAKE_CAR_0170,YARIS13_UK_MM,Toyota,Yaris hatchback 1.3 VVT-i,2008,1.3,6.7,5.8,85,51.2,78.2,66.9,0.34,2503,18,14.1,0,11,0,3,2.02,2.94,50,0.801,0,0,0,5.6,0,0,0.072,40.88,33.7,7.18,10.76,14.14,bolero,Lệ Quyên,0,0,0,0
SIM_01359,FAKE_CAR_0170,YARIS13_UK_MM,Toyota,Yaris hatchback 1.3 VVT-i,2008,1.3,6.7,5.8,85,51.2,78.2,75.4,0.34,974,0,14.1,8,0,0,2.2,2.02,2.94,10,0.714,0,0,0,3.12,0,0,0.072,20.72,27.42,-6.7,-5.6,12.66,bolero,Lệ Quyên,0,0,0,0
SIM_01360,FAKE_CAR_0170,YARIS13_UK_MM,Toyota,Yaris hatchback 1.3 VVT-i,2008,1.3,6.7,5.8,85,51.2,78.2,72.9,0.34,2228,43,14.1,0,5,0,4,2.02,2.94,50,0.266,0,0,0,4.64,0,0,0.072,37.97,27.74,10.23,12.85,14.04,nhạc trẻ,Lam Trường,0,0,0,0
SIM_01361,FAKE_CAR_0171,YARIS13_NCP_2NZ,Toyota,Yaris 1.3 NCP9# / 2NZ-FE,2008,1.3,,,80,91.4,83.4,66.1,0.45,2269,63,19.1,10,10,0,3.4,1.57,2.5,80,0.846,1,12,10.5,8.44,0,0,0.495,64.53,61.44,3.09,20.46,13.89,bolero,Lệ Quyên,0,0,0,0
SIM_01362,FAKE_CAR_0171,YARIS13_NCP_2NZ,Toyota,Yaris 1.3 NCP9# / 2NZ-FE,2008,1.3,,,80,91.4,83.4,65.1,0.45,2113,19,19.1,0,5,0,5,1.57,2.5,10,0.268,1,12,1.37,2.62,0,0,0.495,61.76,33.09,28.67,31.09,13.79,bolero,Lệ Quyên,0,0,0,0
SIM_01363,FAKE_CAR_0171,YARIS13_NCP_2NZ,Toyota,Yaris 1.3 NCP9# / 2NZ-FE,2008,1.3,,,80,91.4,83.4,69.2,0.45,2549,18,19.1,0,10,0,3.2,1.57,2.5,65,0.206,1,12,4.79,4.96,0,0,0.495,69.46,42.05,27.41,35.59,13.88,rock,không rõ,0,0,0,0
SIM_01364,FAKE_CAR_0171,YARIS13_NCP_2NZ,Toyota,Yaris 1.3 NCP9# / 2NZ-FE,2008,1.3,,,80,91.4,83.4,71.4,0.45,883,0,19.1,0,0,0,1.8,1.57,2.5,35,0.412,1,12,3.01,3.59,0,0,0.495,31.77,27.5,4.27,9.3,13.86,dân ca/pop,Phương Mỹ Chi,0,0,0,0
SIM_01365,FAKE_CAR_0171,YARIS13_NCP_2NZ,Toyota,Yaris 1.3 NCP9# / 2NZ-FE,2008,1.3,,,80,91.4,83.4,68.7,0.45,2967,51,19.1,0,5,0,2.8,1.57,2.5,10,0.675,1,12,1.92,2.67,0,0,0.495,69.46,31.49,37.97,40.99,13.92,bolero,Lệ Quyên,0,0,0,0
SIM_01366,FAKE_CAR_0171,YARIS13_NCP_2NZ,Toyota,Yaris 1.3 NCP9# / 2NZ-FE,2008,1.3,,,80,91.4,83.4,76.5,0.45,2226,60,19.1,0,14,0,1.4,1.57,2.5,20,0.833,1,12,2.77,3.1,0,0,0.495,63.76,40.37,23.39,27.69,13.86,rock,không rõ,0,0,0,0
SIM_01367,FAKE_CAR_0171,YARIS13_NCP_2NZ,Toyota,Yaris 1.3 NCP9# / 2NZ-FE,2008,1.3,,,80,91.4,83.4,66.6,0.45,796,0,19.1,0,5,0,2.6,1.57,2.5,10,0.423,1,12,1.58,2.64,0,0,0.495,28.86,30.92,-2.06,0.59,12.49,bolero,Lệ Quyên,0,0,0,0
SIM_01368,FAKE_CAR_0171,YARIS13_NCP_2NZ,Toyota,Yaris 1.3 NCP9# / 2NZ-FE,2008,1.3,,,80,91.4,83.4,71.2,0.45,2378,42,19.1,0,0,17,4.2,1.57,2.5,20,0.654,1,12,2.45,3.03,0,0,0.495,66.46,45.78,20.68,24.59,13.86,nhạc trẻ,Lam Trường,0,0,0,0
SIM_01369,FAKE_CAR_0172,YARIS15_CA_MT,Toyota,Yaris hatchback 1.5,2008,1.5,7,6.3,85,94.4,80.4,70,0.7,726,0,14.1,0,5,0,1.5,2.76,2.06,20,0.702,0,0,0,2.61,0,0,0.526,29.11,23.21,5.9,5.75,13.79,bolero,Lệ Quyên,0,0,0,0
SIM_01370,FAKE_CAR_0172,YARIS15_CA_MT,Toyota,Yaris hatchback 1.5,2008,1.5,7,6.3,85,94.4,80.4,72.3,0.7,2164,59,14.1,14,11,14,4.4,2.76,2.06,80,0.44,0,0,0,6.43,0,0,0.526,68.76,63.93,4.83,8.5,13.89,bolero,Lệ Quyên,0,0,0,0
SIM_01371,FAKE_CAR_0172,YARIS15_CA_MT,Toyota,Yaris hatchback 1.5,2008,1.5,7,6.3,85,94.4,80.4,71.4,0.7,839,0,14.1,11,0,17,4.8,2.76,2.06,65,0.793,0,0,0,6.13,0,0,0.526,33.25,53.03,-19.78,-16.41,12.09,nhạc trẻ,Lam Trường,0,0,0,0
SIM_01372,FAKE_CAR_0172,YARIS15_CA_MT,Toyota,Yaris hatchback 1.5,2008,1.5,7,6.3,85,94.4,80.4,74.1,0.7,812,0,14.1,0,5,14,3.1,2.76,2.06,65,0.781,0,0,0,6.1,0,0,0.526,32.26,42.3,-10.04,-6.7,12.29,bolero,Lệ Quyên,0,0,0,0
SIM_01373,FAKE_CAR_0172,YARIS15_CA_MT,Toyota,Yaris hatchback 1.5,2008,1.5,7,6.3,85,94.4,80.4,71.6,0.7,851,0,14.1,0,5,14,3,2.76,2.06,35,0.242,0,0,0,2.98,0,0,0.526,33.69,39.08,-5.39,-5.17,12.46,nhạc trẻ,Lam Trường,0,0,0,0
SIM_01374,FAKE_CAR_0172,YARIS15_CA_MT,Toyota,Yaris hatchback 1.5,2008,1.5,7,6.3,85,94.4,80.4,75.3,0.7,2487,58,14.1,10,0,0,4.6,2.76,2.06,95,0.81,0,0,0,9.77,0,0,0.526,75.06,38.47,36.59,43.6,13.89,dân ca/pop,Phương Mỹ Chi,0,0,0,0
SIM_01375,FAKE_CAR_0172,YARIS15_CA_MT,Toyota,Yaris hatchback 1.5,2008,1.5,7,6.3,85,94.4,80.4,63.9,0.7,991,0,14.1,0,15,17,4.2,2.76,2.06,10,0.833,0,0,0,2.25,0,0,0.526,38.83,52.55,-13.72,-14.23,12.19,bolero,Lệ Quyên,0,0,0,0
SIM_01376,FAKE_CAR_0172,YARIS15_CA_MT,Toyota,Yaris hatchback 1.5,2008,1.5,7,6.3,85,94.4,80.4,74.4,0.7,754,0,14.1,0,0,0,2.9,2.76,2.06,65,0.688,0,0,0,5.84,0,0,0.526,30.13,22.84,7.29,10.37,13.86,rock,không rõ,0,0,0,0
SIM_01377,FAKE_CAR_0173,YARIS15_CA_AT,Toyota,Yaris hatchback 1.5,2008,1.5,7,6.4,90,96.7,88.2,65,0.37,2900,41,13.6,0,16,0,1.8,1.8,2.57,50,0.85,0,0,0,5.31,0,0,0.031,82.68,36.71,45.97,49.48,14.14,pop,Hòa Minzy,0,0,0,0
SIM_01378,FAKE_CAR_0173,YARIS15_CA_AT,Toyota,Yaris hatchback 1.5,2008,1.5,7,6.4,90,96.7,88.2,72.3,0.37,2791,13,13.6,0,15,0,4.4,1.8,2.57,65,0.481,0,0,0,5.78,0,0,0.031,82.68,38.78,43.9,47.88,14.19,pop,Hòa Minzy,0,0,0,0
SIM_01379,FAKE_CAR_0173,YARIS15_CA_AT,Toyota,Yaris hatchback 1.5,2008,1.5,7,6.4,90,96.7,88.2,69.6,0.37,2623,65,13.6,0,9,0,1.8,1.8,2.57,80,0.518,0,0,0,7.24,0,0,0.031,82.68,31.64,51.04,56.48,14.09,pop,Hòa Minzy,0,0,0,0
SIM_01380,FAKE_CAR_0173,YARIS15_CA_AT,Toyota,Yaris hatchback 1.5,2008,1.5,7,6.4,90,96.7,88.2,70.4,0.37,941,0,13.6,0,5,0,1.5,1.8,2.57,50,0.847,0,0,0,5.31,0,0,0.031,40.12,25.41,14.71,18.22,14.13,nhạc trẻ,Lam Trường,0,0,0,0
SIM_01381,FAKE_CAR_0173,YARIS15_CA_AT,Toyota,Yaris hatchback 1.5,2008,1.5,7,6.4,90,96.7,88.2,73,0.37,1625,61,13.6,0,0,0,2.2,1.8,2.57,10,0.868,0,0,0,2.77,0,0,0.031,63.19,18.57,44.62,45.59,14.18,instrumental,không rõ,0,0,0,0
SIM_01382,FAKE_CAR_0173,YARIS15_CA_AT,Toyota,Yaris hatchback 1.5,2008,1.5,7,6.4,90,96.7,88.2,71.9,0.37,1878,57,13.6,0,5,12,2,1.8,2.57,80,0.363,0,0,0,6.64,0,0,0.031,68.54,39.24,29.3,34.14,14.19,bolero,Lệ Quyên,0,0,0,0
SIM_01383,FAKE_CAR_0173,YARIS15_CA_AT,Toyota,Yaris hatchback 1.5,2008,1.5,7,6.4,90,96.7,88.2,64.8,0.37,2305,60,13.6,0,10,0,3.6,1.8,2.57,65,0.208,0,0,0,5.03,0,0,0.031,77.56,32.23,45.33,48.56,14.19,rock,không rõ,0,0,0,0
SIM_01384,FAKE_CAR_0173,YARIS15_CA_AT,Toyota,Yaris hatchback 1.5,2008,1.5,7,6.4,90,96.7,88.2,76.2,0.37,1727,28,13.6,0,12,0,2.2,1.8,2.57,35,0.689,0,0,0,3.93,0,0,0.031,65.35,31.73,33.62,35.75,14.17,rock,không rõ,0,0,0,0
SIM_01385,FAKE_CAR_0174,YARIS10_UK_MT,Toyota,Yaris hatchback 1.0 VVT-i,2008,1,6.4,5.4,70,72.6,83.2,54.9,0.63,851,0,20.5,0,0,0,5.1,1.61,1.93,50,0.729,0,0,0,4.46,1,5.61,0.014,21.34,35.67,-14.33,-5.87,12.43,dân ca/pop,Phương Mỹ Chi,0,0,1,0
SIM_01386,FAKE_CAR_0174,YARIS10_UK_MT,Toyota,Yaris hatchback 1.0 VVT-i,2008,1,6.4,5.4,70,72.6,83.2,54.2,0.63,1626,60,20.5,0,11,0,3.7,1.61,1.93,95,0.442,0,0,0,7.74,1,5.61,0.014,36.91,48.55,-11.64,0.1,12.54,dân ca/pop,Phương Mỹ Chi,0,0,1,0
SIM_01387,FAKE_CAR_0174,YARIS10_UK_MT,Toyota,Yaris hatchback 1.0 VVT-i,2008,1,6.4,5.4,70,72.6,83.2,59,0.63,955,0,20.5,0,0,0,6.5,1.61,1.93,10,0.255,0,0,0,2.05,1,5.61,0.014,23.75,34.66,-10.91,-4.86,12.55,nhạc trẻ,Lam Trường,0,0,1,0
SIM_01388,FAKE_CAR_0174,YARIS10_UK_MT,Toyota,Yaris hatchback 1.0 VVT-i,2008,1,6.4,5.4,70,72.6,83.2,49.8,0.63,748,0,20.5,13,12,0,5.4,1.61,1.93,50,0.22,0,0,0,3.55,1,5.61,0.014,18.95,60.06,-41.11,-33.56,11.88,bolero,Lệ Quyên,0,0,1,0
SIM_01389,FAKE_CAR_0174,YARIS10_UK_MT,Toyota,Yaris hatchback 1.0 VVT-i,2008,1,6.4,5.4,70,72.6,83.2,50.3,0.63,910,0,20.5,0,0,0,5.9,1.61,1.93,95,0.754,0,0,0,9.35,1,5.61,0.014,22.71,41.36,-18.65,-5.3,12.35,nhạc trẻ,Lam Trường,0,0,1,0
SIM_01390,FAKE_CAR_0174,YARIS10_UK_MT,Toyota,Yaris hatchback 1.0 VVT-i,2008,1,6.4,5.4,70,72.6,83.2,57,0.63,741,0,20.5,0,0,0,4.7,1.61,1.93,35,0.836,0,0,0,3.44,1,5.61,0.014,18.78,34.25,-15.47,-8.03,12.48,nhạc trẻ,Lam Trường,0,0,1,0
SIM_01391,FAKE_CAR_0174,YARIS10_UK_MT,Toyota,Yaris hatchback 1.0 VVT-i,2008,1,6.4,5.4,70,72.6,83.2,51,0.63,2939,59,20.5,0,5,0,5.6,1.61,1.93,65,0.324,0,0,0,4.71,1,5.61,0.014,48.28,41.42,6.86,15.57,14.17,pop,Hòa Minzy,0,0,0,0
SIM_01392,FAKE_CAR_0174,YARIS10_UK_MT,Toyota,Yaris hatchback 1.0 VVT-i,2008,1,6.4,5.4,70,72.6,83.2,53.1,0.63,1913,57,20.5,0,12,16,6.6,1.61,1.93,50,0.455,0,0,0,3.97,1,5.61,0.014,40.45,64.68,-24.23,-16.26,12.17,nhạc trẻ,Lam Trường,0,0,1,0
SIM_01393,FAKE_CAR_0175,AYGO10_UK_MT,Toyota,Aygo hatchback 1.0 VVT-i,2008,1,5.5,4.6,65,97.2,92.2,66.3,0.39,1844,57,16.1,0,0,0,2.6,1.72,2.66,20,0.283,1,12,1.8,3.04,0,0,0.098,49.23,23.54,25.69,28.81,14.07,bolero,Lệ Quyên,0,0,0,0
SIM_01394,FAKE_CAR_0175,AYGO10_UK_MT,Toyota,Aygo hatchback 1.0 VVT-i,2008,1,5.5,4.6,65,97.2,92.2,58.3,0.39,898,0,16.1,0,0,0,3.3,1.72,2.66,95,0.221,1,12,8,7.33,0,0,0.098,27.89,34.73,-6.84,6.77,12.55,pop,Hòa Minzy,0,0,1,0
SIM_01395,FAKE_CAR_0175,AYGO10_UK_MT,Toyota,Aygo hatchback 1.0 VVT-i,2008,1,5.5,4.6,65,97.2,92.2,63.2,0.39,848,0,16.1,0,0,0,3.6,1.72,2.66,20,0.454,1,12,2.1,3.11,0,0,0.098,26.44,24.91,1.53,5.02,14.14,instrumental,không rõ,0,0,0,0
SIM_01396,FAKE_CAR_0175,AYGO10_UK_MT,Toyota,Aygo hatchback 1.0 VVT-i,2008,1,5.5,4.6,65,97.2,92.2,59.2,0.39,2758,44,16.1,0,0,15,4.4,1.72,2.66,50,0.355,1,12,4.08,4.52,0,0,0.098,60.02,44.1,15.92,22.8,14.07,pop,Hòa Minzy,0,0,0,0
SIM_01397,FAKE_CAR_0175,AYGO10_UK_MT,Toyota,Aygo hatchback 1.0 VVT-i,2008,1,5.5,4.6,65,97.2,92.2,68.8,0.39,1878,60,16.1,0,11,14,3.9,1.72,2.66,20,0.3,1,12,1.83,3.05,0,0,0.098,49.76,49.88,-0.12,3.04,12.83,instrumental,không rõ,0,0,0,0
SIM_01398,FAKE_CAR_0175,AYGO10_UK_MT,Toyota,Aygo hatchback 1.0 VVT-i,2008,1,5.5,4.6,65,97.2,92.2,59.9,0.39,1753,60,16.1,0,5,15,4.6,1.72,2.66,65,0.592,1,12,6.76,6.18,0,0,0.098,47.84,53.64,-5.8,5.42,12.68,dân ca/pop,Phương Mỹ Chi,0,0,1,0
SIM_01399,FAKE_CAR_0175,AYGO10_UK_MT,Toyota,Aygo hatchback 1.0 VVT-i,2008,1,5.5,4.6,65,97.2,92.2,58.5,0.39,1861,26,16.1,0,12,0,3.3,1.72,2.66,10,0.592,1,12,1.81,2.82,0,0,0.098,49.49,36.03,13.46,16.37,14.1,instrumental,không rõ,0,0,0,0
SIM_01400,FAKE_CAR_0175,AYGO10_UK_MT,Toyota,Aygo hatchback 1.0 VVT-i,2008,1,5.5,4.6,65,97.2,92.2,57.8,0.39,1830,27,16.1,0,0,0,5.3,1.72,2.66,95,0.438,1,12,9.82,8.45,0,0,0.098,49.02,39.67,9.35,25.9,14.08,nhạc trẻ,Lam Trường,0,0,0,0
SIM_01401,FAKE_CAR_0176,AURIS14_UK_MT,Toyota,Auris hatchback 1.4 VVT-i,2008,1.4,8.7,6.9,95,95.7,98.6,73.4,0.38,2763,31,19.9,14,11,0,5.1,2.56,1.96,95,0.733,0,0,0,9.27,0,0,0.013,86.37,59.27,27.1,33.81,14.17,rock,không rõ,0,0,0,0
SIM_01402,FAKE_CAR_0176,AURIS14_UK_MT,Toyota,Auris hatchback 1.4 VVT-i,2008,1.4,8.7,6.9,95,95.7,98.6,64.5,0.38,1644,37,19.9,8,13,0,2.6,2.56,1.96,95,0.677,0,0,0,8.98,0,0,0.013,66.43,52.48,13.95,20.37,14.21,nhạc trẻ,Lam Trường,0,0,0,0
SIM_01403,FAKE_CAR_0176,AURIS14_UK_MT,Toyota,Auris hatchback 1.4 VVT-i,2008,1.4,8.7,6.9,95,95.7,98.6,69.1,0.38,1987,61,19.9,0,0,13,3,2.56,1.96,20,0.462,0,0,0,2.41,0,0,0.013,74,38.31,35.69,35.54,14.11,rock,không rõ,0,0,0,0
SIM_01404,FAKE_CAR_0176,AURIS14_UK_MT,Toyota,Auris hatchback 1.4 VVT-i,2008,1.4,8.7,6.9,95,95.7,98.6,61.7,0.38,2135,64,19.9,0,5,9,5.2,2.56,1.96,50,0.323,0,0,0,3.76,0,0,0.013,77.27,42.86,34.41,35.61,14.16,rock,không rõ,0,0,0,0
SIM_01405,FAKE_CAR_0176,AURIS14_UK_MT,Toyota,Auris hatchback 1.4 VVT-i,2008,1.4,8.7,6.9,95,95.7,98.6,61.7,0.38,2016,48,19.9,0,0,0,4,2.56,1.96,65,0.365,0,0,0,4.86,0,0,0.013,74.64,28.76,45.88,48.18,14.1,rock,không rõ,0,0,0,0
SIM_01406,FAKE_CAR_0176,AURIS14_UK_MT,Toyota,Auris hatchback 1.4 VVT-i,2008,1.4,8.7,6.9,95,95.7,98.6,62,0.38,830,0,19.9,0,5,15,3.7,2.56,1.96,65,0.709,0,0,0,5.8,0,0,0.013,37.3,49.4,-12.1,-8.86,12.58,dân ca/pop,Phương Mỹ Chi,0,0,0,0
SIM_01407,FAKE_CAR_0176,AURIS14_UK_MT,Toyota,Auris hatchback 1.4 VVT-i,2008,1.4,8.7,6.9,95,95.7,98.6,72.8,0.38,761,0,19.9,0,5,0,4.6,2.56,1.96,95,0.56,0,0,0,8.38,0,0,0.013,34.43,37.88,-3.45,2.37,12.79,bolero,Lệ Quyên,0,0,1,0
SIM_01408,FAKE_CAR_0176,AURIS14_UK_MT,Toyota,Auris hatchback 1.4 VVT-i,2008,1.4,8.7,6.9,95,95.7,98.6,69.9,0.38,2925,13,19.9,0,9,0,3.2,2.56,1.96,65,0.504,0,0,0,5.24,0,0,0.013,86.37,37.34,49.03,51.71,14.16,instrumental,không rõ,0,0,0,0
SIM_01409,FAKE_CAR_0177,AURIS16_UK_MT,Toyota,Auris hatchback 1.6 VVT-i,2008,1.6,9,7.1,105,86,87,72.6,0.34,741,0,14.8,0,0,0,4.9,1.57,1.65,20,0.524,0,0,0,2.13,0,0,0.121,33.37,21.83,11.54,12.1,14.01,pop,Hòa Minzy,0,0,0,0
SIM_01410,FAKE_CAR_0177,AURIS16_UK_MT,Toyota,Auris hatchback 1.6 VVT-i,2008,1.6,9,7.1,105,86,87,68.4,0.34,926,0,14.8,0,11,14,3.7,1.57,1.65,50,0.654,0,0,0,4.04,0,0,0.121,41.01,47.54,-6.53,-4.06,12.55,bolero,Lệ Quyên,0,0,0,0
SIM_01411,FAKE_CAR_0177,AURIS16_UK_MT,Toyota,Auris hatchback 1.6 VVT-i,2008,1.6,9,7.1,105,86,87,74.3,0.34,937,0,14.8,0,0,0,4.5,1.57,1.65,20,0.847,0,0,0,2.25,0,0,0.121,41.47,21.55,19.92,20.6,14.13,nhạc trẻ,Lam Trường,0,0,0,0
SIM_01412,FAKE_CAR_0177,AURIS16_UK_MT,Toyota,Auris hatchback 1.6 VVT-i,2008,1.6,9,7.1,105,86,87,69.2,0.34,1818,28,14.8,11,14,14,2.7,1.57,1.65,20,0.743,0,0,0,2.21,0,0,0.121,69.8,58.71,11.09,11.73,14.02,nhạc trẻ,Lam Trường,0,0,0,0
SIM_01413,FAKE_CAR_0177,AURIS16_UK_MT,Toyota,Auris hatchback 1.6 VVT-i,2008,1.6,9,7.1,105,86,87,66.5,0.34,2632,44,14.8,0,0,0,2.5,1.57,1.65,10,0.634,0,0,0,1.82,0,0,0.121,85.78,19.12,66.66,66.91,14.09,rock,không rõ,0,0,0,0
SIM_01414,FAKE_CAR_0177,AURIS16_UK_MT,Toyota,Auris hatchback 1.6 VVT-i,2008,1.6,9,7.1,105,86,87,62.8,0.34,908,0,14.8,13,5,0,5,1.57,1.65,35,0.675,0,0,0,3,0,0,0.121,40.27,40.8,-0.53,0.9,12.79,nhạc trẻ,Lam Trường,0,0,0,0
SIM_01415,FAKE_CAR_0177,AURIS16_UK_MT,Toyota,Auris hatchback 1.6 VVT-i,2008,1.6,9,7.1,105,86,87,73.8,0.34,2041,51,14.8,11,0,0,4.7,1.57,1.65,20,0.244,0,0,0,2.02,0,0,0.121,74.69,32.52,42.17,42.62,14.1,instrumental,không rõ,0,0,0,0
SIM_01416,FAKE_CAR_0177,AURIS16_UK_MT,Toyota,Auris hatchback 1.6 VVT-i,2008,1.6,9,7.1,105,86,87,67.6,0.34,732,0,14.8,0,5,0,3.8,1.57,1.65,10,0.274,0,0,0,1.77,0,0,0.121,33,25.37,7.63,7.83,14.04,bolero,Lệ Quyên,0,0,0,0
SIM_01417,FAKE_CAR_0178,AVENSIS18_UK_MT,Toyota,Avensis sedan/hatch 1.8 VVT-i,2008,1.8,9.4,7.2,110,90.9,78.1,51,0.75,1807,58,18.1,0,5,17,6.8,2.85,2.01,35,0.406,0,0,0,3.09,0,0,0.113,77.02,49.99,27.03,27.27,14.1,pop,Hòa Minzy,0,0,0,0
SIM_01418,FAKE_CAR_0178,AVENSIS18_UK_MT,Toyota,Avensis sedan/hatch 1.8 VVT-i,2008,1.8,9.4,7.2,110,90.9,78.1,53.3,0.75,2237,54,18.1,0,14,0,3.3,2.85,2.01,65,0.322,0,0,0,4.79,0,0,0.113,87.46,40.19,47.27,49.21,14.05,instrumental,không rõ,0,0,0,0
SIM_01419,FAKE_CAR_0178,AVENSIS18_UK_MT,Toyota,Avensis sedan/hatch 1.8 VVT-i,2008,1.8,9.4,7.2,110,90.9,78.1,42.4,0.75,985,0,18.1,0,8,0,6.7,2.85,2.01,10,0.811,0,0,0,2.2,0,0,0.113,48.11,35,13.11,12.46,14.05,instrumental,không rõ,0,0,0,0
SIM_01420,FAKE_CAR_0178,AVENSIS18_UK_MT,Toyota,Avensis sedan/hatch 1.8 VVT-i,2008,1.8,9.4,7.2,110,90.9,78.1,44.7,0.75,995,0,18.1,13,13,14,5.3,2.85,2.01,50,0.429,0,0,0,4,0,0,0.113,48.57,67.4,-18.83,-17.68,12.24,rock,không rõ,0,0,0,0
SIM_01421,FAKE_CAR_0178,AVENSIS18_UK_MT,Toyota,Avensis sedan/hatch 1.8 VVT-i,2008,1.8,9.4,7.2,110,90.9,78.1,40.3,0.75,2849,50,18.1,0,5,0,5.2,2.85,2.01,50,0.688,0,0,0,4.46,0,0,0.113,94.99,32.76,62.23,63.84,14.09,nhạc trẻ,Lam Trường,0,0,0,0
SIM_01422,FAKE_CAR_0178,AVENSIS18_UK_MT,Toyota,Avensis sedan/hatch 1.8 VVT-i,2008,1.8,9.4,7.2,110,90.9,78.1,49.8,0.75,779,0,18.1,0,5,18,5.1,2.85,2.01,65,0.226,0,0,0,4.52,0,0,0.113,38.69,50.72,-12.03,-10.36,12.49,rock,không rõ,0,0,0,0
SIM_01423,FAKE_CAR_0178,AVENSIS18_UK_MT,Toyota,Avensis sedan/hatch 1.8 VVT-i,2008,1.8,9.4,7.2,110,90.9,78.1,49.8,0.75,2621,24,18.1,0,0,15,3.6,2.85,2.01,80,0.374,0,0,0,6.12,0,0,0.113,94.99,42.82,52.17,55.44,14.04,instrumental,không rõ,0,0,0,0
SIM_01424,FAKE_CAR_0178,AVENSIS18_UK_MT,Toyota,Avensis sedan/hatch 1.8 VVT-i,2008,1.8,9.4,7.2,110,90.9,78.1,48.9,0.75,2050,17,18.1,0,10,0,7.1,2.85,2.01,20,0.79,0,0,0,2.59,0,0,0.113,82.92,37.79,45.13,44.87,14.03,rock,không rõ,0,0,0,0
SIM_01425,FAKE_CAR_0179,RAV4_20_UK_MT,Toyota,RAV4 2.0 VVT-i,2008,2,11,8.6,115,99.7,65.2,66.7,0.45,1934,41,18,0,0,0,2.3,1.86,1.69,80,0.239,0,0,0,5.28,0,0,0.025,91.85,25.58,66.27,69.69,14.14,pop,Hòa Minzy,0,0,0,0
SIM_01426,FAKE_CAR_0179,RAV4_20_UK_MT,Toyota,RAV4 2.0 VVT-i,2008,2,11,8.6,115,99.7,65.2,71.6,0.45,983,0,18,11,5,14,2.5,1.86,1.69,80,0.848,0,0,0,7.64,0,0,0.025,55.06,58.14,-3.08,2.7,12.77,dân ca/pop,Phương Mỹ Chi,0,0,1,0
SIM_01427,FAKE_CAR_0179,RAV4_20_UK_MT,Toyota,RAV4 2.0 VVT-i,2008,2,11,8.6,115,99.7,65.2,63.9,0.45,2579,30,18,10,10,0,2.7,1.86,1.69,35,0.466,0,0,0,2.83,0,0,0.025,108.92,43.53,65.39,66.36,14.17,bolero,Lệ Quyên,0,0,0,0
SIM_01428,FAKE_CAR_0179,RAV4_20_UK_MT,Toyota,RAV4 2.0 VVT-i,2008,2,11,8.6,115,99.7,65.2,65.5,0.45,1645,28,18,0,0,0,4.5,1.86,1.69,65,0.287,0,0,0,4.37,0,0,0.025,83.8,26.87,56.93,59.44,14.16,bolero,Lệ Quyên,0,0,0,0
SIM_01429,FAKE_CAR_0179,RAV4_20_UK_MT,Toyota,RAV4 2.0 VVT-i,2008,2,11,8.6,115,99.7,65.2,76.6,0.45,810,0,18,8,10,0,3.1,1.86,1.69,95,0.54,0,0,0,8.01,0,0,0.025,45.99,47.11,-1.12,5.03,12.82,pop,Hòa Minzy,0,0,0,0
SIM_01430,FAKE_CAR_0179,RAV4_20_UK_MT,Toyota,RAV4 2.0 VVT-i,2008,2,11,8.6,115,99.7,65.2,70.5,0.45,731,0,18,0,9,13,3.8,1.86,1.69,95,0.57,0,0,0,8.16,0,0,0.025,41.85,51.96,-10.11,-3.81,12.62,dân ca/pop,Phương Mỹ Chi,0,0,1,0
SIM_01431,FAKE_CAR_0179,RAV4_20_UK_MT,Toyota,RAV4 2.0 VVT-i,2008,2,11,8.6,115,99.7,65.2,67.8,0.45,2972,17,18,0,15,0,4.8,1.86,1.69,65,0.812,0,0,0,5.82,0,0,0.025,108.92,43.62,65.3,69.26,14.13,instrumental,không rõ,0,0,0,0
SIM_01432,FAKE_CAR_0179,RAV4_20_UK_MT,Toyota,RAV4 2.0 VVT-i,2008,2,11,8.6,115,99.7,65.2,70.7,0.45,854,0,18,0,0,15,4.3,1.86,1.69,65,0.285,0,0,0,4.37,0,0,0.025,48.3,41.67,6.63,9.14,14.07,pop,Hòa Minzy,0,0,0,0
SIM_01433,FAKE_CAR_0180,MAZDA2_13_UK_MT,Mazda,Mazda2 hatchback 1.3 MZR 86ps 5 cửa,2008,1.349,6.9,5.2,80,87.3,75.2,37.7,0.46,809,0,21.7,0,5,0,7.7,1.77,3.08,10,0.21,1,90,9.67,3.19,0,0,0.136,27.98,47.26,-19.28,-8.19,12.36,pop,Hòa Minzy,0,0,1,0
SIM_01434,FAKE_CAR_0180,MAZDA2_13_UK_MT,Mazda,Mazda2 hatchback 1.3 MZR 86ps 5 cửa,2008,1.349,6.9,5.2,80,87.3,75.2,33.1,0.46,960,0,21.7,13,5,0,4.1,1.77,3.08,65,0.477,1,90,46.3,6.28,0,0,0.136,32.8,96.38,-63.58,-12.77,11.13,rock,không rõ,0,1,1,1
SIM_01435,FAKE_CAR_0180,MAZDA2_13_UK_MT,Mazda,Mazda2 hatchback 1.3 MZR 86ps 5 cửa,2008,1.349,6.9,5.2,80,87.3,75.2,33,0.46,2508,45,21.7,0,10,10,7.5,1.77,3.08,20,0.399,1,90,15,3.51,0,0,0.136,65.69,67.71,-2.02,14.72,12.69,pop,Hòa Minzy,0,0,0,1
SIM_01436,FAKE_CAR_0180,MAZDA2_13_UK_MT,Mazda,Mazda2 hatchback 1.3 MZR 86ps 5 cửa,2008,1.349,6.9,5.2,80,87.3,75.2,38.4,0.46,1913,42,21.7,0,0,0,5.5,1.77,3.08,80,0.581,1,90,65.54,8,0,0,0.136,55.59,100.74,-45.15,26.62,11.62,bolero,Lệ Quyên,0,0,1,1
SIM_01437,FAKE_CAR_0180,MAZDA2_13_UK_MT,Mazda,Mazda2 hatchback 1.3 MZR 86ps 5 cửa,2008,1.349,6.9,5.2,80,87.3,75.2,45.5,0.46,2751,14,21.7,0,0,9,6,1.77,3.08,35,0.234,1,90,19.08,3.99,0,0,0.136,66.35,59.77,6.58,27.88,14.05,dân ca/pop,Phương Mỹ Chi,0,0,0,1
SIM_01438,FAKE_CAR_0180,MAZDA2_13_UK_MT,Mazda,Mazda2 hatchback 1.3 MZR 86ps 5 cửa,2008,1.349,6.9,5.2,80,87.3,75.2,45.1,0.46,1773,37,21.7,0,5,14,4.7,1.77,3.08,35,0.479,1,90,23.91,4.24,0,0,0.136,53.22,73.55,-20.33,6.05,12.29,dân ca/pop,Phương Mỹ Chi,0,0,1,1
SIM_01439,FAKE_CAR_0180,MAZDA2_13_UK_MT,Mazda,Mazda2 hatchback 1.3 MZR 86ps 5 cửa,2008,1.349,6.9,5.2,80,87.3,75.2,38.9,0.46,886,0,21.7,0,5,0,6.8,1.77,3.08,20,0.744,1,90,19.57,3.64,0,0,0.136,30.44,56.71,-26.27,-4.83,12.07,nhạc trẻ,Lam Trường,0,0,1,1
SIM_01440,FAKE_CAR_0180,MAZDA2_13_UK_MT,Mazda,Mazda2 hatchback 1.3 MZR 86ps 5 cửa,2008,1.349,6.9,5.2,80,87.3,75.2,35,0.46,2314,38,21.7,0,5,0,4.6,1.77,3.08,20,0.856,1,90,21.05,3.69,0,0,0.136,62.4,56.04,6.36,29.33,14.06,nhạc trẻ,Lam Trường,0,0,0,1
SIM_01441,FAKE_CAR_0181,MAZDA2_15_UK_MT,Mazda,Mazda2 hatchback 1.5 MZR 103ps,2008,1.498,7.6,5.7,85,99.9,87.5,44.8,0.44,779,0,22.8,11,0,0,5.3,2.4,2.39,95,0.413,1,90,72.07,8.05,0,0,0.079,32.86,119.22,-86.36,-8.64,11.21,nhạc trẻ,Lam Trường,0,0,1,1
SIM_01442,FAKE_CAR_0181,MAZDA2_15_UK_MT,Mazda,Mazda2 hatchback 1.5 MZR 103ps,2008,1.498,7.6,5.7,85,99.9,87.5,55.8,0.44,2491,47,22.8,12,0,0,6.4,2.4,2.39,35,0.592,1,90,26.14,3.66,0,0,0.079,79.51,71,8.51,35.91,14.11,bolero,Lệ Quyên,0,0,0,0
SIM_01443,FAKE_CAR_0181,MAZDA2_15_UK_MT,Mazda,Mazda2 hatchback 1.5 MZR 103ps,2008,1.498,7.6,5.7,85,99.9,87.5,55.5,0.44,2960,64,22.8,8,0,0,4.3,2.4,2.39,35,0.614,1,90,26.57,3.68,0,0,0.079,80.67,65.35,15.32,43.17,14.17,dân ca/pop,Phương Mỹ Chi,0,0,0,0
SIM_01444,FAKE_CAR_0181,MAZDA2_15_UK_MT,Mazda,Mazda2 hatchback 1.5 MZR 103ps,2008,1.498,7.6,5.7,85,99.9,87.5,54.7,0.44,1623,62,22.8,0,5,0,4.2,2.4,2.39,10,0.498,1,90,12.62,2.54,0,0,0.079,61.61,47.16,14.45,27.21,14.04,pop,Hòa Minzy,0,0,0,0
SIM_01445,FAKE_CAR_0181,MAZDA2_15_UK_MT,Mazda,Mazda2 hatchback 1.5 MZR 103ps,2008,1.498,7.6,5.7,85,99.9,87.5,49.3,0.44,898,0,22.8,0,0,0,5.5,2.4,2.39,35,0.665,1,90,27.58,3.73,0,0,0.079,37.48,59.61,-22.13,6.78,12.25,dân ca/pop,Phương Mỹ Chi,0,0,1,0
SIM_01446,FAKE_CAR_0181,MAZDA2_15_UK_MT,Mazda,Mazda2 hatchback 1.5 MZR 103ps,2008,1.498,7.6,5.7,85,99.9,87.5,53.3,0.44,2237,47,22.8,0,10,0,4,2.4,2.39,20,0.764,1,90,19.83,2.96,0,0,0.079,74.28,59.59,14.69,35.08,14.13,nhạc trẻ,Lam Trường,0,0,0,0
SIM_01447,FAKE_CAR_0181,MAZDA2_15_UK_MT,Mazda,Mazda2 hatchback 1.5 MZR 103ps,2008,1.498,7.6,5.7,85,99.9,87.5,55.7,0.44,2973,43,22.8,0,16,0,6.2,2.4,2.39,65,0.38,1,90,42.59,5.33,0,0,0.079,80.67,92.92,-12.25,33.27,12.49,rock,không rõ,0,0,1,1
SIM_01448,FAKE_CAR_0181,MAZDA2_15_UK_MT,Mazda,Mazda2 hatchback 1.5 MZR 103ps,2008,1.498,7.6,5.7,85,99.9,87.5,55.4,0.44,802,0,22.8,9,0,0,6.3,2.4,2.39,35,0.598,1,90,26.26,3.66,0,0,0.079,33.75,68.02,-34.27,-6.75,11.92,rock,không rõ,0,0,1,0
SIM_01449,FAKE_CAR_0182,HONDA_FIT15_CA_MT,Honda,Fit hatchback 1.5 DX,2008,1.5,7.1,6.5,75,90.6,92.5,73.2,0.18,1952,16,18.8,0,9,0,1.1,2.58,2.57,10,0.446,0,0,0,2.71,0,0,0.157,54.73,31.61,23.12,23.25,14.02,instrumental,không rõ,0,0,0,0
SIM_01450,FAKE_CAR_0182,HONDA_FIT15_CA_MT,Honda,Fit hatchback 1.5 DX,2008,1.5,7.1,6.5,75,90.6,92.5,73.7,0.18,806,0,18.8,0,15,0,1.3,2.58,2.57,95,0.36,0,0,0,7.96,0,0,0.157,27.13,43.06,-15.93,-10.55,12.39,rock,không rõ,0,0,1,0
SIM_01451,FAKE_CAR_0182,HONDA_FIT15_CA_MT,Honda,Fit hatchback 1.5 DX,2008,1.5,7.1,6.5,75,90.6,92.5,68.8,0.18,2247,46,18.8,0,11,0,4.9,2.58,2.57,95,0.861,0,0,0,10,0,0,0.157,59.6,44.7,14.9,22.32,14.11,instrumental,không rõ,0,0,0,0
SIM_01452,FAKE_CAR_0182,HONDA_FIT15_CA_MT,Honda,Fit hatchback 1.5 DX,2008,1.5,7.1,6.5,75,90.6,92.5,72.3,0.18,868,0,18.8,0,16,0,2,2.58,2.57,80,0.615,0,0,0,7.62,0,0,0.157,29.06,44.42,-15.36,-10.32,12.43,pop,Hòa Minzy,0,0,1,0
SIM_01453,FAKE_CAR_0182,HONDA_FIT15_CA_MT,Honda,Fit hatchback 1.5 DX,2008,1.5,7.1,6.5,75,90.6,92.5,77.4,0.18,1881,47,18.8,0,0,0,4.5,2.58,2.57,35,0.54,0,0,0,3.79,0,0,0.157,53.56,27.09,26.47,27.68,14.09,bolero,Lệ Quyên,0,0,0,0
SIM_01454,FAKE_CAR_0182,HONDA_FIT15_CA_MT,Honda,Fit hatchback 1.5 DX,2008,1.5,7.1,6.5,75,90.6,92.5,80.8,0.18,2898,32,18.8,0,5,13,3.6,2.58,2.57,80,0.253,0,0,0,6.21,0,0,0.157,64.55,46.61,17.94,21.57,14.04,dân ca/pop,Phương Mỹ Chi,0,0,0,0
SIM_01455,FAKE_CAR_0182,HONDA_FIT15_CA_MT,Honda,Fit hatchback 1.5 DX,2008,1.5,7.1,6.5,75,90.6,92.5,80.2,0.18,2282,13,18.8,11,8,0,3.8,2.58,2.57,20,0.437,0,0,0,3.01,0,0,0.157,60.18,44.61,15.57,16,14.06,rock,không rõ,0,0,0,0
SIM_01456,FAKE_CAR_0182,HONDA_FIT15_CA_MT,Honda,Fit hatchback 1.5 DX,2008,1.5,7.1,6.5,75,90.6,92.5,73.7,0.18,2431,28,18.8,0,16,0,4.3,2.58,2.57,35,0.651,0,0,0,3.9,0,0,0.157,62.64,43,19.64,20.96,14.05,instrumental,không rõ,0,0,0,0
SIM_01457,FAKE_CAR_0183,YARIS13_UK_MT,Toyota,Yaris hatchback 1.3 VVT-i,2008,1.3,7.2,6,85,86.9,89.3,67.8,0.84,851,0,17.7,0,0,0,3.5,1.73,3.04,10,0.663,0,0,0,3.21,0,0,0.053,31.01,24.41,6.6,8.08,14.16,pop,Hòa Minzy,0,0,0,0
SIM_01458,FAKE_CAR_0183,YARIS13_UK_MT,Toyota,Yaris hatchback 1.3 VVT-i,2008,1.3,7.2,6,85,86.9,89.3,62,0.84,982,0,17.7,0,10,0,6,1.73,3.04,95,0.7,0,0,0,10,0,0,0.053,35.44,43.7,-8.26,0.01,12.66,instrumental,không rõ,0,0,1,0
SIM_01459,FAKE_CAR_0183,YARIS13_UK_MT,Toyota,Yaris hatchback 1.3 VVT-i,2008,1.3,7.2,6,85,86.9,89.3,63,0.84,753,0,17.7,0,10,0,5.6,1.73,3.04,50,0.515,0,0,0,5.19,0,0,0.053,27.71,38.49,-10.78,-7.32,12.51,rock,không rõ,0,0,0,0
SIM_01460,FAKE_CAR_0183,YARIS13_UK_MT,Toyota,Yaris hatchback 1.3 VVT-i,2008,1.3,7.2,6,85,86.9,89.3,57.4,0.84,996,0,17.7,0,14,0,4.8,1.73,3.04,50,0.364,0,0,0,4.92,0,0,0.053,35.91,41.42,-5.51,-2.32,12.65,nhạc trẻ,Lam Trường,0,0,1,0
SIM_01461,FAKE_CAR_0183,YARIS13_UK_MT,Toyota,Yaris hatchback 1.3 VVT-i,2008,1.3,7.2,6,85,86.9,89.3,59.3,0.84,962,0,17.7,0,16,12,5.8,1.73,3.04,20,0.451,0,0,0,3.49,0,0,0.053,34.76,54.99,-20.23,-18.47,12.33,instrumental,không rõ,0,0,0,0
SIM_01462,FAKE_CAR_0183,YARIS13_UK_MT,Toyota,Yaris hatchback 1.3 VVT-i,2008,1.3,7.2,6,85,86.9,89.3,67.7,0.84,898,0,17.7,0,16,0,2.8,1.73,3.04,80,0.298,0,0,0,6.86,0,0,0.053,32.6,43.36,-10.76,-5.63,12.51,instrumental,không rõ,0,0,1,0
SIM_01463,FAKE_CAR_0183,YARIS13_UK_MT,Toyota,Yaris hatchback 1.3 VVT-i,2008,1.3,7.2,6,85,86.9,89.3,61.6,0.84,2308,42,17.7,0,5,13,3.7,1.73,3.04,95,0.221,0,0,0,7.71,0,0,0.053,65.88,47.11,18.77,24.75,14.06,instrumental,không rõ,0,0,0,0
SIM_01464,FAKE_CAR_0183,YARIS13_UK_MT,Toyota,Yaris hatchback 1.3 VVT-i,2008,1.3,7.2,6,85,86.9,89.3,60.6,0.84,765,0,17.7,0,8,0,3.6,1.73,3.04,10,0.462,0,0,0,3.18,0,0,0.053,28.11,32.48,-4.37,-2.92,12.69,bolero,Lệ Quyên,0,0,1,0
SIM_01465,FAKE_CAR_0184,YARIS13_UK_MM,Toyota,Yaris hatchback 1.3 VVT-i,2008,1.3,6.7,5.8,80,85.7,58.1,37.8,0.69,904,0,17.6,0,0,12,7.4,2.95,2.88,35,0.433,0,0,0,3.99,0,0,0.061,30.45,40.99,-10.54,-9.5,12.57,pop,Hòa Minzy,1,0,0,0
SIM_01466,FAKE_CAR_0184,YARIS13_UK_MM,Toyota,Yaris hatchback 1.3 VVT-i,2008,1.3,6.7,5.8,80,85.7,58.1,46,0.69,857,0,17.6,0,9,0,3.9,2.95,2.88,50,0.662,0,0,0,5.29,0,0,0.061,28.98,35.79,-6.81,-4.47,12.68,bolero,Lệ Quyên,1,0,0,0
SIM_01467,FAKE_CAR_0184,YARIS13_UK_MM,Toyota,Yaris hatchback 1.3 VVT-i,2008,1.3,6.7,5.8,80,85.7,58.1,34.1,0.69,822,0,17.6,0,0,0,6.5,2.95,2.88,65,0.369,0,0,0,5.79,0,0,0.061,27.88,29.89,-2.01,0.83,12.74,nhạc trẻ,Lam Trường,1,0,0,0
SIM_01468,FAKE_CAR_0184,YARIS13_UK_MM,Toyota,Yaris hatchback 1.3 VVT-i,2008,1.3,6.7,5.8,80,85.7,58.1,39.3,0.69,857,0,17.6,11,0,0,5.7,2.95,2.88,80,0.255,0,0,0,6.53,0,0,0.061,28.98,40.83,-11.85,-8.27,12.45,dân ca/pop,Phương Mỹ Chi,1,0,0,0
SIM_01469,FAKE_CAR_0184,YARIS13_UK_MM,Toyota,Yaris hatchback 1.3 VVT-i,2008,1.3,6.7,5.8,80,85.7,58.1,41.7,0.69,2826,14,17.6,0,5,0,6.6,2.95,2.88,50,0.774,0,0,0,5.49,0,0,0.061,65.13,34.69,30.44,32.98,14.08,nhạc trẻ,Lam Trường,1,0,0,0
SIM_01470,FAKE_CAR_0184,YARIS13_UK_MM,Toyota,Yaris hatchback 1.3 VVT-i,2008,1.3,6.7,5.8,80,85.7,58.1,36.4,0.69,963,0,17.6,0,0,0,6.8,2.95,2.88,20,0.553,0,0,0,3.37,0,0,0.061,32.3,27.77,4.53,4.95,14.15,rock,không rõ,1,1,0,0
SIM_01471,FAKE_CAR_0184,YARIS13_UK_MM,Toyota,Yaris hatchback 1.3 VVT-i,2008,1.3,6.7,5.8,80,85.7,58.1,42.2,0.69,939,0,17.6,0,5,0,5.9,2.95,2.88,20,0.562,0,0,0,3.37,0,0,0.061,31.55,31.87,-0.32,0.1,12.86,bolero,Lệ Quyên,1,0,0,0
SIM_01472,FAKE_CAR_0184,YARIS13_UK_MM,Toyota,Yaris hatchback 1.3 VVT-i,2008,1.3,6.7,5.8,80,85.7,58.1,47.8,0.69,826,0,17.6,9,0,0,6.2,2.95,2.88,80,0.347,0,0,0,6.89,0,0,0.061,28,39.69,-11.69,-7.75,12.52,rock,không rõ,1,0,0,0
SIM_01473,FAKE_CAR_0185,YARIS13_NCP_2NZ,Toyota,Yaris 1.3 NCP9# / 2NZ-FE,2008,1.3,,,80,92.9,92.1,38,0.35,804,0,22.2,0,13,0,5.2,2.28,2.29,65,0.661,0,0,0,6,0,0,0.12,29.61,46.4,-16.79,-13.07,12.42,dân ca/pop,Phương Mỹ Chi,0,0,0,0
SIM_01474,FAKE_CAR_0185,YARIS13_NCP_2NZ,Toyota,Yaris 1.3 NCP9# / 2NZ-FE,2008,1.3,,,80,92.9,92.1,46,0.35,2067,28,22.2,0,13,0,4.6,2.28,2.29,80,0.718,0,0,0,7.74,0,0,0.12,61.94,47.54,14.4,19.86,14.01,instrumental,không rõ,0,0,0,0
SIM_01475,FAKE_CAR_0185,YARIS13_NCP_2NZ,Toyota,Yaris 1.3 NCP9# / 2NZ-FE,2008,1.3,,,80,92.9,92.1,47.2,0.35,2217,62,22.2,0,0,0,4.6,2.28,2.29,80,0.622,0,0,0,7.36,0,0,0.12,64.65,34.16,30.49,35.57,14.09,pop,Hòa Minzy,0,0,0,0
SIM_01476,FAKE_CAR_0185,YARIS13_NCP_2NZ,Toyota,Yaris 1.3 NCP9# / 2NZ-FE,2008,1.3,,,80,92.9,92.1,45.2,0.35,2261,49,22.2,11,5,0,7.2,2.28,2.29,20,0.254,0,0,0,2.66,0,0,0.12,65.44,48.06,17.38,17.76,14.1,bolero,Lệ Quyên,0,0,0,0
SIM_01477,FAKE_CAR_0185,YARIS13_NCP_2NZ,Toyota,Yaris 1.3 NCP9# / 2NZ-FE,2008,1.3,,,80,92.9,92.1,48.5,0.35,2005,19,22.2,8,10,11,3.7,2.28,2.29,10,0.452,0,0,0,2.43,0,0,0.12,60.82,57.33,3.49,3.64,14.14,pop,Hòa Minzy,0,0,0,0
SIM_01478,FAKE_CAR_0185,YARIS13_NCP_2NZ,Toyota,Yaris 1.3 NCP9# / 2NZ-FE,2008,1.3,,,80,92.9,92.1,40.6,0.35,2189,56,22.2,0,12,0,5.3,2.28,2.29,35,0.799,0,0,0,3.76,0,0,0.12,64.14,43.26,20.88,22.36,14.14,bolero,Lệ Quyên,0,0,0,0
SIM_01479,FAKE_CAR_0185,YARIS13_NCP_2NZ,Toyota,Yaris 1.3 NCP9# / 2NZ-FE,2008,1.3,,,80,92.9,92.1,44.5,0.35,2374,57,22.2,13,12,15,6.5,2.28,2.29,80,0.756,0,0,0,7.88,0,0,0.12,67.48,76.58,-9.1,-3.5,12.62,pop,Hòa Minzy,0,0,1,0
SIM_01480,FAKE_CAR_0185,YARIS13_NCP_2NZ,Toyota,Yaris 1.3 NCP9# / 2NZ-FE,2008,1.3,,,80,92.9,92.1,39,0.35,1886,27,22.2,10,9,0,6.8,2.28,2.29,65,0.49,0,0,0,5.53,0,0,0.12,58.67,53.53,5.14,8.39,14.03,bolero,Lệ Quyên,0,0,0,0
SIM_01481,FAKE_CAR_0186,YARIS15_CA_MT,Toyota,Yaris hatchback 1.5,2008,1.5,7,6.3,80,92.9,80.1,61,0.83,744,0,13.1,9,11,0,3.8,1.77,1.99,50,0.388,0,0,0,3.91,0,0,0.113,27.57,40.81,-13.24,-11.1,12.42,dân ca/pop,Phương Mỹ Chi,0,0,0,0
SIM_01482,FAKE_CAR_0186,YARIS15_CA_MT,Toyota,Yaris hatchback 1.5,2008,1.5,7,6.3,80,92.9,80.1,64.2,0.83,1878,58,13.1,8,5,0,1.7,1.77,1.99,50,0.372,0,0,0,3.88,0,0,0.113,58.53,31.68,26.85,28.96,14.1,instrumental,không rõ,0,0,0,0
SIM_01483,FAKE_CAR_0186,YARIS15_CA_MT,Toyota,Yaris hatchback 1.5,2008,1.5,7,6.3,80,92.9,80.1,74.4,0.83,803,0,13.1,0,0,0,5.3,1.77,1.99,10,0.615,0,0,0,2.15,0,0,0.113,29.58,20.55,9.03,9.41,14.04,instrumental,không rõ,0,0,0,0
SIM_01484,FAKE_CAR_0186,YARIS15_CA_MT,Toyota,Yaris hatchback 1.5,2008,1.5,7,6.3,80,92.9,80.1,71.3,0.83,730,0,13.1,0,16,15,4.5,1.77,1.99,20,0.672,0,0,0,2.52,0,0,0.113,27.09,51.12,-24.03,-23.28,12.2,dân ca/pop,Phương Mỹ Chi,0,0,0,0
SIM_01485,FAKE_CAR_0186,YARIS15_CA_MT,Toyota,Yaris hatchback 1.5,2008,1.5,7,6.3,80,92.9,80.1,73.4,0.83,858,0,13.1,0,12,0,4.6,1.77,1.99,65,0.803,0,0,0,6.09,0,0,0.113,31.44,35.79,-4.35,-0.03,12.61,instrumental,không rõ,0,0,1,0
SIM_01486,FAKE_CAR_0186,YARIS15_CA_MT,Toyota,Yaris hatchback 1.5,2008,1.5,7,6.3,80,92.9,80.1,73.2,0.83,802,0,13.1,0,0,0,4.3,1.77,1.99,50,0.552,0,0,0,4.2,0,0,0.113,29.54,21.6,7.94,10.37,14.13,bolero,Lệ Quyên,0,0,0,0
SIM_01487,FAKE_CAR_0186,YARIS15_CA_MT,Toyota,Yaris hatchback 1.5,2008,1.5,7,6.3,80,92.9,80.1,63.5,0.83,1835,53,13.1,0,0,0,3.1,1.77,1.99,35,0.745,0,0,0,3.41,0,0,0.113,57.75,19.61,38.14,39.78,14.04,rock,không rõ,0,0,0,0
SIM_01488,FAKE_CAR_0186,YARIS15_CA_MT,Toyota,Yaris hatchback 1.5,2008,1.5,7,6.3,80,92.9,80.1,69.6,0.83,758,0,13.1,9,12,0,5,1.77,1.99,80,0.375,0,0,0,6.11,0,0,0.113,28.05,45.21,-17.16,-12.82,12.42,instrumental,không rõ,0,0,0,0
SIM_01489,FAKE_CAR_0187,YARIS15_CA_AT,Toyota,Yaris hatchback 1.5,2008,1.5,7,6.4,85,91.2,59.4,49.6,0.78,934,0,13.1,0,10,12,6.9,2.62,2.99,95,0.69,0,0,0,10,0,0,0.144,35.49,52,-16.51,-9.13,12.41,bolero,Lệ Quyên,0,0,1,0
SIM_01490,FAKE_CAR_0187,YARIS15_CA_AT,Toyota,Yaris hatchback 1.5,2008,1.5,7,6.4,85,91.2,59.4,44.5,0.78,769,0,13.1,12,0,0,4.2,2.62,2.99,10,0.337,0,0,0,3.12,0,0,0.144,29.64,32.42,-2.78,-2.28,12.71,nhạc trẻ,Lam Trường,0,0,0,0
SIM_01491,FAKE_CAR_0187,YARIS15_CA_AT,Toyota,Yaris hatchback 1.5,2008,1.5,7,6.4,85,91.2,59.4,40.1,0.78,1610,36,13.1,0,8,0,3.5,2.62,2.99,20,0.869,0,0,0,3.6,0,0,0.144,56,28.2,27.8,28.78,14.01,bolero,Lệ Quyên,0,0,0,0
SIM_01492,FAKE_CAR_0187,YARIS15_CA_AT,Toyota,Yaris hatchback 1.5,2008,1.5,7,6.4,85,91.2,59.4,42.5,0.78,973,0,13.1,9,5,0,6.6,2.62,2.99,20,0.507,0,0,0,3.46,0,0,0.144,36.87,37.16,-0.29,0.55,12.72,nhạc trẻ,Lam Trường,0,0,0,0
SIM_01493,FAKE_CAR_0187,YARIS15_CA_AT,Toyota,Yaris hatchback 1.5,2008,1.5,7,6.4,85,91.2,59.4,40.8,0.78,887,0,13.1,0,13,0,6.1,2.62,2.99,20,0.525,0,0,0,3.47,0,0,0.144,33.83,35.67,-1.84,-0.99,12.68,nhạc trẻ,Lam Trường,0,0,0,0
SIM_01494,FAKE_CAR_0187,YARIS15_CA_AT,Toyota,Yaris hatchback 1.5,2008,1.5,7,6.4,85,91.2,59.4,44.3,0.78,835,0,13.1,0,10,18,7.1,2.62,2.99,65,0.558,0,0,0,6.42,0,0,0.144,31.98,54.62,-22.64,-18.84,12.14,pop,Hòa Minzy,0,0,0,0
SIM_01495,FAKE_CAR_0187,YARIS15_CA_AT,Toyota,Yaris hatchback 1.5,2008,1.5,7,6.4,85,91.2,59.4,37.4,0.78,750,0,13.1,0,0,9,4.5,2.62,2.99,50,0.634,0,0,0,5.35,0,0,0.144,28.97,31.95,-2.98,-0.25,12.63,pop,Hòa Minzy,0,0,0,0
SIM_01496,FAKE_CAR_0187,YARIS15_CA_AT,Toyota,Yaris hatchback 1.5,2008,1.5,7,6.4,85,91.2,59.4,43,0.78,932,0,13.1,0,11,15,7.4,2.62,2.99,80,0.672,0,0,0,8.26,0,0,0.144,35.42,54.76,-19.34,-13.7,12.27,nhạc trẻ,Lam Trường,0,0,1,0
SIM_01497,FAKE_CAR_0188,YARIS10_UK_MT,Toyota,Yaris hatchback 1.0 VVT-i,2008,1,6.4,5.4,80,93,91.9,40.7,0.27,845,0,17.3,0,5,0,7.1,1.56,2.28,65,0.65,0,0,0,5.96,0,0,0.121,31.04,35.36,-4.32,0.08,12.68,nhạc trẻ,Lam Trường,0,0,1,0
SIM_01498,FAKE_CAR_0188,YARIS10_UK_MT,Toyota,Yaris hatchback 1.0 VVT-i,2008,1,6.4,5.4,80,93,91.9,43.1,0.27,1729,65,17.3,0,11,18,5.6,1.56,2.28,10,0.363,0,0,0,2.41,0,0,0.121,55.9,54.31,1.59,2.44,14.03,dân ca/pop,Phương Mỹ Chi,0,0,0,0
SIM_01499,FAKE_CAR_0188,YARIS10_UK_MT,Toyota,Yaris hatchback 1.0 VVT-i,2008,1,6.4,5.4,80,93,91.9,39.6,0.27,863,0,17.3,0,5,0,5.6,1.56,2.28,20,0.609,0,0,0,2.79,0,0,0.121,31.65,30.69,0.96,2.19,14.03,bolero,Lệ Quyên,0,0,0,0
SIM_01500,FAKE_CAR_0188,YARIS10_UK_MT,Toyota,Yaris hatchback 1.0 VVT-i,2008,1,6.4,5.4,80,93,91.9,38.3,0.27,1980,12,17.3,0,12,0,6.6,1.56,2.28,80,0.255,0,0,0,5.93,0,0,0.121,60.43,41.83,18.6,22.97,14.05,nhạc trẻ,Lam Trường,0,0,0,0
SIM_01501,FAKE_CAR_0188,YARIS10_UK_MT,Toyota,Yaris hatchback 1.0 VVT-i,2008,1,6.4,5.4,80,93,91.9,39.3,0.27,2803,42,17.3,0,9,0,4.6,1.56,2.28,50,0.67,0,0,0,4.7,0,0,0.121,70.68,35.6,35.08,38.22,14.13,dân ca/pop,Phương Mỹ Chi,0,0,0,0
SIM_01502,FAKE_CAR_0188,YARIS10_UK_MT,Toyota,Yaris hatchback 1.0 VVT-i,2008,1,6.4,5.4,80,93,91.9,36.6,0.27,2362,50,17.3,14,13,0,4.2,1.56,2.28,10,0.58,0,0,0,2.44,0,0,0.121,67.34,50.94,16.4,17.28,14.12,dân ca/pop,Phương Mỹ Chi,0,0,0,0
SIM_01503,FAKE_CAR_0188,YARIS10_UK_MT,Toyota,Yaris hatchback 1.0 VVT-i,2008,1,6.4,5.4,80,93,91.9,32.1,0.27,2289,27,17.3,0,0,0,5.4,1.56,2.28,95,0.585,0,0,0,8.83,0,0,0.121,66.02,31.53,34.49,41.76,14.07,bolero,Lệ Quyên,0,0,0,0
SIM_01504,FAKE_CAR_0188,YARIS10_UK_MT,Toyota,Yaris hatchback 1.0 VVT-i,2008,1,6.4,5.4,80,93,91.9,39.4,0.27,771,0,17.3,0,5,13,7.1,1.56,2.28,95,0.548,0,0,0,8.64,0,0,0.121,28.52,51.04,-22.52,-15.44,12.16,bolero,Lệ Quyên,0,0,1,0
SIM_01505,FAKE_CAR_0189,AYGO10_UK_MT,Toyota,Aygo hatchback 1.0 VVT-i,2008,1,5.5,4.6,65,97.2,95.6,64.3,0.2,2121,36,18.9,0,5,0,4.3,2.97,1.98,80,0.844,1,90,78.66,7.91,0,0,0.042,53.48,114.77,-61.29,22.31,11.31,dân ca/pop,Phương Mỹ Chi,0,1,1,1
SIM_01506,FAKE_CAR_0189,AYGO10_UK_MT,Toyota,Aygo hatchback 1.0 VVT-i,2008,1,5.5,4.6,65,97.2,95.6,69.8,0.2,2012,18,18.9,0,15,0,2.9,2.97,1.98,80,0.559,1,90,64.45,6.81,0,0,0.042,51.81,108.06,-56.25,12.04,11.44,pop,Hòa Minzy,0,1,1,1
SIM_01507,FAKE_CAR_0189,AYGO10_UK_MT,Toyota,Aygo hatchback 1.0 VVT-i,2008,1,5.5,4.6,65,97.2,95.6,70.1,0.2,2427,14,18.9,0,14,0,4.6,2.97,1.98,35,0.416,1,90,22.67,3.07,0,0,0.042,58.18,63.24,-5.06,17.71,12.65,bolero,Lệ Quyên,0,0,1,1
SIM_01508,FAKE_CAR_0189,AYGO10_UK_MT,Toyota,Aygo hatchback 1.0 VVT-i,2008,1,5.5,4.6,65,97.2,95.6,75.7,0.2,932,0,18.9,0,0,0,1.8,2.97,1.98,65,0.487,1,90,46.68,5.21,0,0,0.042,28.87,72.59,-43.72,5.2,11.67,pop,Hòa Minzy,0,0,1,1
SIM_01509,FAKE_CAR_0189,AYGO10_UK_MT,Toyota,Aygo hatchback 1.0 VVT-i,2008,1,5.5,4.6,65,97.2,95.6,67.2,0.2,2543,37,18.9,0,0,0,1.8,2.97,1.98,95,0.348,1,90,67.99,7.31,0,0,0.042,59.96,96,-36.04,36.29,11.95,nhạc trẻ,Lam Trường,0,0,1,1
SIM_01510,FAKE_CAR_0189,AYGO10_UK_MT,Toyota,Aygo hatchback 1.0 VVT-i,2008,1,5.5,4.6,65,97.2,95.6,66,0.2,1725,59,18.9,0,0,0,3.7,2.97,1.98,50,0.275,1,90,28.38,3.7,0,0,0.042,47.41,54.68,-7.27,21.84,12.58,dân ca/pop,Phương Mỹ Chi,0,0,1,1
SIM_01511,FAKE_CAR_0189,AYGO10_UK_MT,Toyota,Aygo hatchback 1.0 VVT-i,2008,1,5.5,4.6,65,97.2,95.6,64.5,0.2,2555,37,18.9,0,5,0,3.8,2.97,1.98,65,0.322,1,90,40.37,4.76,0,0,0.042,60.02,72.83,-12.81,29.35,12.5,instrumental,không rõ,0,0,1,1
SIM_01512,FAKE_CAR_0189,AYGO10_UK_MT,Toyota,Aygo hatchback 1.0 VVT-i,2008,1,5.5,4.6,65,97.2,95.6,68.1,0.2,1819,40,18.9,12,15,0,4.3,2.97,1.98,50,0.221,1,90,26.86,3.6,0,0,0.042,48.85,80.66,-31.81,-4.32,11.98,pop,Hòa Minzy,0,0,1,1
SIM_01513,FAKE_CAR_0190,AURIS14_UK_MT,Toyota,Auris hatchback 1.4 VVT-i,2008,1.4,8.7,6.9,90,96.6,85.8,48.7,0.5,738,0,20.1,12,0,0,5.2,1.88,1.61,35,0.278,0,0,0,2.57,0,0,0.008,32.01,39.87,-7.86,-7.17,12.71,rock,không rõ,0,0,0,0
SIM_01514,FAKE_CAR_0190,AURIS14_UK_MT,Toyota,Auris hatchback 1.4 VVT-i,2008,1.4,8.7,6.9,90,96.6,85.8,52.2,0.5,916,0,20.1,0,13,0,3.6,1.88,1.61,80,0.795,0,0,0,7.35,0,0,0.008,39.09,44.05,-4.96,0.51,12.79,pop,Hòa Minzy,0,0,1,0
SIM_01515,FAKE_CAR_0190,AURIS14_UK_MT,Toyota,Auris hatchback 1.4 VVT-i,2008,1.4,8.7,6.9,90,96.6,85.8,50.2,0.5,2390,12,20.1,8,9,16,3.8,1.88,1.61,80,0.42,0,0,0,5.9,0,0,0.008,79.28,62.8,16.48,20.5,14.13,dân ca/pop,Phương Mỹ Chi,0,0,0,0
SIM_01516,FAKE_CAR_0190,AURIS14_UK_MT,Toyota,Auris hatchback 1.4 VVT-i,2008,1.4,8.7,6.9,90,96.6,85.8,47.6,0.5,2262,31,20.1,0,0,0,3.8,1.88,1.61,65,0.324,0,0,0,4.39,0,0,0.008,76.57,28.29,48.28,50.79,14.11,nhạc trẻ,Lam Trường,0,0,0,0
SIM_01517,FAKE_CAR_0190,AURIS14_UK_MT,Toyota,Auris hatchback 1.4 VVT-i,2008,1.4,8.7,6.9,90,96.6,85.8,55.3,0.5,909,0,20.1,0,13,13,6,1.88,1.61,65,0.367,0,0,0,4.51,0,0,0.008,38.81,56.61,-17.8,-15.17,12.33,nhạc trẻ,Lam Trường,0,0,0,0
SIM_01518,FAKE_CAR_0190,AURIS14_UK_MT,Toyota,Auris hatchback 1.4 VVT-i,2008,1.4,8.7,6.9,90,96.6,85.8,47.7,0.5,897,0,20.1,0,15,0,5.6,1.88,1.61,35,0.231,0,0,0,2.52,0,0,0.008,38.33,43.22,-4.89,-4.25,12.73,dân ca/pop,Phương Mỹ Chi,0,0,0,0
SIM_01519,FAKE_CAR_0190,AURIS14_UK_MT,Toyota,Auris hatchback 1.4 VVT-i,2008,1.4,8.7,6.9,90,96.6,85.8,47.2,0.5,2187,50,20.1,0,5,0,3.5,1.88,1.61,50,0.317,0,0,0,3.4,0,0,0.008,74.99,32,42.99,44.51,14.12,pop,Hòa Minzy,0,0,0,0
SIM_01520,FAKE_CAR_0190,AURIS14_UK_MT,Toyota,Auris hatchback 1.4 VVT-i,2008,1.4,8.7,6.9,90,96.6,85.8,58.9,0.5,819,0,20.1,14,15,0,4.8,1.88,1.61,80,0.474,0,0,0,6.11,0,0,0.008,35.23,60.01,-24.78,-20.55,12.2,pop,Hòa Minzy,0,0,0,0
SIM_01521,FAKE_CAR_0191,AURIS16_UK_MT,Toyota,Auris hatchback 1.6 VVT-i,2008,1.6,9,7.1,110,92.3,78.9,32.4,0.12,2285,22,17.4,0,0,0,7,2.14,3.3,35,0.205,1,28,5.76,4.18,0,0,0.103,89.99,34.34,55.65,63.45,14.06,pop,Hòa Minzy,0,0,0,0
SIM_01522,FAKE_CAR_0191,AURIS16_UK_MT,Toyota,Auris hatchback 1.6 VVT-i,2008,1.6,9,7.1,110,92.3,78.9,37.3,0.12,1610,29,17.4,0,14,0,4.3,2.14,3.3,35,0.743,1,28,9.06,4.72,0,0,0.103,73.35,49.48,23.87,35.51,14.16,nhạc trẻ,Lam Trường,0,0,0,0
SIM_01523,FAKE_CAR_0191,AURIS16_UK_MT,Toyota,Auris hatchback 1.6 VVT-i,2008,1.6,9,7.1,110,92.3,78.9,39.5,0.12,2850,13,17.4,0,0,0,8.2,2.14,3.3,35,0.555,1,28,7.91,4.53,0,0,0.103,96.45,38.04,58.41,68.71,14.15,bolero,Lệ Quyên,0,0,0,0
SIM_01524,FAKE_CAR_0191,AURIS16_UK_MT,Toyota,Auris hatchback 1.6 VVT-i,2008,1.6,9,7.1,110,92.3,78.9,39.5,0.12,2499,38,17.4,0,9,0,6.5,2.14,3.3,95,0.741,1,28,28.84,10,0,0,0.103,95.27,71.74,23.53,60.23,14.14,bolero,Lệ Quyên,0,0,0,0
SIM_01525,FAKE_CAR_0191,AURIS16_UK_MT,Toyota,Auris hatchback 1.6 VVT-i,2008,1.6,9,7.1,110,92.3,78.9,38.6,0.12,1806,29,17.4,0,0,0,7.5,2.14,3.3,10,0.747,1,28,4.72,3.48,0,0,0.103,78.18,33.1,45.08,51.14,14.15,pop,Hòa Minzy,0,0,0,0
SIM_01526,FAKE_CAR_0191,AURIS16_UK_MT,Toyota,Auris hatchback 1.6 VVT-i,2008,1.6,9,7.1,110,92.3,78.9,39,0.12,2425,35,17.4,0,0,0,7.3,2.14,3.3,80,0.209,1,28,14.62,6.77,0,0,0.103,93.44,46.09,47.35,66.6,14.09,nhạc trẻ,Lam Trường,0,0,0,0
SIM_01527,FAKE_CAR_0191,AURIS16_UK_MT,Toyota,Auris hatchback 1.6 VVT-i,2008,1.6,9,7.1,110,92.3,78.9,39.9,0.12,2365,42,17.4,12,14,0,7.2,2.14,3.3,50,0.306,1,28,9.1,5.07,0,0,0.103,91.96,64.77,27.19,39.22,14.15,rock,không rõ,0,0,0,0
SIM_01528,FAKE_CAR_0191,AURIS16_UK_MT,Toyota,Auris hatchback 1.6 VVT-i,2008,1.6,9,7.1,110,92.3,78.9,37.5,0.12,2876,61,17.4,0,0,0,7.1,2.14,3.3,10,0.539,1,28,4.06,3.45,0,0,0.103,96.45,32.01,64.44,69.81,14.12,rock,không rõ,0,0,0,0
SIM_01529,FAKE_CAR_0192,AVENSIS18_UK_MT,Toyota,Avensis sedan/hatch 1.8 VVT-i,2008,1.8,9.4,7.2,105,85.2,47,55.6,0.75,918,0,16.3,0,12,0,6.1,1.99,2.76,65,0.297,1,12,5.25,5.47,0,0,0.088,40.3,45.12,-4.82,3.91,12.66,pop,Hòa Minzy,0,0,1,0
SIM_01530,FAKE_CAR_0192,AVENSIS18_UK_MT,Toyota,Avensis sedan/hatch 1.8 VVT-i,2008,1.8,9.4,7.2,105,85.2,47,48.4,0.75,833,0,16.3,14,0,17,3.7,1.99,2.76,10,0.67,1,12,1.92,2.93,0,0,0.088,36.83,55.85,-19.02,-16.16,12.28,rock,không rõ,0,0,0,0
SIM_01531,FAKE_CAR_0192,AVENSIS18_UK_MT,Toyota,Avensis sedan/hatch 1.8 VVT-i,2008,1.8,9.4,7.2,105,85.2,47,52,0.75,1660,47,16.3,13,5,0,4.9,1.99,2.76,35,0.336,1,12,2.81,3.77,0,0,0.088,65.71,45.78,19.93,24.52,14.17,pop,Hòa Minzy,0,0,0,0
SIM_01532,FAKE_CAR_0192,AVENSIS18_UK_MT,Toyota,Avensis sedan/hatch 1.8 VVT-i,2008,1.8,9.4,7.2,105,85.2,47,53.7,0.75,735,0,16.3,0,0,0,5.1,1.99,2.76,80,0.716,1,12,9.64,8.2,0,0,0.088,32.82,39.24,-6.42,9.43,12.59,dân ca/pop,Phương Mỹ Chi,0,0,1,0
SIM_01533,FAKE_CAR_0192,AVENSIS18_UK_MT,Toyota,Avensis sedan/hatch 1.8 VVT-i,2008,1.8,9.4,7.2,105,85.2,47,58.7,0.75,917,0,16.3,0,5,0,5.3,1.99,2.76,20,0.74,1,12,2.6,3.32,0,0,0.088,40.26,32.52,7.74,11.67,14.17,rock,không rõ,0,0,0,0
SIM_01534,FAKE_CAR_0192,AVENSIS18_UK_MT,Toyota,Avensis sedan/hatch 1.8 VVT-i,2008,1.8,9.4,7.2,105,85.2,47,52.5,0.75,2549,12,16.3,0,5,11,6.4,1.99,2.76,65,0.421,1,12,5.89,5.81,0,0,0.088,84.99,50.4,34.59,44.3,14.1,instrumental,không rõ,0,0,0,0
SIM_01535,FAKE_CAR_0192,AVENSIS18_UK_MT,Toyota,Avensis sedan/hatch 1.8 VVT-i,2008,1.8,9.4,7.2,105,85.2,47,55.1,0.75,786,0,16.3,0,5,0,2.7,1.99,2.76,20,0.654,1,12,2.45,3.29,0,0,0.088,34.9,29.74,5.16,8.91,14.14,instrumental,không rõ,0,0,0,0
SIM_01536,FAKE_CAR_0192,AVENSIS18_UK_MT,Toyota,Avensis sedan/hatch 1.8 VVT-i,2008,1.8,9.4,7.2,105,85.2,47,55.6,0.75,724,0,16.3,0,10,11,3.4,1.99,2.76,50,0.83,1,12,5.87,5.47,0,0,0.088,32.37,52.04,-19.67,-10.32,12.36,nhạc trẻ,Lam Trường,0,0,1,0
SIM_01537,FAKE_CAR_0193,RAV4_20_UK_MT,Toyota,RAV4 2.0 VVT-i,2008,2,11,8.6,115,93.8,85.9,66.7,0.85,798,0,21.7,0,15,0,3.1,2.11,1.83,95,0.718,0,0,0,9.06,0,0,0.513,42.68,48.86,-6.18,0.77,12.41,pop,Hòa Minzy,0,0,1,0
SIM_01538,FAKE_CAR_0193,RAV4_20_UK_MT,Toyota,RAV4 2.0 VVT-i,2008,2,11,8.6,115,93.8,85.9,73.3,0.85,953,0,21.7,0,0,10,3.9,2.11,1.83,10,0.326,0,0,0,1.96,0,0,0.513,50.32,37.56,12.76,12.61,13.86,dân ca/pop,Phương Mỹ Chi,0,0,0,0
SIM_01539,FAKE_CAR_0193,RAV4_20_UK_MT,Toyota,RAV4 2.0 VVT-i,2008,2,11,8.6,115,93.8,85.9,74.2,0.85,850,0,21.7,11,5,15,3.9,2.11,1.83,20,0.731,0,0,0,2.39,0,0,0.513,45.24,58.99,-13.75,-13.47,12.21,nhạc trẻ,Lam Trường,0,0,0,0
SIM_01540,FAKE_CAR_0193,RAV4_20_UK_MT,Toyota,RAV4 2.0 VVT-i,2008,2,11,8.6,115,93.8,85.9,64.3,0.85,847,0,21.7,10,0,0,1.4,2.11,1.83,95,0.866,0,0,0,9.82,0,0,0.513,45.1,42.92,2.18,9.89,13.86,dân ca/pop,Phương Mỹ Chi,0,0,0,0
SIM_01541,FAKE_CAR_0193,RAV4_20_UK_MT,Toyota,RAV4 2.0 VVT-i,2008,2,11,8.6,115,93.8,85.9,77,0.85,843,0,21.7,0,0,0,4.6,2.11,1.83,80,0.736,0,0,0,7.35,0,0,0.513,44.9,33.65,11.25,16.49,13.86,rock,không rõ,0,0,0,0
SIM_01542,FAKE_CAR_0193,RAV4_20_UK_MT,Toyota,RAV4 2.0 VVT-i,2008,2,11,8.6,115,93.8,85.9,71,0.85,772,0,21.7,0,5,0,2.7,2.11,1.83,65,0.286,0,0,0,4.51,0,0,0.513,41.4,33.91,7.49,9.89,13.81,rock,không rõ,0,0,0,0
SIM_01543,FAKE_CAR_0193,RAV4_20_UK_MT,Toyota,RAV4 2.0 VVT-i,2008,2,11,8.6,115,93.8,85.9,75.9,0.85,991,0,21.7,0,0,0,2.8,2.11,1.83,95,0.823,0,0,0,9.6,0,0,0.513,52.2,34.1,18.1,25.59,13.85,instrumental,không rõ,0,0,0,0
SIM_01544,FAKE_CAR_0193,RAV4_20_UK_MT,Toyota,RAV4 2.0 VVT-i,2008,2,11,8.6,115,93.8,85.9,66.4,0.85,2861,18,21.7,0,13,0,4.2,2.11,1.83,50,0.708,0,0,0,4.32,0,0,0.513,102.48,43.22,59.26,61.47,13.79,rock,không rõ,0,0,0,0
SIM_01545,FAKE_CAR_0194,MAZDA2_13_UK_MT,Mazda,Mazda2 hatchback 1.3 MZR 86ps 5 cửa,2008,1.349,6.9,5.2,80,93.5,89.8,71,0.33,2812,40,12.2,0,0,0,5,1.5,3.05,50,0.537,0,0,0,5.23,0,0,0.129,71.06,22.43,48.63,52.36,14.11,nhạc trẻ,Lam Trường,0,0,0,0
SIM_01546,FAKE_CAR_0194,MAZDA2_13_UK_MT,Mazda,Mazda2 hatchback 1.3 MZR 86ps 5 cửa,2008,1.349,6.9,5.2,80,93.5,89.8,69.8,0.33,2545,23,12.2,0,11,0,3.7,1.5,3.05,95,0.866,0,0,0,10,0,0,0.129,71.02,36.9,34.12,42.62,14.04,nhạc trẻ,Lam Trường,0,0,0,0
SIM_01547,FAKE_CAR_0194,MAZDA2_13_UK_MT,Mazda,Mazda2 hatchback 1.3 MZR 86ps 5 cửa,2008,1.349,6.9,5.2,80,93.5,89.8,70.2,0.33,2423,39,12.2,11,9,0,2.1,1.5,3.05,20,0.627,0,0,0,3.57,0,0,0.129,68.81,37.87,30.94,33.01,14.09,pop,Hòa Minzy,0,0,0,0
SIM_01548,FAKE_CAR_0194,MAZDA2_13_UK_MT,Mazda,Mazda2 hatchback 1.3 MZR 86ps 5 cửa,2008,1.349,6.9,5.2,80,93.5,89.8,80.6,0.33,888,0,12.2,0,15,0,4.8,1.5,3.05,65,0.566,0,0,0,6.5,0,0,0.129,32.67,38.5,-5.83,-0.83,12.57,nhạc trẻ,Lam Trường,0,0,1,0
SIM_01549,FAKE_CAR_0194,MAZDA2_13_UK_MT,Mazda,Mazda2 hatchback 1.3 MZR 86ps 5 cửa,2008,1.349,6.9,5.2,80,93.5,89.8,72.8,0.33,875,0,12.2,11,5,0,1.7,1.5,3.05,95,0.401,0,0,0,8.65,0,0,0.129,32.23,38.55,-6.32,0.83,12.61,pop,Hòa Minzy,0,0,1,0
SIM_01550,FAKE_CAR_0194,MAZDA2_13_UK_MT,Mazda,Mazda2 hatchback 1.3 MZR 86ps 5 cửa,2008,1.349,6.9,5.2,80,93.5,89.8,77.8,0.33,988,0,12.2,0,13,0,4.2,1.5,3.05,65,0.202,0,0,0,5.5,0,0,0.129,36.09,34.9,1.19,5.19,14.11,rock,không rõ,0,0,0,0
SIM_01551,FAKE_CAR_0194,MAZDA2_13_UK_MT,Mazda,Mazda2 hatchback 1.3 MZR 86ps 5 cửa,2008,1.349,6.9,5.2,80,93.5,89.8,68.5,0.33,2193,14,12.2,0,13,0,1.7,1.5,3.05,65,0.775,0,0,0,7.07,0,0,0.129,64.63,33.97,30.66,36.23,14.03,pop,Hòa Minzy,0,0,0,0
SIM_01552,FAKE_CAR_0194,MAZDA2_13_UK_MT,Mazda,Mazda2 hatchback 1.3 MZR 86ps 5 cửa,2008,1.349,6.9,5.2,80,93.5,89.8,71.8,0.33,959,0,12.2,14,0,0,1.9,1.5,3.05,35,0.814,0,0,0,4.54,0,0,0.129,35.1,32.64,2.46,5.5,14.11,bolero,Lệ Quyên,0,0,0,0
SIM_01553,FAKE_CAR_0195,MAZDA2_15_UK_MT,Mazda,Mazda2 hatchback 1.5 MZR 103ps,2008,1.498,7.6,5.7,90,90.9,81,23.1,0.8,803,0,13.9,0,8,0,4.7,3,1.94,35,0.64,0,0,0,3.26,0,0,0.1,32.56,29.86,2.7,2.96,14.12,rock,không rõ,0,0,0,0
SIM_01554,FAKE_CAR_0195,MAZDA2_15_UK_MT,Mazda,Mazda2 hatchback 1.5 MZR 103ps,2008,1.498,7.6,5.7,90,90.9,81,31.5,0.8,2816,37,13.9,0,0,13,6.8,3,1.94,65,0.258,0,0,0,4.54,0,0,0.1,77.72,38.24,39.48,41.02,14.07,bolero,Lệ Quyên,0,0,0,0
SIM_01555,FAKE_CAR_0195,MAZDA2_15_UK_MT,Mazda,Mazda2 hatchback 1.5 MZR 103ps,2008,1.498,7.6,5.7,90,90.9,81,36.6,0.8,838,0,13.9,11,5,0,4.8,3,1.94,50,0.708,0,0,0,4.43,0,0,0.1,33.86,39.13,-5.27,-3.84,12.71,nhạc trẻ,Lam Trường,0,0,0,0
SIM_01556,FAKE_CAR_0195,MAZDA2_15_UK_MT,Mazda,Mazda2 hatchback 1.5 MZR 103ps,2008,1.498,7.6,5.7,90,90.9,81,30.3,0.8,731,0,13.9,0,0,0,7.4,3,1.94,95,0.59,0,0,0,8.51,0,0,0.1,29.86,29.81,0.05,5.56,14.16,nhạc trẻ,Lam Trường,0,0,0,0
SIM_01557,FAKE_CAR_0195,MAZDA2_15_UK_MT,Mazda,Mazda2 hatchback 1.5 MZR 103ps,2008,1.498,7.6,5.7,90,90.9,81,25.9,0.8,2796,65,13.9,0,5,0,4.9,3,1.94,95,0.395,0,0,0,7.51,0,0,0.1,77.72,31.31,46.41,50.92,14.05,bolero,Lệ Quyên,0,0,0,0
SIM_01558,FAKE_CAR_0195,MAZDA2_15_UK_MT,Mazda,Mazda2 hatchback 1.5 MZR 103ps,2008,1.498,7.6,5.7,90,90.9,81,33.5,0.8,824,0,13.9,0,5,0,7.2,3,1.94,95,0.43,0,0,0,7.69,0,0,0.1,33.34,33.79,-0.45,4.24,12.77,nhạc trẻ,Lam Trường,0,0,0,0
SIM_01559,FAKE_CAR_0195,MAZDA2_15_UK_MT,Mazda,Mazda2 hatchback 1.5 MZR 103ps,2008,1.498,7.6,5.7,90,90.9,81,29.4,0.8,955,0,13.9,0,0,17,6.9,3,1.94,20,0.506,0,0,0,2.41,0,0,0.1,38.24,40.21,-1.97,-2.56,12.77,rock,không rõ,0,0,0,0
SIM_01560,FAKE_CAR_0195,MAZDA2_15_UK_MT,Mazda,Mazda2 hatchback 1.5 MZR 103ps,2008,1.498,7.6,5.7,90,90.9,81,29.4,0.8,754,0,13.9,0,5,0,4.8,3,1.94,50,0.252,0,0,0,3.62,0,0,0.1,30.72,27.32,3.4,4.02,14.04,rock,không rõ,0,0,0,0
SIM_01561,FAKE_CAR_0196,HONDA_FIT15_CA_MT,Honda,Fit hatchback 1.5 DX,2008,1.5,7.1,6.5,75,94.5,58.3,43.2,0.64,747,0,15,0,15,0,7,2.79,2.28,10,0.398,0,0,0,2.42,1,8.72,0.107,26.39,48.14,-21.75,-13.4,12.25,dân ca/pop,Phương Mỹ Chi,0,0,1,0
SIM_01562,FAKE_CAR_0196,HONDA_FIT15_CA_MT,Honda,Fit hatchback 1.5 DX,2008,1.5,7.1,6.5,75,94.5,58.3,44.3,0.64,908,0,15,0,0,0,5.1,2.79,2.28,20,0.466,0,0,0,2.73,1,8.72,0.107,31.61,31.55,0.06,8.72,14.02,dân ca/pop,Phương Mỹ Chi,0,0,0,0
SIM_01563,FAKE_CAR_0196,HONDA_FIT15_CA_MT,Honda,Fit hatchback 1.5 DX,2008,1.5,7.1,6.5,75,94.5,58.3,41.4,0.64,770,0,15,0,5,0,4.8,2.79,2.28,80,0.773,0,0,0,7.94,1,8.72,0.107,27.13,41.46,-14.33,-0.46,12.5,bolero,Lệ Quyên,0,0,1,0
SIM_01564,FAKE_CAR_0196,HONDA_FIT15_CA_MT,Honda,Fit hatchback 1.5 DX,2008,1.5,7.1,6.5,75,94.5,58.3,41.6,0.64,881,0,15,9,5,0,5.2,2.79,2.28,65,0.206,0,0,0,4.74,1,8.72,0.107,30.73,47.66,-16.93,-6.26,12.3,pop,Hòa Minzy,0,0,1,0
SIM_01565,FAKE_CAR_0196,HONDA_FIT15_CA_MT,Honda,Fit hatchback 1.5 DX,2008,1.5,7.1,6.5,75,94.5,58.3,44.7,0.64,2168,30,15,0,5,0,5.7,2.79,2.28,10,0.249,0,0,0,2.4,1,8.72,0.107,60.81,36.82,23.99,32.32,14.07,pop,Hòa Minzy,0,0,0,0
SIM_01566,FAKE_CAR_0196,HONDA_FIT15_CA_MT,Honda,Fit hatchback 1.5 DX,2008,1.5,7.1,6.5,75,94.5,58.3,44.1,0.64,773,0,15,11,5,0,4.2,2.79,2.28,50,0.528,0,0,0,4.45,1,8.72,0.107,27.23,48.37,-21.14,-10.76,12.2,instrumental,không rõ,0,0,1,0
SIM_01567,FAKE_CAR_0196,HONDA_FIT15_CA_MT,Honda,Fit hatchback 1.5 DX,2008,1.5,7.1,6.5,75,94.5,58.3,44.3,0.64,879,0,15,0,8,15,4.8,2.79,2.28,20,0.719,0,0,0,2.83,1,8.72,0.107,30.67,54.35,-23.68,-14.92,12.26,nhạc trẻ,Lam Trường,0,0,1,0
SIM_01568,FAKE_CAR_0196,HONDA_FIT15_CA_MT,Honda,Fit hatchback 1.5 DX,2008,1.5,7.1,6.5,75,94.5,58.3,46.1,0.64,949,0,15,0,5,0,4.8,2.79,2.28,50,0.241,0,0,0,3.94,1,8.72,0.107,32.93,37.46,-4.53,5.34,12.67,rock,không rõ,0,0,1,0
SIM_01569,FAKE_CAR_0197,YARIS13_UK_MT,Toyota,Yaris hatchback 1.3 VVT-i,2008,1.3,7.2,6,80,88.8,80.6,54.8,0.82,2177,30,22.9,0,5,0,3.4,1.32,1.96,80,0.785,1,28,23.56,7.67,0,0,0.017,61.1,62.53,-1.43,28.48,12.78,nhạc trẻ,Lam Trường,0,0,0,1
SIM_01570,FAKE_CAR_0197,YARIS13_UK_MT,Toyota,Yaris hatchback 1.3 VVT-i,2008,1.3,7.2,6,80,88.8,80.6,64.8,0.82,785,0,22.9,0,5,0,4.2,1.32,1.96,95,0.739,1,28,28.8,9.3,0,0,0.017,27.69,70.2,-42.51,-5.73,11.81,dân ca/pop,Phương Mỹ Chi,0,0,1,1
SIM_01571,FAKE_CAR_0197,YARIS13_UK_MT,Toyota,Yaris hatchback 1.3 VVT-i,2008,1.3,7.2,6,80,88.8,80.6,53.2,0.82,843,0,22.9,11,15,0,4.9,1.32,1.96,65,0.59,1,28,15.75,5.47,0,0,0.017,29.57,75.02,-45.45,-25.55,11.73,dân ca/pop,Phương Mỹ Chi,0,0,1,1
SIM_01572,FAKE_CAR_0197,YARIS13_UK_MT,Toyota,Yaris hatchback 1.3 VVT-i,2008,1.3,7.2,6,80,88.8,80.6,54.5,0.82,732,0,22.9,0,0,18,5.8,1.32,1.96,80,0.478,1,28,18.79,6.48,0,0,0.017,25.96,71.97,-46.01,-22.06,11.75,pop,Hòa Minzy,0,0,1,1
SIM_01573,FAKE_CAR_0197,YARIS13_UK_MT,Toyota,Yaris hatchback 1.3 VVT-i,2008,1.3,7.2,6,80,88.8,80.6,56,0.82,761,0,22.9,0,0,0,2.4,1.32,1.96,80,0.294,1,28,15.94,5.76,0,0,0.017,26.91,47,-20.09,0.29,12.34,dân ca/pop,Phương Mỹ Chi,0,0,1,1
SIM_01574,FAKE_CAR_0197,YARIS13_UK_MT,Toyota,Yaris hatchback 1.3 VVT-i,2008,1.3,7.2,6,80,88.8,80.6,64.2,0.82,755,0,22.9,14,0,0,6.1,1.32,1.96,80,0.814,1,28,24.01,7.78,0,0,0.017,26.71,74.79,-48.08,-17.61,11.66,pop,Hòa Minzy,0,0,1,1
SIM_01575,FAKE_CAR_0197,YARIS13_UK_MT,Toyota,Yaris hatchback 1.3 VVT-i,2008,1.3,7.2,6,80,88.8,80.6,59.1,0.82,861,0,22.9,0,5,0,6.3,1.32,1.96,35,0.786,1,28,9.32,3.42,0,0,0.017,30.15,46.94,-16.79,-5.37,12.48,rock,không rõ,0,0,1,1
SIM_01576,FAKE_CAR_0197,YARIS13_UK_MT,Toyota,Yaris hatchback 1.3 VVT-i,2008,1.3,7.2,6,80,88.8,80.6,55.5,0.82,983,0,22.9,0,9,0,5.7,1.32,1.96,80,0.4,1,28,17.58,6.17,0,0,0.017,34.12,61.35,-27.23,-4.8,12.2,nhạc trẻ,Lam Trường,0,0,1,1
SIM_01577,FAKE_CAR_0198,YARIS13_UK_MM,Toyota,Yaris hatchback 1.3 VVT-i,2008,1.3,6.7,5.8,85,93.5,83.6,59.9,0.19,1907,60,20.8,0,13,0,2,2.26,2.93,80,0.225,0,0,0,6.47,0,0,0.156,63.15,42.27,20.88,25.09,14,rock,không rõ,0,0,0,0
SIM_01578,FAKE_CAR_0198,YARIS13_UK_MM,Toyota,Yaris hatchback 1.3 VVT-i,2008,1.3,6.7,5.8,85,93.5,83.6,57.7,0.19,1948,64,20.8,9,0,0,4,2.26,2.93,20,0.488,0,0,0,3.39,0,0,0.156,63.94,37.19,26.75,27.88,14.06,instrumental,không rõ,0,0,0,0
SIM_01579,FAKE_CAR_0198,YARIS13_UK_MM,Toyota,Yaris hatchback 1.3 VVT-i,2008,1.3,6.7,5.8,85,93.5,83.6,61.3,0.19,1622,39,20.8,11,0,0,2.7,2.26,2.93,80,0.651,0,0,0,8.12,0,0,0.156,57.65,42.62,15.03,20.89,14.07,instrumental,không rõ,0,0,0,0
SIM_01580,FAKE_CAR_0198,YARIS13_UK_MM,Toyota,Yaris hatchback 1.3 VVT-i,2008,1.3,6.7,5.8,85,93.5,83.6,65.3,0.19,900,0,20.8,12,5,0,5.7,2.26,2.93,95,0.794,0,0,0,10,0,0,0.156,35.15,53.5,-18.35,-10.61,12.28,dân ca/pop,Phương Mỹ Chi,0,0,1,0
SIM_01581,FAKE_CAR_0198,YARIS13_UK_MM,Toyota,Yaris hatchback 1.3 VVT-i,2008,1.3,6.7,5.8,85,93.5,83.6,63,0.19,764,0,20.8,8,8,0,3.3,2.26,2.93,20,0.768,0,0,0,3.5,0,0,0.156,30.21,43.6,-13.39,-12.15,12.41,rock,không rõ,0,0,0,0
SIM_01582,FAKE_CAR_0198,YARIS13_UK_MM,Toyota,Yaris hatchback 1.3 VVT-i,2008,1.3,6.7,5.8,85,93.5,83.6,67.1,0.19,2922,45,20.8,0,10,0,5.2,2.26,2.93,95,0.287,0,0,0,7.94,0,0,0.156,75.5,43.94,31.56,37.24,14.05,bolero,Lệ Quyên,0,0,0,0
SIM_01583,FAKE_CAR_0198,YARIS13_UK_MM,Toyota,Yaris hatchback 1.3 VVT-i,2008,1.3,6.7,5.8,85,93.5,83.6,57.6,0.19,2490,54,20.8,0,0,0,4.1,2.26,2.93,80,0.825,0,0,0,8.79,0,0,0.156,74.4,33.69,40.71,47.24,14.04,pop,Hòa Minzy,0,0,0,0
SIM_01584,FAKE_CAR_0198,YARIS13_UK_MM,Toyota,Yaris hatchback 1.3 VVT-i,2008,1.3,6.7,5.8,85,93.5,83.6,62.8,0.19,1630,52,20.8,11,0,0,3.2,2.26,2.93,95,0.558,0,0,0,9.34,0,0,0.156,57.8,44.34,13.46,20.54,14.01,nhạc trẻ,Lam Trường,0,0,0,0
SIM_01585,FAKE_CAR_0199,YARIS13_NCP_2NZ,Toyota,Yaris 1.3 NCP9# / 2NZ-FE,2008,1.3,,,75,87.8,86.3,31.3,0.35,1672,47,15,0,0,0,6.3,2.26,2.18,35,0.239,0,0,0,3.1,0,0,0.082,48.56,24.4,24.16,25,14.13,nhạc trẻ,Lam Trường,0,0,0,0
SIM_01586,FAKE_CAR_0199,YARIS13_NCP_2NZ,Toyota,Yaris 1.3 NCP9# / 2NZ-FE,2008,1.3,,,75,87.8,86.3,38.2,0.35,1929,59,15,0,11,0,5.7,2.26,2.18,35,0.483,0,0,0,3.34,0,0,0.082,52.67,35.04,17.63,18.71,14.11,bolero,Lệ Quyên,0,0,0,0
SIM_01587,FAKE_CAR_0199,YARIS13_NCP_2NZ,Toyota,Yaris 1.3 NCP9# / 2NZ-FE,2008,1.3,,,75,87.8,86.3,43.3,0.35,799,0,15,0,10,0,6.2,2.26,2.18,50,0.27,0,0,0,3.89,0,0,0.082,26.08,35.09,-9.01,-7.38,12.63,bolero,Lệ Quyên,0,0,0,0
SIM_01588,FAKE_CAR_0199,YARIS13_NCP_2NZ,Toyota,Yaris 1.3 NCP9# / 2NZ-FE,2008,1.3,,,75,87.8,86.3,42.2,0.35,858,0,15,0,8,0,5.3,2.26,2.18,65,0.237,0,0,0,4.72,0,0,0.082,27.86,33.02,-5.16,-2.7,12.72,instrumental,không rõ,0,0,1,0
SIM_01589,FAKE_CAR_0199,YARIS13_NCP_2NZ,Toyota,Yaris 1.3 NCP9# / 2NZ-FE,2008,1.3,,,75,87.8,86.3,32.8,0.35,1683,24,15,0,5,0,7.2,2.26,2.18,80,0.228,0,0,0,5.73,0,0,0.082,48.74,32.93,15.81,19.28,14.15,instrumental,không rõ,0,0,0,0
SIM_01590,FAKE_CAR_0199,YARIS13_NCP_2NZ,Toyota,Yaris 1.3 NCP9# / 2NZ-FE,2008,1.3,,,75,87.8,86.3,36.2,0.35,2529,16,15,0,11,10,6.3,2.26,2.18,10,0.837,0,0,0,2.37,0,0,0.082,62.27,44.67,17.6,17.71,14.11,rock,không rõ,0,0,0,0
SIM_01591,FAKE_CAR_0199,YARIS13_NCP_2NZ,Toyota,Yaris 1.3 NCP9# / 2NZ-FE,2008,1.3,,,75,87.8,86.3,42.6,0.35,793,0,15,14,16,0,6.5,2.26,2.18,50,0.657,0,0,0,4.58,0,0,0.082,25.9,56.08,-30.18,-27.86,11.99,bolero,Lệ Quyên,0,0,0,0
SIM_01592,FAKE_CAR_0199,YARIS13_NCP_2NZ,Toyota,Yaris 1.3 NCP9# / 2NZ-FE,2008,1.3,,,75,87.8,86.3,31.7,0.35,722,0,15,0,5,0,6.7,2.26,2.18,65,0.499,0,0,0,5.44,0,0,0.082,23.77,32.14,-8.37,-5.19,12.61,dân ca/pop,Phương Mỹ Chi,0,0,0,0
SIM_01593,FAKE_CAR_0200,YARIS15_CA_MT,Toyota,Yaris hatchback 1.5,2008,1.5,7,6.3,80,85.8,81.5,74.2,0.64,1694,36,17.6,0,5,9,3.4,2.57,2.08,80,0.651,0,0,0,7.27,0,0,0.556,50.99,42.27,8.72,13.42,13.83,dân ca/pop,Phương Mỹ Chi,0,0,0,0
SIM_01594,FAKE_CAR_0200,YARIS15_CA_MT,Toyota,Yaris hatchback 1.5,2008,1.5,7,6.3,80,85.8,81.5,75.9,0.64,781,0,17.6,0,11,0,3.6,2.57,2.08,35,0.721,0,0,0,3.48,0,0,0.556,26.62,35.68,-9.06,-8.15,12.24,rock,không rõ,0,0,0,0
SIM_01595,FAKE_CAR_0200,YARIS15_CA_MT,Toyota,Yaris hatchback 1.5,2008,1.5,7,6.3,80,85.8,81.5,64.8,0.64,784,0,17.6,0,9,0,2.7,2.57,2.08,35,0.275,0,0,0,3.03,0,0,0.556,26.72,32.33,-5.61,-5.15,12.32,instrumental,không rõ,0,0,0,0
SIM_01596,FAKE_CAR_0200,YARIS15_CA_MT,Toyota,Yaris hatchback 1.5,2008,1.5,7,6.3,80,85.8,81.5,64.4,0.64,2562,26,17.6,10,10,0,1.8,2.57,2.08,65,0.852,0,0,0,6.32,0,0,0.556,65.21,45.72,19.49,23.24,13.86,instrumental,không rõ,0,0,0,0
SIM_01597,FAKE_CAR_0200,YARIS15_CA_MT,Toyota,Yaris hatchback 1.5,2008,1.5,7,6.3,80,85.8,81.5,74.5,0.64,811,0,17.6,0,11,0,2.3,2.57,2.08,20,0.598,0,0,0,2.59,0,0,0.556,27.57,33.49,-5.92,-5.9,12.34,pop,Hòa Minzy,0,0,0,0
SIM_01598,FAKE_CAR_0200,YARIS15_CA_MT,Toyota,Yaris hatchback 1.5,2008,1.5,7,6.3,80,85.8,81.5,73.4,0.64,847,0,17.6,0,10,9,5.1,2.57,2.08,80,0.547,0,0,0,6.86,0,0,0.556,28.7,48.56,-19.86,-15.57,12.09,pop,Hòa Minzy,0,0,0,0
SIM_01599,FAKE_CAR_0200,YARIS15_CA_MT,Toyota,Yaris hatchback 1.5,2008,1.5,7,6.3,80,85.8,81.5,67.4,0.64,747,0,17.6,0,0,0,2.3,2.57,2.08,50,0.555,0,0,0,4.3,0,0,0.556,25.56,24.2,1.36,3.09,13.75,bolero,Lệ Quyên,0,0,0,0
SIM_01600,FAKE_CAR_0200,YARIS15_CA_MT,Toyota,Yaris hatchback 1.5,2008,1.5,7,6.3,80,85.8,81.5,68.1,0.64,914,0,17.6,14,16,0,5,2.57,2.08,65,0.595,0,0,0,5.61,0,0,0.556,30.8,58.21,-27.41,-24.37,11.84,dân ca/pop,Phương Mỹ Chi,0,0,0,0
SIM_01601,FAKE_CAR_0201,YARIS15_CA_AT,Toyota,Yaris hatchback 1.5,2008,1.5,7,6.4,80,91.4,68.6,33.7,0.47,778,0,14.6,0,5,0,5.4,1.61,2.64,95,0.212,0,0,0,7.27,0,0,0.069,28.26,32.27,-4.01,1.65,12.74,nhạc trẻ,Lam Trường,0,0,1,0
SIM_01602,FAKE_CAR_0201,YARIS15_CA_AT,Toyota,Yaris hatchback 1.5,2008,1.5,7,6.4,80,91.4,68.6,30.2,0.47,814,0,14.6,0,11,10,6.8,1.61,2.64,65,0.719,0,0,0,6.51,0,0,0.069,29.47,48.91,-19.44,-14.54,12.34,nhạc trẻ,Lam Trường,0,0,0,0
SIM_01603,FAKE_CAR_0201,YARIS15_CA_AT,Toyota,Yaris hatchback 1.5,2008,1.5,7,6.4,80,91.4,68.6,31.8,0.47,2500,28,14.6,8,15,15,7.4,1.61,2.64,80,0.536,0,0,0,7.38,0,0,0.069,68.63,67.38,1.25,7.02,14.08,dân ca/pop,Phương Mỹ Chi,0,0,0,0
SIM_01604,FAKE_CAR_0201,YARIS15_CA_AT,Toyota,Yaris hatchback 1.5,2008,1.5,7,6.4,80,91.4,68.6,34.5,0.47,1931,36,14.6,12,5,0,6.8,1.61,2.64,50,0.668,0,0,0,5.06,0,0,0.069,58.52,43.46,15.06,18.51,14.13,rock,không rõ,0,0,0,0
SIM_01605,FAKE_CAR_0201,YARIS15_CA_AT,Toyota,Yaris hatchback 1.5,2008,1.5,7,6.4,80,91.4,68.6,39,0.47,2152,61,14.6,9,5,0,7,1.61,2.64,65,0.202,0,0,0,5.09,0,0,0.069,62.45,40.69,21.76,25.24,14.11,instrumental,không rõ,0,0,0,0
SIM_01606,FAKE_CAR_0201,YARIS15_CA_AT,Toyota,Yaris hatchback 1.5,2008,1.5,7,6.4,80,91.4,68.6,28.4,0.47,1646,23,14.6,9,5,0,6.5,1.61,2.64,50,0.547,0,0,0,4.84,0,0,0.069,53.46,39.94,13.52,16.75,14.09,bolero,Lệ Quyên,0,0,0,0
SIM_01607,FAKE_CAR_0201,YARIS15_CA_AT,Toyota,Yaris hatchback 1.5,2008,1.5,7,6.4,80,91.4,68.6,27.9,0.47,2566,34,14.6,14,5,0,4.6,1.61,2.64,65,0.407,0,0,0,5.65,0,0,0.069,69.46,43.85,25.61,29.65,14.06,bolero,Lệ Quyên,0,0,0,0
SIM_01608,FAKE_CAR_0201,YARIS15_CA_AT,Toyota,Yaris hatchback 1.5,2008,1.5,7,6.4,80,91.4,68.6,39,0.47,2539,50,14.6,0,5,12,4.3,1.61,2.64,10,0.273,0,0,0,2.76,0,0,0.069,69.32,38.66,30.66,31.81,14.06,pop,Hòa Minzy,0,0,0,0
SIM_01609,FAKE_CAR_0202,YARIS10_UK_MT,Toyota,Yaris hatchback 1.0 VVT-i,2008,1,6.4,5.4,70,72.2,76.1,75.2,0.83,897,0,15.6,13,10,0,4,1.34,2.59,50,0.684,0,0,0,5.04,0,0,0.03,22.28,47.64,-25.36,-21.66,12.25,pop,Hòa Minzy,0,0,0,0
SIM_01610,FAKE_CAR_0202,YARIS10_UK_MT,Toyota,Yaris hatchback 1.0 VVT-i,2008,1,6.4,5.4,70,72.2,76.1,69.6,0.83,990,0,15.6,0,5,0,3.7,1.34,2.59,95,0.512,0,0,0,8.76,0,0,0.03,24.43,33.06,-8.63,-1.21,12.65,pop,Hòa Minzy,0,0,1,0
SIM_01611,FAKE_CAR_0202,YARIS10_UK_MT,Toyota,Yaris hatchback 1.0 VVT-i,2008,1,6.4,5.4,70,72.2,76.1,63.4,0.83,811,0,15.6,0,15,0,3,1.34,2.59,35,0.474,0,0,0,3.74,0,0,0.03,20.3,37.34,-17.04,-14.64,12.36,dân ca/pop,Phương Mỹ Chi,0,0,0,0
SIM_01612,FAKE_CAR_0202,YARIS10_UK_MT,Toyota,Yaris hatchback 1.0 VVT-i,2008,1,6.4,5.4,70,72.2,76.1,63,0.83,905,0,15.6,9,5,0,3.4,1.34,2.59,20,0.846,0,0,0,3.19,0,0,0.03,22.47,36.19,-13.72,-11.87,12.52,nhạc trẻ,Lam Trường,0,0,0,0
SIM_01613,FAKE_CAR_0202,YARIS10_UK_MT,Toyota,Yaris hatchback 1.0 VVT-i,2008,1,6.4,5.4,70,72.2,76.1,72.4,0.83,907,0,15.6,0,15,0,5.4,1.34,2.59,95,0.607,0,0,0,9.25,0,0,0.03,22.51,45.25,-22.74,-14.83,12.24,dân ca/pop,Phương Mỹ Chi,0,0,1,0
SIM_01614,FAKE_CAR_0202,YARIS10_UK_MT,Toyota,Yaris hatchback 1.0 VVT-i,2008,1,6.4,5.4,70,72.2,76.1,74,0.83,922,0,15.6,14,5,0,3.6,1.34,2.59,95,0.3,0,0,0,7.67,0,0,0.03,22.86,45.87,-23.01,-16.68,12.19,rock,không rõ,0,0,1,0
SIM_01615,FAKE_CAR_0202,YARIS10_UK_MT,Toyota,Yaris hatchback 1.0 VVT-i,2008,1,6.4,5.4,70,72.2,76.1,69.5,0.83,893,0,15.6,0,5,0,2.9,1.34,2.59,10,0.349,0,0,0,2.72,0,0,0.03,22.19,26.22,-4.03,-2.65,12.68,bolero,Lệ Quyên,0,0,1,0
SIM_01616,FAKE_CAR_0202,YARIS10_UK_MT,Toyota,Yaris hatchback 1.0 VVT-i,2008,1,6.4,5.4,70,72.2,76.1,74,0.83,964,0,15.6,0,11,0,3.1,1.34,2.59,95,0.761,0,0,0,10,0,0,0.03,23.83,39.7,-15.87,-7.21,12.5,bolero,Lệ Quyên,0,0,1,0
SIM_01617,FAKE_CAR_0203,AYGO10_UK_MT,Toyota,Aygo hatchback 1.0 VVT-i,2008,1,5.5,4.6,60,93.1,89.2,58.5,0.4,915,0,22.2,0,5,0,5.9,2.69,3.04,35,0.241,1,28,5.98,3.96,0,0,0.04,25.09,43.04,-17.95,-10.7,12.31,bolero,Lệ Quyên,0,0,1,1
SIM_01618,FAKE_CAR_0203,AYGO10_UK_MT,Toyota,Aygo hatchback 1.0 VVT-i,2008,1,5.5,4.6,60,93.1,89.2,66.2,0.4,2120,33,22.2,0,14,0,3.8,2.69,3.04,20,0.374,1,28,4.56,3.46,0,0,0.04,47.27,48.02,-0.75,4.58,12.87,instrumental,không rõ,0,0,0,0
SIM_01619,FAKE_CAR_0203,AYGO10_UK_MT,Toyota,Aygo hatchback 1.0 VVT-i,2008,1,5.5,4.6,60,93.1,89.2,68.3,0.4,2207,28,22.2,0,10,0,5,2.69,3.04,80,0.686,1,28,22.02,8.36,0,0,0.04,48.45,67.58,-19.13,8.56,12.34,dân ca/pop,Phương Mỹ Chi,0,0,1,1
SIM_01620,FAKE_CAR_0203,AYGO10_UK_MT,Toyota,Aygo hatchback 1.0 VVT-i,2008,1,5.5,4.6,60,93.1,89.2,58.4,0.4,2182,25,22.2,0,0,0,4.4,2.69,3.04,65,0.539,1,28,15.14,6.41,0,0,0.04,48.11,48.15,-0.04,18.82,12.85,rock,không rõ,0,0,0,1
SIM_01621,FAKE_CAR_0203,AYGO10_UK_MT,Toyota,Aygo hatchback 1.0 VVT-i,2008,1,5.5,4.6,60,93.1,89.2,61,0.4,757,0,22.2,0,5,0,3.7,2.69,3.04,10,0.277,1,28,3.22,3.16,0,0,0.04,21.05,37.28,-16.23,-12.54,12.43,dân ca/pop,Phương Mỹ Chi,0,0,0,0
SIM_01622,FAKE_CAR_0203,AYGO10_UK_MT,Toyota,Aygo hatchback 1.0 VVT-i,2008,1,5.5,4.6,60,93.1,89.2,55,0.4,1872,64,22.2,0,12,0,3.3,2.69,3.04,80,0.271,1,28,15.58,6.75,0,0,0.04,43.91,59.83,-15.92,3.72,12.49,bolero,Lệ Quyên,0,0,1,1
SIM_01623,FAKE_CAR_0203,AYGO10_UK_MT,Toyota,Aygo hatchback 1.0 VVT-i,2008,1,5.5,4.6,60,93.1,89.2,64.1,0.4,909,0,22.2,0,0,0,6,2.69,3.04,50,0.764,1,28,13.11,5.63,0,0,0.04,24.94,46.94,-22,-5.95,12.22,nhạc trẻ,Lam Trường,0,0,1,1
SIM_01624,FAKE_CAR_0203,AYGO10_UK_MT,Toyota,Aygo hatchback 1.0 VVT-i,2008,1,5.5,4.6,60,93.1,89.2,58.8,0.4,2802,32,22.2,0,0,0,3.9,2.69,3.04,80,0.468,1,28,18.64,7.52,0,0,0.04,53.07,52.26,0.81,24.28,14.13,instrumental,không rõ,0,0,0,1
SIM_01625,FAKE_CAR_0204,AURIS14_UK_MT,Toyota,Auris hatchback 1.4 VVT-i,2008,1.4,8.7,6.9,100,85.2,96.4,36.6,0.2,2405,45,13.2,0,0,0,3.9,2.1,1.87,10,0.583,0,0,0,2.03,0,0,0.028,78,19.13,58.87,58.8,14.18,nhạc trẻ,Lam Trường,0,0,0,0
SIM_01626,FAKE_CAR_0204,AURIS14_UK_MT,Toyota,Auris hatchback 1.4 VVT-i,2008,1.4,8.7,6.9,100,85.2,96.4,39.1,0.2,2615,34,13.2,11,12,0,4.6,2.1,1.87,65,0.788,0,0,0,5.93,0,0,0.028,80.94,46.73,34.21,38.04,14.12,bolero,Lệ Quyên,0,0,0,0
SIM_01627,FAKE_CAR_0204,AURIS14_UK_MT,Toyota,Auris hatchback 1.4 VVT-i,2008,1.4,8.7,6.9,100,85.2,96.4,42.1,0.2,1900,30,13.2,0,5,0,7.4,2.1,1.87,10,0.78,0,0,0,2.05,0,0,0.028,67.55,27.65,39.9,39.85,14.13,dân ca/pop,Phương Mỹ Chi,0,0,0,0
SIM_01628,FAKE_CAR_0204,AURIS14_UK_MT,Toyota,Auris hatchback 1.4 VVT-i,2008,1.4,8.7,6.9,100,85.2,96.4,39.4,0.2,2852,12,13.2,0,0,0,4.6,2.1,1.87,65,0.376,0,0,0,4.8,0,0,0.028,80.94,22.6,58.34,61.04,14.07,dân ca/pop,Phương Mỹ Chi,0,0,0,0
SIM_01629,FAKE_CAR_0204,AURIS14_UK_MT,Toyota,Auris hatchback 1.4 VVT-i,2008,1.4,8.7,6.9,100,85.2,96.4,47.3,0.2,970,0,13.2,0,5,0,6,2.1,1.87,10,0.58,0,0,0,2.03,0,0,0.028,40.41,26.23,14.18,14.11,14.19,instrumental,không rõ,0,0,0,0
SIM_01630,FAKE_CAR_0204,AURIS14_UK_MT,Toyota,Auris hatchback 1.4 VVT-i,2008,1.4,8.7,6.9,100,85.2,96.4,46.9,0.2,2421,44,13.2,0,16,0,6.4,2.1,1.87,65,0.644,0,0,0,5.53,0,0,0.028,78.33,41.13,37.2,40.63,14.16,dân ca/pop,Phương Mỹ Chi,0,0,0,0
SIM_01631,FAKE_CAR_0204,AURIS14_UK_MT,Toyota,Auris hatchback 1.4 VVT-i,2008,1.4,8.7,6.9,100,85.2,96.4,45.4,0.2,2460,29,13.2,0,0,0,4.5,2.1,1.87,50,0.573,0,0,0,4.12,0,0,0.028,79.14,21.82,57.32,59.34,14.11,instrumental,không rõ,0,0,0,0
SIM_01632,FAKE_CAR_0204,AURIS14_UK_MT,Toyota,Auris hatchback 1.4 VVT-i,2008,1.4,8.7,6.9,100,85.2,96.4,45.2,0.2,2746,12,13.2,0,5,0,6,2.1,1.87,50,0.784,0,0,0,4.5,0,0,0.028,80.94,28.7,52.24,54.64,14.1,bolero,Lệ Quyên,0,0,0,0
SIM_01633,FAKE_CAR_0205,AURIS16_UK_MT,Toyota,Auris hatchback 1.6 VVT-i,2008,1.6,9,7.1,100,96.6,75.4,35.8,0.43,2076,39,13.3,0,12,0,8,1.71,1.69,20,0.847,0,0,0,2.29,0,0,0.145,80.72,35.59,45.13,45.71,14.02,bolero,Lệ Quyên,0,0,0,0
SIM_01634,FAKE_CAR_0205,AURIS16_UK_MT,Toyota,Auris hatchback 1.6 VVT-i,2008,1.6,9,7.1,100,96.6,75.4,32.1,0.43,2074,52,13.3,0,0,0,4.6,1.71,1.69,10,0.27,0,0,0,1.81,0,0,0.145,80.67,19.71,60.96,61.06,14.07,rock,không rõ,0,0,0,0
SIM_01635,FAKE_CAR_0205,AURIS16_UK_MT,Toyota,Auris hatchback 1.6 VVT-i,2008,1.6,9,7.1,100,96.6,75.4,29.5,0.43,2693,51,13.3,0,0,0,7.4,1.71,1.69,10,0.239,0,0,0,1.81,0,0,0.145,91.77,22.51,69.26,69.36,14.06,instrumental,không rõ,0,0,0,0
SIM_01636,FAKE_CAR_0205,AURIS16_UK_MT,Toyota,Auris hatchback 1.6 VVT-i,2008,1.6,9,7.1,100,96.6,75.4,31.8,0.43,1789,32,13.3,0,5,0,6,1.71,1.69,95,0.242,0,0,0,6.47,0,0,0.145,73.99,30.77,43.22,47.98,14.02,bolero,Lệ Quyên,0,0,0,0
SIM_01637,FAKE_CAR_0205,AURIS16_UK_MT,Toyota,Auris hatchback 1.6 VVT-i,2008,1.6,9,7.1,100,96.6,75.4,31.4,0.43,2934,54,13.3,0,12,18,8.4,1.71,1.69,20,0.664,0,0,0,2.22,0,0,0.145,91.77,53.92,37.85,38.36,14.09,instrumental,không rõ,0,0,0,0
SIM_01638,FAKE_CAR_0205,AURIS16_UK_MT,Toyota,Auris hatchback 1.6 VVT-i,2008,1.6,9,7.1,100,96.6,75.4,28.8,0.43,814,0,13.3,0,5,14,8.3,1.71,1.69,65,0.851,0,0,0,5.92,0,0,0.145,38.93,46.52,-7.59,-3.38,12.59,rock,không rõ,0,0,0,0
SIM_01639,FAKE_CAR_0205,AURIS16_UK_MT,Toyota,Auris hatchback 1.6 VVT-i,2008,1.6,9,7.1,100,96.6,75.4,36.6,0.43,2593,58,13.3,10,0,0,5.1,1.71,1.69,35,0.422,0,0,0,2.79,0,0,0.145,91.77,31.19,60.58,61.66,14.12,bolero,Lệ Quyên,0,0,0,0
SIM_01640,FAKE_CAR_0205,AURIS16_UK_MT,Toyota,Auris hatchback 1.6 VVT-i,2008,1.6,9,7.1,100,96.6,75.4,29.4,0.43,993,0,13.3,0,16,9,6.5,1.71,1.69,80,0.703,0,0,0,7.08,0,0,0.145,46.83,51.88,-5.05,0.32,12.67,pop,Hòa Minzy,0,0,1,0
SIM_01641,FAKE_CAR_0206,AVENSIS18_UK_MT,Toyota,Avensis sedan/hatch 1.8 VVT-i,2008,1.8,9.4,7.2,115,51.3,91.5,67,0.61,2426,54,19,0,12,0,2.2,2.28,1.86,35,0.228,0,0,0,2.77,0,0,0.143,54.31,35.97,18.34,18.83,14.07,nhạc trẻ,Lam Trường,0,0,0,0
SIM_01642,FAKE_CAR_0206,AVENSIS18_UK_MT,Toyota,Avensis sedan/hatch 1.8 VVT-i,2008,1.8,9.4,7.2,115,51.3,91.5,66.1,0.61,2933,43,19,0,16,0,4.9,2.28,1.86,80,0.705,0,0,0,7.26,0,0,0.143,56.05,47.16,8.89,13.87,14.04,nhạc trẻ,Lam Trường,0,0,0,0
SIM_01643,FAKE_CAR_0206,AVENSIS18_UK_MT,Toyota,Avensis sedan/hatch 1.8 VVT-i,2008,1.8,9.4,7.2,115,51.3,91.5,74.8,0.61,2063,40,19,0,9,0,3,2.28,1.86,20,0.27,0,0,0,2.24,0,0,0.143,49.11,33.24,15.87,15.83,14,pop,Hòa Minzy,0,0,0,0
SIM_01644,FAKE_CAR_0206,AVENSIS18_UK_MT,Toyota,Avensis sedan/hatch 1.8 VVT-i,2008,1.8,9.4,7.2,115,51.3,91.5,78.6,0.61,2574,15,19,0,14,0,2.6,2.28,1.86,80,0.532,0,0,0,6.59,0,0,0.143,56.05,42.19,13.86,18.17,14.06,instrumental,không rõ,0,0,0,0
SIM_01645,FAKE_CAR_0206,AVENSIS18_UK_MT,Toyota,Avensis sedan/hatch 1.8 VVT-i,2008,1.8,9.4,7.2,115,51.3,91.5,77.8,0.61,783,0,19,0,0,0,2.7,2.28,1.86,35,0.764,0,0,0,3.3,0,0,0.143,22.94,25,-2.06,-1.04,12.78,instrumental,không rõ,0,0,0,0
SIM_01646,FAKE_CAR_0206,AVENSIS18_UK_MT,Toyota,Avensis sedan/hatch 1.8 VVT-i,2008,1.8,9.4,7.2,115,51.3,91.5,71.4,0.61,866,0,19,0,5,0,4.7,2.28,1.86,80,0.587,0,0,0,6.8,0,0,0.143,25.18,35.5,-10.32,-5.8,12.53,pop,Hòa Minzy,0,0,0,0
SIM_01647,FAKE_CAR_0206,AVENSIS18_UK_MT,Toyota,Avensis sedan/hatch 1.8 VVT-i,2008,1.8,9.4,7.2,115,51.3,91.5,77.4,0.61,2297,42,19,10,8,0,1.6,2.28,1.86,95,0.82,0,0,0,9.62,0,0,0.143,52.46,48.22,4.24,11.58,14.13,dân ca/pop,Phương Mỹ Chi,0,0,0,0
SIM_01648,FAKE_CAR_0206,AVENSIS18_UK_MT,Toyota,Avensis sedan/hatch 1.8 VVT-i,2008,1.8,9.4,7.2,115,51.3,91.5,73.6,0.61,2738,14,19,9,0,13,4.2,2.28,1.86,10,0.763,0,0,0,2.04,0,0,0.143,56.05,47.24,8.81,8.57,14.03,pop,Hòa Minzy,0,0,0,0
SIM_01649,FAKE_CAR_0207,RAV4_20_UK_MT,Toyota,RAV4 2.0 VVT-i,2008,2,11,8.6,115,90.7,99.2,51.2,0.29,2406,42,16.3,11,5,0,4.5,2.36,3.2,10,0.563,0,0,0,3.36,0,0,0.047,95.52,40.16,55.36,56.36,14.07,rock,không rõ,0,0,0,0
SIM_01650,FAKE_CAR_0207,RAV4_20_UK_MT,Toyota,RAV4 2.0 VVT-i,2008,2,11,8.6,115,90.7,99.2,41.1,0.29,971,0,16.3,0,15,0,3.3,2.36,3.2,65,0.28,0,0,0,5.86,0,0,0.047,49.52,40.46,9.06,12.56,14.13,nhạc trẻ,Lam Trường,0,0,0,0
SIM_01651,FAKE_CAR_0207,RAV4_20_UK_MT,Toyota,RAV4 2.0 VVT-i,2008,2,11,8.6,115,90.7,99.2,49.8,0.29,779,0,16.3,0,0,0,6.9,2.36,3.2,35,0.453,0,0,0,4.33,0,0,0.047,40.36,27.53,12.83,14.8,14.12,dân ca/pop,Phương Mỹ Chi,0,0,0,0
SIM_01652,FAKE_CAR_0207,RAV4_20_UK_MT,Toyota,RAV4 2.0 VVT-i,2008,2,11,8.6,115,90.7,99.2,53.8,0.29,840,0,16.3,0,0,0,7.1,2.36,3.2,65,0.617,0,0,0,6.79,0,0,0.047,43.27,30.19,13.08,17.51,14.14,dân ca/pop,Phương Mỹ Chi,0,0,0,0
SIM_01653,FAKE_CAR_0207,RAV4_20_UK_MT,Toyota,RAV4 2.0 VVT-i,2008,2,11,8.6,115,90.7,99.2,42,0.29,823,0,16.3,0,0,11,3.8,2.36,3.2,80,0.464,0,0,0,7.66,0,0,0.047,42.46,38.76,3.7,9,14.06,pop,Hòa Minzy,0,0,0,0
SIM_01654,FAKE_CAR_0207,RAV4_20_UK_MT,Toyota,RAV4 2.0 VVT-i,2008,2,11,8.6,115,90.7,99.2,45.8,0.29,2139,17,16.3,0,5,0,3.3,2.36,3.2,20,0.538,0,0,0,3.68,0,0,0.047,88.75,28.28,60.47,61.79,14.19,rock,không rõ,0,0,0,0
SIM_01655,FAKE_CAR_0207,RAV4_20_UK_MT,Toyota,RAV4 2.0 VVT-i,2008,2,11,8.6,115,90.7,99.2,45.4,0.29,2837,13,16.3,0,11,0,6.8,2.36,3.2,35,0.413,0,0,0,4.29,0,0,0.047,99.09,38.39,60.7,62.63,14.18,dân ca/pop,Phương Mỹ Chi,0,0,0,0
SIM_01656,FAKE_CAR_0207,RAV4_20_UK_MT,Toyota,RAV4 2.0 VVT-i,2008,2,11,8.6,115,90.7,99.2,42.4,0.29,820,0,16.3,0,0,0,4.2,2.36,3.2,20,0.378,0,0,0,3.62,0,0,0.047,42.32,24.12,18.2,19.46,14.16,nhạc trẻ,Lam Trường,0,0,0,0
SIM_01657,FAKE_CAR_0208,MAZDA2_13_UK_MT,Mazda,Mazda2 hatchback 1.3 MZR 86ps 5 cửa,2008,1.349,6.9,5.2,80,93,81.7,75.1,0.43,795,0,15,0,9,0,4.3,2.62,2.6,80,0.59,0,0,0,7.55,0,0,0.016,29.33,35.85,-6.52,-1.59,12.7,bolero,Lệ Quyên,0,0,1,0
SIM_01658,FAKE_CAR_0208,MAZDA2_13_UK_MT,Mazda,Mazda2 hatchback 1.3 MZR 86ps 5 cửa,2008,1.349,6.9,5.2,80,93,81.7,81.9,0.43,2447,28,15,0,5,11,2.3,2.62,2.6,65,0.269,0,0,0,5.23,0,0,0.016,68.87,38.53,30.34,32.95,14.14,bolero,Lệ Quyên,0,0,0,0
SIM_01659,FAKE_CAR_0208,MAZDA2_13_UK_MT,Mazda,Mazda2 hatchback 1.3 MZR 86ps 5 cửa,2008,1.349,6.9,5.2,80,93,81.7,83.1,0.43,1754,20,15,13,5,0,3.5,2.62,2.6,35,0.585,0,0,0,3.86,0,0,0.016,56.35,40.36,15.99,17.23,14.13,pop,Hòa Minzy,0,0,0,0
SIM_01660,FAKE_CAR_0208,MAZDA2_13_UK_MT,Mazda,Mazda2 hatchback 1.3 MZR 86ps 5 cửa,2008,1.349,6.9,5.2,80,93,81.7,78.6,0.43,856,0,15,0,16,10,2.4,2.62,2.6,20,0.687,0,0,0,3.14,0,0,0.016,31.41,46.54,-15.13,-14.61,12.49,bolero,Lệ Quyên,0,0,0,0
SIM_01661,FAKE_CAR_0208,MAZDA2_13_UK_MT,Mazda,Mazda2 hatchback 1.3 MZR 86ps 5 cửa,2008,1.349,6.9,5.2,80,93,81.7,81.1,0.43,909,0,15,14,12,0,2.6,2.62,2.6,20,0.308,0,0,0,2.99,0,0,0.016,33.21,46.59,-13.38,-13.01,12.44,instrumental,không rõ,0,0,0,0
SIM_01662,FAKE_CAR_0208,MAZDA2_13_UK_MT,Mazda,Mazda2 hatchback 1.3 MZR 86ps 5 cửa,2008,1.349,6.9,5.2,80,93,81.7,80.3,0.43,2635,60,15,0,10,0,3.5,2.62,2.6,50,0.807,0,0,0,5.27,0,0,0.016,70.68,33.77,36.91,39.56,14.18,dân ca/pop,Phương Mỹ Chi,0,0,0,0
SIM_01663,FAKE_CAR_0208,MAZDA2_13_UK_MT,Mazda,Mazda2 hatchback 1.3 MZR 86ps 5 cửa,2008,1.349,6.9,5.2,80,93,81.7,83.6,0.43,800,0,15,0,5,0,5,2.62,2.6,35,0.501,0,0,0,3.78,0,0,0.016,29.5,28.78,0.72,1.88,14.13,instrumental,không rõ,0,0,0,0
SIM_01664,FAKE_CAR_0208,MAZDA2_13_UK_MT,Mazda,Mazda2 hatchback 1.3 MZR 86ps 5 cửa,2008,1.349,6.9,5.2,80,93,81.7,78.3,0.43,889,0,15,0,16,9,2.7,2.62,2.6,50,0.471,0,0,0,4.67,0,0,0.016,32.53,47.37,-14.84,-12.79,12.45,dân ca/pop,Phương Mỹ Chi,0,0,0,0
SIM_01665,FAKE_CAR_0209,MAZDA2_15_UK_MT,Mazda,Mazda2 hatchback 1.5 MZR 103ps,2008,1.498,7.6,5.7,85,89.8,94.5,43.7,0.36,2937,48,14.5,0,0,0,3.4,2.96,2.32,95,0.483,0,0,0,8.34,1,13.66,0.078,72.51,39.9,32.61,51.65,14.16,dân ca/pop,Phương Mỹ Chi,0,0,0,0
SIM_01666,FAKE_CAR_0209,MAZDA2_15_UK_MT,Mazda,Mazda2 hatchback 1.5 MZR 103ps,2008,1.498,7.6,5.7,85,89.8,94.5,52.3,0.36,1811,14,14.5,0,10,0,6.7,2.96,2.32,20,0.378,0,0,0,2.74,1,13.66,0.078,58.87,47.6,11.27,24.71,14.04,pop,Hòa Minzy,0,0,0,0
SIM_01667,FAKE_CAR_0209,MAZDA2_15_UK_MT,Mazda,Mazda2 hatchback 1.5 MZR 103ps,2008,1.498,7.6,5.7,85,89.8,94.5,52,0.36,769,0,14.5,11,0,0,4.5,2.96,2.32,10,0.639,0,0,0,2.49,1,13.66,0.078,29.19,46.15,-16.96,-3.77,12.4,rock,không rõ,0,0,1,0
SIM_01668,FAKE_CAR_0209,MAZDA2_15_UK_MT,Mazda,Mazda2 hatchback 1.5 MZR 103ps,2008,1.498,7.6,5.7,85,89.8,94.5,46.1,0.36,2601,18,14.5,0,8,0,4.9,2.96,2.32,35,0.73,0,0,0,3.72,1,13.66,0.078,72.51,44.78,27.73,42.15,14.07,bolero,Lệ Quyên,0,0,0,0
SIM_01669,FAKE_CAR_0209,MAZDA2_15_UK_MT,Mazda,Mazda2 hatchback 1.5 MZR 103ps,2008,1.498,7.6,5.7,85,89.8,94.5,45.4,0.36,1716,16,14.5,0,11,11,6.6,2.96,2.32,95,0.652,0,0,0,9.21,1,13.66,0.078,57.11,65.97,-8.86,11.05,12.53,dân ca/pop,Phương Mỹ Chi,0,0,1,0
SIM_01670,FAKE_CAR_0209,MAZDA2_15_UK_MT,Mazda,Mazda2 hatchback 1.5 MZR 103ps,2008,1.498,7.6,5.7,85,89.8,94.5,55.3,0.36,2844,31,14.5,10,10,0,6.2,2.96,2.32,80,0.431,0,0,0,6.65,1,13.66,0.078,72.51,61.01,11.5,28.85,14.14,instrumental,không rõ,0,0,0,0
SIM_01671,FAKE_CAR_0209,MAZDA2_15_UK_MT,Mazda,Mazda2 hatchback 1.5 MZR 103ps,2008,1.498,7.6,5.7,85,89.8,94.5,45.1,0.36,2576,32,14.5,0,12,0,5.5,2.96,2.32,65,0.206,0,0,0,4.78,1,13.66,0.078,72.51,50.44,22.07,37.55,14.12,instrumental,không rõ,0,0,0,0
SIM_01672,FAKE_CAR_0209,MAZDA2_15_UK_MT,Mazda,Mazda2 hatchback 1.5 MZR 103ps,2008,1.498,7.6,5.7,85,89.8,94.5,48.7,0.36,2194,45,14.5,10,10,0,5.3,2.96,2.32,10,0.696,0,0,0,2.49,1,13.66,0.078,65.97,55.95,10.02,23.21,14.08,bolero,Lệ Quyên,0,0,0,0
SIM_01673,FAKE_CAR_0210,HONDA_FIT15_CA_MT,Honda,Fit hatchback 1.5 DX,2008,1.5,7.1,6.5,85,89,80.5,41,0.47,778,0,17.9,0,0,15,4.7,1.82,1.65,35,0.596,0,0,0,2.92,0,0,0.153,29.24,40.52,-11.28,-10.18,12.49,instrumental,không rõ,0,0,0,0
SIM_01674,FAKE_CAR_0210,HONDA_FIT15_CA_MT,Honda,Fit hatchback 1.5 DX,2008,1.5,7.1,6.5,85,89,80.5,42.3,0.47,2919,53,17.9,0,11,17,7.5,1.82,1.65,80,0.565,0,0,0,6.5,0,0,0.153,71.87,59.9,11.97,16.65,14.12,dân ca/pop,Phương Mỹ Chi,0,0,0,0
SIM_01675,FAKE_CAR_0210,HONDA_FIT15_CA_MT,Honda,Fit hatchback 1.5 DX,2008,1.5,7.1,6.5,85,89,80.5,39.6,0.47,1861,40,17.9,0,11,15,3.9,1.82,1.65,35,0.499,0,0,0,2.83,0,0,0.153,59.26,50.63,8.63,9.64,14.09,nhạc trẻ,Lam Trường,0,0,0,0
SIM_01676,FAKE_CAR_0210,HONDA_FIT15_CA_MT,Honda,Fit hatchback 1.5 DX,2008,1.5,7.1,6.5,85,89,80.5,45.9,0.47,2064,28,17.9,0,0,0,7.4,1.82,1.65,95,0.314,0,0,0,6.8,0,0,0.153,62.99,32.1,30.89,35.87,14.03,bolero,Lệ Quyên,0,0,0,0
SIM_01677,FAKE_CAR_0210,HONDA_FIT15_CA_MT,Honda,Fit hatchback 1.5 DX,2008,1.5,7.1,6.5,85,89,80.5,34.4,0.47,879,0,17.9,0,9,0,7.4,1.82,1.65,65,0.253,0,0,0,4.24,0,0,0.153,32.73,38.54,-5.81,-3.39,12.55,instrumental,không rõ,0,0,0,0
SIM_01678,FAKE_CAR_0210,HONDA_FIT15_CA_MT,Honda,Fit hatchback 1.5 DX,2008,1.5,7.1,6.5,85,89,80.5,34.8,0.47,2893,33,17.9,0,14,16,5.1,1.82,1.65,50,0.375,0,0,0,3.55,0,0,0.153,71.87,56.55,15.32,17.05,14.07,rock,không rõ,0,0,0,0
SIM_01679,FAKE_CAR_0210,HONDA_FIT15_CA_MT,Honda,Fit hatchback 1.5 DX,2008,1.5,7.1,6.5,85,89,80.5,36.6,0.47,931,0,17.9,0,9,15,3.9,1.82,1.65,20,0.35,0,0,0,2.06,0,0,0.153,34.53,47.86,-13.33,-13.09,12.41,nhạc trẻ,Lam Trường,0,0,0,0
SIM_01680,FAKE_CAR_0210,HONDA_FIT15_CA_MT,Honda,Fit hatchback 1.5 DX,2008,1.5,7.1,6.5,85,89,80.5,34.5,0.47,2026,37,17.9,0,9,0,6.7,1.82,1.65,35,0.255,0,0,0,2.58,0,0,0.153,62.29,36.18,26.11,26.87,14.08,rock,không rõ,0,0,0,0
SIM_01681,FAKE_CAR_0211,YARIS13_UK_MT,Toyota,Yaris hatchback 1.3 VVT-i,2008,1.3,7.2,6,85,89.5,94.5,45.6,0.77,837,0,16.3,11,5,0,6.8,2.01,3.27,80,0.41,0,0,0,7.52,0,0,0.074,31.46,46.62,-15.16,-9.65,12.43,bolero,Lệ Quyên,0,0,1,0
SIM_01682,FAKE_CAR_0211,YARIS13_UK_MT,Toyota,Yaris hatchback 1.3 VVT-i,2008,1.3,7.2,6,85,89.5,94.5,52.9,0.77,2726,24,16.3,0,15,0,4.7,2.01,3.27,50,0.255,0,0,0,4.95,0,0,0.074,72.27,40.95,31.32,34.26,14.06,dân ca/pop,Phương Mỹ Chi,0,0,0,0
SIM_01683,FAKE_CAR_0211,YARIS13_UK_MT,Toyota,Yaris hatchback 1.3 VVT-i,2008,1.3,7.2,6,85,89.5,94.5,45.9,0.77,983,0,16.3,0,13,0,4.8,2.01,3.27,35,0.869,0,0,0,4.81,0,0,0.074,36.53,38.91,-2.38,0.42,12.68,bolero,Lệ Quyên,0,0,0,0
SIM_01684,FAKE_CAR_0211,YARIS13_UK_MT,Toyota,Yaris hatchback 1.3 VVT-i,2008,1.3,7.2,6,85,89.5,94.5,51.4,0.77,926,0,16.3,0,5,10,3,2.01,3.27,20,0.69,0,0,0,3.81,0,0,0.074,34.55,38.11,-3.56,-1.76,12.67,bolero,Lệ Quyên,0,0,1,0
SIM_01685,FAKE_CAR_0211,YARIS13_UK_MT,Toyota,Yaris hatchback 1.3 VVT-i,2008,1.3,7.2,6,85,89.5,94.5,57.8,0.77,864,0,16.3,0,0,0,3.8,2.01,3.27,65,0.45,0,0,0,6.4,0,0,0.074,32.39,26.5,5.89,10.28,14.17,rock,không rõ,0,0,0,0
SIM_01686,FAKE_CAR_0211,YARIS13_UK_MT,Toyota,Yaris hatchback 1.3 VVT-i,2008,1.3,7.2,6,85,89.5,94.5,57,0.77,771,0,16.3,0,0,15,4.6,2.01,3.27,50,0.297,0,0,0,5.03,0,0,0.074,29.16,40.93,-11.77,-8.75,12.47,pop,Hòa Minzy,0,0,0,0
SIM_01687,FAKE_CAR_0211,YARIS13_UK_MT,Toyota,Yaris hatchback 1.3 VVT-i,2008,1.3,7.2,6,85,89.5,94.5,51.2,0.77,931,0,16.3,0,10,0,3.2,2.01,3.27,95,0.308,0,0,0,8.39,0,0,0.074,34.72,37.89,-3.17,3.21,12.7,instrumental,không rõ,0,0,1,0
SIM_01688,FAKE_CAR_0211,YARIS13_UK_MT,Toyota,Yaris hatchback 1.3 VVT-i,2008,1.3,7.2,6,85,89.5,94.5,51.4,0.77,816,0,16.3,0,10,0,4.9,2.01,3.27,50,0.396,0,0,0,5.2,0,0,0.074,30.73,36.4,-5.67,-2.48,12.69,pop,Hòa Minzy,0,0,1,0
SIM_01689,FAKE_CAR_0212,YARIS13_UK_MM,Toyota,Yaris hatchback 1.3 VVT-i,2008,1.3,6.7,5.8,75,66.5,83.6,61.6,0.39,2407,62,15.6,0,9,0,3.8,1.77,2.56,95,0.696,1,12,11.98,9.68,0,0,0.139,45.68,50.06,-4.38,15.51,12.68,pop,Hòa Minzy,0,0,1,0
SIM_01690,FAKE_CAR_0212,YARIS13_UK_MM,Toyota,Yaris hatchback 1.3 VVT-i,2008,1.3,6.7,5.8,75,66.5,83.6,53.2,0.39,921,0,15.6,0,5,11,4.1,1.77,2.56,65,0.553,1,12,6.56,5.97,0,0,0.139,22.54,48.23,-25.69,-14.93,12.17,instrumental,không rõ,0,0,1,0
SIM_01691,FAKE_CAR_0212,YARIS13_UK_MM,Toyota,Yaris hatchback 1.3 VVT-i,2008,1.3,6.7,5.8,75,66.5,83.6,55.4,0.39,2206,14,15.6,10,5,0,6.6,1.77,2.56,50,0.76,1,12,5.6,5.14,0,0,0.139,43.25,47.94,-4.69,4.28,12.69,nhạc trẻ,Lam Trường,0,0,1,0
SIM_01692,FAKE_CAR_0212,YARIS13_UK_MM,Toyota,Yaris hatchback 1.3 VVT-i,2008,1.3,6.7,5.8,75,66.5,83.6,48.4,0.39,2933,54,15.6,0,16,0,4,1.77,2.56,80,0.68,1,12,9.4,7.86,0,0,0.139,47.38,52.86,-5.48,10.01,12.57,dân ca/pop,Phương Mỹ Chi,0,0,1,0
SIM_01693,FAKE_CAR_0212,YARIS13_UK_MM,Toyota,Yaris hatchback 1.3 VVT-i,2008,1.3,6.7,5.8,75,66.5,83.6,51.3,0.39,963,0,15.6,0,13,0,3.8,1.77,2.56,95,0.265,1,12,8.37,7.46,0,0,0.139,23.5,48.23,-24.73,-10.67,12.18,instrumental,không rõ,0,0,1,0
SIM_01694,FAKE_CAR_0212,YARIS13_UK_MM,Toyota,Yaris hatchback 1.3 VVT-i,2008,1.3,6.7,5.8,75,66.5,83.6,55.2,0.39,988,0,15.6,0,14,11,4.1,1.77,2.56,50,0.798,1,12,5.75,5.21,0,0,0.139,24.07,55.66,-31.59,-22.4,12,nhạc trẻ,Lam Trường,0,0,1,0
SIM_01695,FAKE_CAR_0212,YARIS13_UK_MM,Toyota,Yaris hatchback 1.3 VVT-i,2008,1.3,6.7,5.8,75,66.5,83.6,55.2,0.39,2987,60,15.6,0,12,13,2.7,1.77,2.56,65,0.334,1,12,5.44,5.37,0,0,0.139,47.38,54.11,-6.73,2.31,12.63,instrumental,không rõ,0,0,1,0
SIM_01696,FAKE_CAR_0212,YARIS13_UK_MM,Toyota,Yaris hatchback 1.3 VVT-i,2008,1.3,6.7,5.8,75,66.5,83.6,52,0.39,2686,32,15.6,14,13,16,4.7,1.77,2.56,35,0.276,1,12,2.65,3.51,0,0,0.139,47.38,69.46,-22.08,-17.69,12.21,instrumental,không rõ,0,0,0,0
SIM_01697,FAKE_CAR_0213,YARIS13_NCP_2NZ,Toyota,Yaris 1.3 NCP9# / 2NZ-FE,2008,1.3,,,80,80.2,62.9,70.2,0.66,894,0,13.2,0,5,0,4.2,2,2.39,50,0.459,0,0,0,4.44,0,0,0.076,28.2,26.84,1.36,3.8,14.08,pop,Hòa Minzy,0,0,0,0
SIM_01698,FAKE_CAR_0213,YARIS13_NCP_2NZ,Toyota,Yaris 1.3 NCP9# / 2NZ-FE,2008,1.3,,,80,80.2,62.9,70.5,0.66,786,0,13.2,0,14,0,3.1,2,2.39,80,0.319,0,0,0,6.29,0,0,0.076,25.03,36.59,-11.56,-7.27,12.54,rock,không rõ,0,0,0,0
SIM_01699,FAKE_CAR_0213,YARIS13_NCP_2NZ,Toyota,Yaris 1.3 NCP9# / 2NZ-FE,2008,1.3,,,80,80.2,62.9,74.3,0.66,1907,44,13.2,13,0,0,1.6,2,2.39,95,0.595,0,0,0,8.99,0,0,0.076,50.98,36.79,14.19,21.18,14.16,dân ca/pop,Phương Mỹ Chi,0,0,0,0
SIM_01700,FAKE_CAR_0213,YARIS13_NCP_2NZ,Toyota,Yaris 1.3 NCP9# / 2NZ-FE,2008,1.3,,,80,80.2,62.9,80.4,0.66,810,0,13.2,0,5,0,2.4,2,2.39,10,0.563,0,0,0,2.55,0,0,0.076,25.74,23.15,2.59,3.14,14.06,instrumental,không rõ,0,0,0,0
SIM_01701,FAKE_CAR_0213,YARIS13_NCP_2NZ,Toyota,Yaris 1.3 NCP9# / 2NZ-FE,2008,1.3,,,80,80.2,62.9,81.5,0.66,772,0,13.2,0,5,0,3.8,2,2.39,10,0.568,0,0,0,2.55,0,0,0.076,24.62,24.55,0.07,0.62,14.05,nhạc trẻ,Lam Trường,0,0,0,0
SIM_01702,FAKE_CAR_0213,YARIS13_NCP_2NZ,Toyota,Yaris 1.3 NCP9# / 2NZ-FE,2008,1.3,,,80,80.2,62.9,76.6,0.66,738,0,13.2,0,14,0,3.4,2,2.39,20,0.227,0,0,0,2.75,0,0,0.076,23.63,33.35,-9.72,-8.97,12.62,bolero,Lệ Quyên,0,0,0,0
SIM_01703,FAKE_CAR_0213,YARIS13_NCP_2NZ,Toyota,Yaris 1.3 NCP9# / 2NZ-FE,2008,1.3,,,80,80.2,62.9,77.8,0.66,858,0,13.2,12,5,0,3,2,2.39,50,0.364,0,0,0,4.27,0,0,0.076,27.15,37.47,-10.32,-8.05,12.53,pop,Hòa Minzy,0,0,0,0
SIM_01704,FAKE_CAR_0213,YARIS13_NCP_2NZ,Toyota,Yaris 1.3 NCP9# / 2NZ-FE,2008,1.3,,,80,80.2,62.9,74,0.66,882,0,13.2,0,0,0,3.5,2,2.39,80,0.285,0,0,0,6.16,0,0,0.076,27.85,22.86,4.99,9.15,14.06,dân ca/pop,Phương Mỹ Chi,0,0,0,0
SIM_01705,FAKE_CAR_0214,YARIS15_CA_MT,Toyota,Yaris hatchback 1.5,2008,1.5,7,6.3,75,96.2,96.9,68.4,0.73,921,0,20.9,14,12,0,3.2,2.8,2.63,35,0.785,0,0,0,4.09,0,0,0.072,32.6,54.19,-21.59,-20.3,12.24,nhạc trẻ,Lam Trường,0,0,0,0
SIM_01706,FAKE_CAR_0214,YARIS15_CA_MT,Toyota,Yaris hatchback 1.5,2008,1.5,7,6.3,75,96.2,96.9,62.9,0.73,1831,40,20.9,0,0,0,3.5,2.8,2.63,50,0.412,0,0,0,4.59,0,0,0.072,56,28.99,27.01,28.8,14.16,bolero,Lệ Quyên,0,0,0,0
SIM_01707,FAKE_CAR_0214,YARIS15_CA_MT,Toyota,Yaris hatchback 1.5,2008,1.5,7,6.3,75,96.2,96.9,67,0.73,2410,19,20.9,0,15,12,4.9,2.8,2.63,20,0.606,0,0,0,3.14,0,0,0.072,66.14,55.94,10.2,10.54,14.15,instrumental,không rõ,0,0,0,0
SIM_01708,FAKE_CAR_0214,YARIS15_CA_MT,Toyota,Yaris hatchback 1.5,2008,1.5,7,6.3,75,96.2,96.9,61.4,0.73,848,0,20.9,11,14,0,4.5,2.8,2.63,80,0.329,0,0,0,6.57,0,0,0.072,30.2,56.97,-26.77,-23,12.2,nhạc trẻ,Lam Trường,0,0,0,0
SIM_01709,FAKE_CAR_0214,YARIS15_CA_MT,Toyota,Yaris hatchback 1.5,2008,1.5,7,6.3,75,96.2,96.9,69.7,0.73,2832,44,20.9,0,5,0,3,2.8,2.63,10,0.594,0,0,0,2.79,0,0,0.072,68.54,31.69,36.85,36.84,14.05,pop,Hòa Minzy,0,0,0,0
SIM_01710,FAKE_CAR_0214,YARIS15_CA_MT,Toyota,Yaris hatchback 1.5,2008,1.5,7,6.3,75,96.2,96.9,65.3,0.73,801,0,20.9,0,0,11,4.4,2.8,2.63,50,0.211,0,0,0,4.23,0,0,0.072,28.65,40.53,-11.88,-10.45,12.58,rock,không rõ,0,0,0,0
SIM_01711,FAKE_CAR_0214,YARIS15_CA_MT,Toyota,Yaris hatchback 1.5,2008,1.5,7,6.3,75,96.2,96.9,65.7,0.73,2068,16,20.9,0,13,0,2,2.8,2.63,65,0.204,0,0,0,5.08,0,0,0.072,60.15,40.98,19.17,21.45,14.16,bolero,Lệ Quyên,0,0,0,0
SIM_01712,FAKE_CAR_0214,YARIS15_CA_MT,Toyota,Yaris hatchback 1.5,2008,1.5,7,6.3,75,96.2,96.9,61.6,0.73,795,0,20.9,0,11,0,2.6,2.8,2.63,95,0.373,0,0,0,8.09,0,0,0.072,28.45,42.59,-14.14,-8.85,12.45,rock,không rõ,0,0,1,0
SIM_01713,FAKE_CAR_0215,YARIS15_CA_AT,Toyota,Yaris hatchback 1.5,2008,1.5,7,6.4,85,93.7,79.4,43.4,0.26,1885,35,22.6,0,5,0,6.6,1.83,1.7,50,0.338,0,0,0,3.53,0,0,0.08,62.86,37.73,25.13,26.83,14.05,nhạc trẻ,Lam Trường,0,0,0,0
SIM_01714,FAKE_CAR_0215,YARIS15_CA_AT,Toyota,Yaris hatchback 1.5,2008,1.5,7,6.4,85,93.7,79.4,43.5,0.26,2042,59,22.6,0,5,0,7.2,1.83,1.7,65,0.326,0,0,0,4.49,0,0,0.08,65.89,39.29,26.6,29.26,14.05,dân ca/pop,Phương Mỹ Chi,0,0,0,0
SIM_01715,FAKE_CAR_0215,YARIS15_CA_AT,Toyota,Yaris hatchback 1.5,2008,1.5,7,6.4,85,93.7,79.4,50.2,0.26,983,0,22.6,11,14,12,7.1,1.83,1.7,65,0.651,0,0,0,5.38,0,0,0.08,38.25,72.08,-33.83,-30.28,11.9,dân ca/pop,Phương Mỹ Chi,0,0,0,0
SIM_01716,FAKE_CAR_0215,YARIS15_CA_AT,Toyota,Yaris hatchback 1.5,2008,1.5,7,6.4,85,93.7,79.4,49.6,0.26,830,0,22.6,0,16,0,5.7,1.83,1.7,80,0.441,0,0,0,6.07,0,0,0.08,32.68,50.37,-17.69,-13.45,12.39,instrumental,không rõ,0,0,0,0
SIM_01717,FAKE_CAR_0215,YARIS15_CA_AT,Toyota,Yaris hatchback 1.5,2008,1.5,7,6.4,85,93.7,79.4,43.6,0.26,1943,33,22.6,0,0,0,4.2,1.83,1.7,50,0.447,0,0,0,3.72,0,0,0.08,63.98,30.52,33.46,35.35,14.12,instrumental,không rõ,0,0,0,0
SIM_01718,FAKE_CAR_0215,YARIS15_CA_AT,Toyota,Yaris hatchback 1.5,2008,1.5,7,6.4,85,93.7,79.4,43.8,0.26,2342,29,22.6,0,14,12,5.3,1.83,1.7,80,0.215,0,0,0,5.2,0,0,0.08,71.7,59.1,12.6,15.97,14.13,nhạc trẻ,Lam Trường,0,0,0,0
SIM_01719,FAKE_CAR_0215,YARIS15_CA_AT,Toyota,Yaris hatchback 1.5,2008,1.5,7,6.4,85,93.7,79.4,43.1,0.26,2522,25,22.6,0,5,0,5.5,1.83,1.7,20,0.665,0,0,0,2.23,0,0,0.08,75.18,35.33,39.85,40.25,14.04,pop,Hòa Minzy,0,0,0,0
SIM_01720,FAKE_CAR_0215,YARIS15_CA_AT,Toyota,Yaris hatchback 1.5,2008,1.5,7,6.4,85,93.7,79.4,44.3,0.26,2606,51,22.6,0,5,10,5.1,1.83,1.7,35,0.697,0,0,0,3.07,0,0,0.08,75.66,45.77,29.89,31.13,14.09,pop,Hòa Minzy,0,0,0,0
SIM_01721,FAKE_CAR_0216,YARIS10_UK_MT,Toyota,Yaris hatchback 1.0 VVT-i,2008,1,6.4,5.4,65,85.9,62.1,40.4,0.39,785,0,16.2,10,11,0,4.2,2.68,2.4,50,0.844,0,0,0,5.13,0,0,0.122,21.76,46.53,-24.77,-22.32,12.15,instrumental,không rõ,0,0,0,0
SIM_01722,FAKE_CAR_0216,YARIS10_UK_MT,Toyota,Yaris hatchback 1.0 VVT-i,2008,1,6.4,5.4,65,85.9,62.1,38.6,0.39,2054,29,16.2,0,11,0,6.1,2.68,2.4,50,0.362,0,0,0,4.27,0,0,0.122,46.36,37.57,8.79,10.38,14.12,nhạc trẻ,Lam Trường,0,0,0,0
SIM_01723,FAKE_CAR_0216,YARIS10_UK_MT,Toyota,Yaris hatchback 1.0 VVT-i,2008,1,6.4,5.4,65,85.9,62.1,30.3,0.39,2986,28,16.2,0,13,0,5.7,2.68,2.4,80,0.748,0,0,0,7.96,0,0,0.122,53.04,42.86,10.18,15.46,14.07,instrumental,không rõ,0,0,0,0
SIM_01724,FAKE_CAR_0216,YARIS10_UK_MT,Toyota,Yaris hatchback 1.0 VVT-i,2008,1,6.4,5.4,65,85.9,62.1,33.6,0.39,759,0,16.2,0,15,0,4.1,2.68,2.4,50,0.725,0,0,0,4.92,0,0,0.122,21.1,40.22,-19.12,-16.88,12.32,bolero,Lệ Quyên,0,0,0,0
SIM_01725,FAKE_CAR_0216,YARIS10_UK_MT,Toyota,Yaris hatchback 1.0 VVT-i,2008,1,6.4,5.4,65,85.9,62.1,34.4,0.39,807,0,16.2,8,5,0,7.7,2.68,2.4,10,0.82,0,0,0,2.59,0,0,0.122,22.32,39.49,-17.17,-17.26,12.29,pop,Hòa Minzy,0,0,0,0
SIM_01726,FAKE_CAR_0216,YARIS10_UK_MT,Toyota,Yaris hatchback 1.0 VVT-i,2008,1,6.4,5.4,65,85.9,62.1,34.2,0.39,970,0,16.2,0,12,16,5.9,2.68,2.4,10,0.285,0,0,0,2.52,0,0,0.122,26.48,52.62,-26.14,-26.3,12.11,pop,Hòa Minzy,0,0,0,0
SIM_01727,FAKE_CAR_0216,YARIS10_UK_MT,Toyota,Yaris hatchback 1.0 VVT-i,2008,1,6.4,5.4,65,85.9,62.1,34.2,0.39,2445,26,16.2,0,16,0,4.1,2.68,2.4,50,0.807,0,0,0,5.07,0,0,0.122,51.66,41.37,10.29,12.68,14.03,rock,không rõ,0,0,0,0
SIM_01728,FAKE_CAR_0216,YARIS10_UK_MT,Toyota,Yaris hatchback 1.0 VVT-i,2008,1,6.4,5.4,65,85.9,62.1,34.9,0.39,2141,16,16.2,0,0,0,5,2.68,2.4,80,0.828,0,0,0,8.27,0,0,0.122,47.54,29.47,18.07,23.66,14.11,bolero,Lệ Quyên,0,0,0,0
SIM_01729,FAKE_CAR_0217,AYGO10_UK_MT,Toyota,Aygo hatchback 1.0 VVT-i,2008,1,5.5,4.6,70,93.5,46.8,38.1,0.14,2215,44,12.2,0,5,13,6.6,1.62,3.08,80,0.625,0,0,0,8.17,0,0,0.014,56.9,44.97,11.93,18.48,14.18,dân ca/pop,Phương Mỹ Chi,0,0,0,0
SIM_01730,FAKE_CAR_0217,AYGO10_UK_MT,Toyota,Aygo hatchback 1.0 VVT-i,2008,1,5.5,4.6,70,93.5,46.8,35.6,0.14,2770,30,12.2,14,11,0,6.1,1.62,3.08,65,0.846,0,0,0,7.3,0,0,0.014,62.18,50.6,11.58,17.26,14.18,dân ca/pop,Phương Mỹ Chi,0,0,0,0
SIM_01731,FAKE_CAR_0217,AYGO10_UK_MT,Toyota,Aygo hatchback 1.0 VVT-i,2008,1,5.5,4.6,70,93.5,46.8,39.8,0.14,997,0,12.2,0,11,0,5.3,1.62,3.08,65,0.868,0,0,0,7.36,0,0,0.014,31.85,35.86,-4.01,1.73,12.67,dân ca/pop,Phương Mỹ Chi,0,0,1,0
SIM_01732,FAKE_CAR_0217,AYGO10_UK_MT,Toyota,Aygo hatchback 1.0 VVT-i,2008,1,5.5,4.6,70,93.5,46.8,38,0.14,2888,61,12.2,0,8,0,6.9,1.62,3.08,20,0.806,0,0,0,3.67,0,0,0.014,62.18,30.77,31.41,33.46,14.1,rock,không rõ,0,0,0,0
SIM_01733,FAKE_CAR_0217,AYGO10_UK_MT,Toyota,Aygo hatchback 1.0 VVT-i,2008,1,5.5,4.6,70,93.5,46.8,40,0.14,1646,29,12.2,0,13,14,4.4,1.62,3.08,65,0.46,0,0,0,6.24,0,0,0.014,47.86,49.84,-1.98,2.64,12.79,dân ca/pop,Phương Mỹ Chi,0,0,0,0
SIM_01734,FAKE_CAR_0217,AYGO10_UK_MT,Toyota,Aygo hatchback 1.0 VVT-i,2008,1,5.5,4.6,70,93.5,46.8,45,0.14,1637,20,12.2,0,5,0,5.8,1.62,3.08,10,0.262,0,0,0,3.2,0,0,0.014,47.71,26.2,21.51,23.09,14.18,rock,không rõ,0,0,0,0
SIM_01735,FAKE_CAR_0217,AYGO10_UK_MT,Toyota,Aygo hatchback 1.0 VVT-i,2008,1,5.5,4.6,70,93.5,46.8,35.5,0.14,2364,50,12.2,0,16,18,7.7,1.62,3.08,80,0.723,0,0,0,8.55,0,0,0.014,59.27,62.45,-3.18,3.75,12.81,pop,Hòa Minzy,0,0,1,0
SIM_01736,FAKE_CAR_0217,AYGO10_UK_MT,Toyota,Aygo hatchback 1.0 VVT-i,2008,1,5.5,4.6,70,93.5,46.8,36,0.14,2903,33,12.2,0,13,18,4.4,1.62,3.08,20,0.84,0,0,0,3.68,0,0,0.014,62.18,51.28,10.9,12.96,14.11,nhạc trẻ,Lam Trường,0,0,0,0
SIM_01737,FAKE_CAR_0218,AURIS14_UK_MT,Toyota,Auris hatchback 1.4 VVT-i,2008,1.4,8.7,6.9,100,91,84.1,75.9,0.3,830,0,22.1,13,13,0,2.6,2.15,3.13,95,0.659,0,0,0,10,0,0,0.1,37.34,60.7,-23.36,-15.51,12.17,pop,Hòa Minzy,0,0,1,0
SIM_01738,FAKE_CAR_0218,AURIS14_UK_MT,Toyota,Auris hatchback 1.4 VVT-i,2008,1.4,8.7,6.9,100,91,84.1,76.8,0.3,2378,19,22.1,0,10,0,1.3,2.15,3.13,95,0.349,0,0,0,8.46,0,0,0.1,82.71,41.86,40.85,47.16,14.12,bolero,Lệ Quyên,0,0,0,0
SIM_01739,FAKE_CAR_0218,AURIS14_UK_MT,Toyota,Auris hatchback 1.4 VVT-i,2008,1.4,8.7,6.9,100,91,84.1,80.3,0.3,795,0,22.1,14,9,0,2.5,2.15,3.13,65,0.498,0,0,0,6.39,0,0,0.1,35.88,53.99,-18.11,-13.87,12.36,instrumental,không rõ,0,0,0,0
SIM_01740,FAKE_CAR_0218,AURIS14_UK_MT,Toyota,Auris hatchback 1.4 VVT-i,2008,1.4,8.7,6.9,100,91,84.1,68,0.3,1616,65,22.1,0,0,15,1.7,2.15,3.13,20,0.407,0,0,0,3.56,0,0,0.1,65.87,42.36,23.51,24.92,14.15,dân ca/pop,Phương Mỹ Chi,0,0,0,0
SIM_01741,FAKE_CAR_0218,AURIS14_UK_MT,Toyota,Auris hatchback 1.4 VVT-i,2008,1.4,8.7,6.9,100,91,84.1,73.9,0.3,790,0,22.1,0,5,0,3.4,2.15,3.13,10,0.83,0,0,0,3.32,0,0,0.1,35.67,33.82,1.85,3.02,14.03,bolero,Lệ Quyên,0,0,0,0
SIM_01742,FAKE_CAR_0218,AURIS14_UK_MT,Toyota,Auris hatchback 1.4 VVT-i,2008,1.4,8.7,6.9,100,91,84.1,74.7,0.3,2554,25,22.1,0,5,0,1.7,2.15,3.13,50,0.388,0,0,0,5.05,0,0,0.1,86.45,33.85,52.6,55.5,14.05,instrumental,không rõ,0,0,0,0
SIM_01743,FAKE_CAR_0218,AURIS14_UK_MT,Toyota,Auris hatchback 1.4 VVT-i,2008,1.4,8.7,6.9,100,91,84.1,80.7,0.3,1886,13,22.1,12,5,0,2.6,2.15,3.13,80,0.244,0,0,0,6.74,0,0,0.1,71.84,48.44,23.4,27.99,14.12,rock,không rõ,0,0,0,0
SIM_01744,FAKE_CAR_0218,AURIS14_UK_MT,Toyota,Auris hatchback 1.4 VVT-i,2008,1.4,8.7,6.9,100,91,84.1,73,0.3,938,0,22.1,0,5,0,1.2,2.15,3.13,50,0.667,0,0,0,5.55,0,0,0.1,41.83,33.85,7.98,11.38,14.12,dân ca/pop,Phương Mỹ Chi,0,0,0,0
SIM_01745,FAKE_CAR_0219,AURIS16_UK_MT,Toyota,Auris hatchback 1.6 VVT-i,2008,1.6,9,7.1,100,88.1,75.8,40.7,0.77,2541,34,18.3,0,0,0,5.1,2.12,1.83,50,0.754,0,0,0,4.4,0,0,0.062,83.57,27.8,55.77,58.05,14.09,bolero,Lệ Quyên,0,0,0,0
SIM_01746,FAKE_CAR_0219,AURIS16_UK_MT,Toyota,Auris hatchback 1.6 VVT-i,2008,1.6,9,7.1,100,88.1,75.8,43.8,0.77,944,0,18.3,12,10,13,7.2,2.12,1.83,10,0.551,0,0,0,1.99,0,0,0.062,40.74,62.49,-21.75,-21.88,12.33,rock,không rõ,0,0,0,0
SIM_01747,FAKE_CAR_0219,AURIS16_UK_MT,Toyota,Auris hatchback 1.6 VVT-i,2008,1.6,9,7.1,100,88.1,75.8,44,0.77,805,0,18.3,0,0,0,4.2,2.12,1.83,65,0.379,0,0,0,4.76,0,0,0.062,35.14,27.26,7.88,10.52,14.18,instrumental,không rõ,0,0,0,0
SIM_01748,FAKE_CAR_0219,AURIS16_UK_MT,Toyota,Auris hatchback 1.6 VVT-i,2008,1.6,9,7.1,100,88.1,75.8,35.2,0.77,800,0,18.3,0,11,0,4.5,2.12,1.83,80,0.359,0,0,0,5.89,0,0,0.062,34.94,39.69,-4.75,-0.98,12.73,dân ca/pop,Phương Mỹ Chi,0,0,1,0
SIM_01749,FAKE_CAR_0219,AURIS16_UK_MT,Toyota,Auris hatchback 1.6 VVT-i,2008,1.6,9,7.1,100,88.1,75.8,40.8,0.77,995,0,18.3,0,5,0,5.7,2.12,1.83,50,0.302,0,0,0,3.6,0,0,0.062,42.79,32.6,10.19,11.67,14.16,bolero,Lệ Quyên,0,0,0,0
SIM_01750,FAKE_CAR_0219,AURIS16_UK_MT,Toyota,Auris hatchback 1.6 VVT-i,2008,1.6,9,7.1,100,88.1,75.8,37.8,0.77,2737,42,18.3,8,11,0,5.5,2.12,1.83,20,0.702,0,0,0,2.38,0,0,0.062,83.69,45.18,38.51,38.77,14.06,instrumental,không rõ,0,0,0,0
SIM_01751,FAKE_CAR_0219,AURIS16_UK_MT,Toyota,Auris hatchback 1.6 VVT-i,2008,1.6,9,7.1,100,88.1,75.8,39.9,0.77,730,0,18.3,0,0,0,7,2.12,1.83,95,0.633,0,0,0,8.62,0,0,0.062,32.12,33.92,-1.8,4.7,12.71,instrumental,không rõ,0,0,0,0
SIM_01752,FAKE_CAR_0219,AURIS16_UK_MT,Toyota,Auris hatchback 1.6 VVT-i,2008,1.6,9,7.1,100,88.1,75.8,38.4,0.77,921,0,18.3,0,13,0,4.6,2.12,1.83,65,0.542,0,0,0,5.21,0,0,0.062,39.81,41.11,-1.3,1.79,12.76,instrumental,không rõ,0,0,0,0
SIM_01753,FAKE_CAR_0220,AVENSIS18_UK_MT,Toyota,Avensis sedan/hatch 1.8 VVT-i,2008,1.8,9.4,7.2,120,82.2,90.7,80.3,0.75,979,0,19.8,0,9,10,1.4,1.32,2.55,50,0.675,0,0,0,4.98,0,0,0.103,47.19,45.18,2.01,5.67,14.09,nhạc trẻ,Lam Trường,0,0,0,0
SIM_01754,FAKE_CAR_0220,AVENSIS18_UK_MT,Toyota,Avensis sedan/hatch 1.8 VVT-i,2008,1.8,9.4,7.2,120,82.2,90.7,68.6,0.75,755,0,19.8,0,0,0,3.1,1.32,2.55,65,0.719,0,0,0,6.42,0,0,0.103,37.09,29.32,7.77,12.87,14.14,pop,Hòa Minzy,0,0,0,0
SIM_01755,FAKE_CAR_0220,AVENSIS18_UK_MT,Toyota,Avensis sedan/hatch 1.8 VVT-i,2008,1.8,9.4,7.2,120,82.2,90.7,75.1,0.75,881,0,19.8,0,12,0,3,1.32,2.55,80,0.411,0,0,0,6.81,0,0,0.103,42.77,41.61,1.16,6.65,14.07,nhạc trẻ,Lam Trường,0,0,0,0
SIM_01756,FAKE_CAR_0220,AVENSIS18_UK_MT,Toyota,Avensis sedan/hatch 1.8 VVT-i,2008,1.8,9.4,7.2,120,82.2,90.7,79.6,0.75,2751,58,19.8,14,0,0,5,1.32,2.55,10,0.472,0,0,0,2.7,0,0,0.103,93.71,41.5,52.21,53.59,14.08,rock,không rõ,0,0,0,0
SIM_01757,FAKE_CAR_0220,AVENSIS18_UK_MT,Toyota,Avensis sedan/hatch 1.8 VVT-i,2008,1.8,9.4,7.2,120,82.2,90.7,68.3,0.75,734,0,19.8,0,10,0,4.5,1.32,2.55,50,0.688,0,0,0,5,0,0,0.103,36.14,39.3,-3.16,0.52,12.77,nhạc trẻ,Lam Trường,0,0,1,0
SIM_01758,FAKE_CAR_0220,AVENSIS18_UK_MT,Toyota,Avensis sedan/hatch 1.8 VVT-i,2008,1.8,9.4,7.2,120,82.2,90.7,77.6,0.75,922,0,19.8,0,12,0,3.6,1.32,2.55,35,0.622,0,0,0,3.85,0,0,0.103,44.62,39.25,5.37,7.9,14.02,pop,Hòa Minzy,0,0,0,0
SIM_01759,FAKE_CAR_0220,AVENSIS18_UK_MT,Toyota,Avensis sedan/hatch 1.8 VVT-i,2008,1.8,9.4,7.2,120,82.2,90.7,74.1,0.75,790,0,19.8,9,5,0,4.4,1.32,2.55,35,0.632,0,0,0,3.86,0,0,0.103,38.67,42.06,-3.39,-0.85,12.75,bolero,Lệ Quyên,0,0,1,0
SIM_01760,FAKE_CAR_0220,AVENSIS18_UK_MT,Toyota,Avensis sedan/hatch 1.8 VVT-i,2008,1.8,9.4,7.2,120,82.2,90.7,67.2,0.75,790,0,19.8,0,0,0,4.5,1.32,2.55,35,0.646,0,0,0,3.87,0,0,0.103,38.67,28.17,10.5,13.05,14.12,instrumental,không rõ,0,0,0,0
SIM_01761,FAKE_CAR_0221,RAV4_20_UK_MT,Toyota,RAV4 2.0 VVT-i,2008,2,11,8.6,125,80,95.5,59.2,0.66,747,0,15,12,0,0,2.9,2.2,3.16,50,0.404,0,0,0,5.11,0,0,0.127,37.23,35.01,2.22,5.13,14.02,dân ca/pop,Phương Mỹ Chi,0,0,0,0
SIM_01762,FAKE_CAR_0221,RAV4_20_UK_MT,Toyota,RAV4 2.0 VVT-i,2008,2,11,8.6,125,80,95.5,58.9,0.66,961,0,15,0,9,11,2.7,2.2,3.16,35,0.448,0,0,0,4.28,0,0,0.127,47.02,41.98,5.04,7.12,14.09,rock,không rõ,0,0,0,0
SIM_01763,FAKE_CAR_0221,RAV4_20_UK_MT,Toyota,RAV4 2.0 VVT-i,2008,2,11,8.6,125,80,95.5,59.2,0.66,1851,50,15,8,16,0,5.4,2.2,3.16,80,0.587,0,0,0,8.1,0,0,0.127,78.1,52.5,25.6,31.5,14.09,instrumental,không rõ,0,0,0,0
SIM_01764,FAKE_CAR_0221,RAV4_20_UK_MT,Toyota,RAV4 2.0 VVT-i,2008,2,11,8.6,125,80,95.5,63.8,0.66,785,0,15,0,8,10,4.8,2.2,3.16,65,0.804,0,0,0,7.26,0,0,0.127,38.97,45.06,-6.09,-1.03,12.59,instrumental,không rõ,0,0,1,0
SIM_01765,FAKE_CAR_0221,RAV4_20_UK_MT,Toyota,RAV4 2.0 VVT-i,2008,2,11,8.6,125,80,95.5,67.2,0.66,782,0,15,0,0,0,3,2.2,3.16,35,0.396,0,0,0,4.23,0,0,0.127,38.83,22.23,16.6,18.63,14.1,dân ca/pop,Phương Mỹ Chi,0,0,0,0
SIM_01766,FAKE_CAR_0221,RAV4_20_UK_MT,Toyota,RAV4 2.0 VVT-i,2008,2,11,8.6,125,80,95.5,58,0.66,2113,29,15,0,12,14,3.8,2.2,3.16,50,0.779,0,0,0,5.78,0,0,0.127,84.46,50.58,33.88,37.46,14.01,instrumental,không rõ,0,0,0,0
SIM_01767,FAKE_CAR_0221,RAV4_20_UK_MT,Toyota,RAV4 2.0 VVT-i,2008,2,11,8.6,125,80,95.5,57.7,0.66,780,0,15,0,14,0,5.7,2.2,3.16,10,0.788,0,0,0,3.34,0,0,0.127,38.74,38.04,0.7,1.84,14.14,nhạc trẻ,Lam Trường,0,0,0,0
SIM_01768,FAKE_CAR_0221,RAV4_20_UK_MT,Toyota,RAV4 2.0 VVT-i,2008,2,11,8.6,125,80,95.5,67.9,0.66,2985,14,15,0,5,0,3.4,2.2,3.16,10,0.774,0,0,0,3.34,0,0,0.127,95,26.74,68.26,69.4,14.08,bolero,Lệ Quyên,0,0,0,0
SIM_01769,FAKE_CAR_0222,MAZDA2_13_UK_MT,Mazda,Mazda2 hatchback 1.3 MZR 86ps 5 cửa,2008,1.349,6.9,5.2,80,97.5,86.1,68.5,0.51,2748,57,15,0,10,15,1.7,2.24,3.03,80,0.2,0,0,0,6.47,0,0,0.491,74.1,48.17,25.93,30.16,13.83,pop,Hòa Minzy,0,0,0,0
SIM_01770,FAKE_CAR_0222,MAZDA2_13_UK_MT,Mazda,Mazda2 hatchback 1.3 MZR 86ps 5 cửa,2008,1.349,6.9,5.2,80,97.5,86.1,75.6,0.51,914,0,15,0,0,10,1.4,2.24,3.03,35,0.467,0,0,0,4.17,0,0,0.491,35,30.57,4.43,6.36,13.79,dân ca/pop,Phương Mỹ Chi,0,0,0,0
SIM_01771,FAKE_CAR_0222,MAZDA2_13_UK_MT,Mazda,Mazda2 hatchback 1.3 MZR 86ps 5 cửa,2008,1.349,6.9,5.2,80,97.5,86.1,78,0.51,725,0,15,0,11,0,4.2,2.24,3.03,35,0.604,0,0,0,4.31,0,0,0.491,28.26,34.51,-6.25,-4.18,12.44,pop,Hòa Minzy,0,0,0,0
SIM_01772,FAKE_CAR_0222,MAZDA2_13_UK_MT,Mazda,Mazda2 hatchback 1.3 MZR 86ps 5 cửa,2008,1.349,6.9,5.2,80,97.5,86.1,67.5,0.51,968,0,15,0,5,0,1.8,2.24,3.03,20,0.857,0,0,0,3.64,0,0,0.491,36.92,25.44,11.48,12.88,13.89,bolero,Lệ Quyên,0,0,0,0
SIM_01773,FAKE_CAR_0222,MAZDA2_13_UK_MT,Mazda,Mazda2 hatchback 1.3 MZR 86ps 5 cửa,2008,1.349,6.9,5.2,80,97.5,86.1,69.3,0.51,809,0,15,0,9,0,2.7,2.24,3.03,95,0.259,0,0,0,7.9,0,0,0.491,31.25,34.6,-3.35,2.31,12.48,instrumental,không rõ,0,0,1,0
SIM_01774,FAKE_CAR_0222,MAZDA2_13_UK_MT,Mazda,Mazda2 hatchback 1.3 MZR 86ps 5 cửa,2008,1.349,6.9,5.2,80,97.5,86.1,68.5,0.51,2694,59,15,0,9,0,3.1,2.24,3.03,35,0.659,0,0,0,4.36,0,0,0.491,74.1,31.46,42.64,44.76,13.91,bolero,Lệ Quyên,0,0,0,0
SIM_01775,FAKE_CAR_0222,MAZDA2_13_UK_MT,Mazda,Mazda2 hatchback 1.3 MZR 86ps 5 cửa,2008,1.349,6.9,5.2,80,97.5,86.1,74.1,0.51,2722,27,15,0,10,0,4.7,2.24,3.03,10,0.283,0,0,0,3.15,0,0,0.491,74.1,32.85,41.25,42.16,13.83,nhạc trẻ,Lam Trường,0,0,0,0
SIM_01776,FAKE_CAR_0222,MAZDA2_13_UK_MT,Mazda,Mazda2 hatchback 1.3 MZR 86ps 5 cửa,2008,1.349,6.9,5.2,80,97.5,86.1,71.4,0.51,971,0,15,0,10,0,4,2.24,3.03,35,0.496,0,0,0,4.2,0,0,0.491,37.03,33.2,3.83,5.79,13.84,dân ca/pop,Phương Mỹ Chi,0,0,0,0
SIM_01777,FAKE_CAR_0223,MAZDA2_15_UK_MT,Mazda,Mazda2 hatchback 1.5 MZR 103ps,2008,1.498,7.6,5.7,100,97,43.9,28.5,0.7,766,0,17.1,0,5,0,5.2,1.71,2.02,95,0.696,1,28,27.96,9.14,0,0,0.148,36.96,64.4,-27.44,7.95,12.12,dân ca/pop,Phương Mỹ Chi,0,0,1,0
SIM_01778,FAKE_CAR_0223,MAZDA2_15_UK_MT,Mazda,Mazda2 hatchback 1.5 MZR 103ps,2008,1.498,7.6,5.7,100,97,43.9,26.2,0.7,855,0,17.1,0,14,12,5.2,1.71,2.02,65,0.379,1,28,13.24,4.95,0,0,0.148,40.91,66.49,-25.58,-9.1,12.13,bolero,Lệ Quyên,0,0,1,0
SIM_01779,FAKE_CAR_0223,MAZDA2_15_UK_MT,Mazda,Mazda2 hatchback 1.5 MZR 103ps,2008,1.498,7.6,5.7,100,97,43.9,30.9,0.7,961,0,17.1,12,0,12,7.7,1.71,2.02,95,0.613,1,28,26.33,8.71,0,0,0.148,45.61,83.84,-38.23,-4.9,11.74,rock,không rõ,0,0,1,0
SIM_01780,FAKE_CAR_0223,MAZDA2_15_UK_MT,Mazda,Mazda2 hatchback 1.5 MZR 103ps,2008,1.498,7.6,5.7,100,97,43.9,33.1,0.7,947,0,17.1,0,16,0,6.8,1.71,2.02,65,0.865,1,28,19.02,6.29,0,0,0.148,44.99,65.21,-20.22,3.38,12.27,bolero,Lệ Quyên,0,0,1,0
SIM_01781,FAKE_CAR_0223,MAZDA2_15_UK_MT,Mazda,Mazda2 hatchback 1.5 MZR 103ps,2008,1.498,7.6,5.7,100,97,43.9,33.9,0.7,728,0,17.1,0,10,0,6.1,1.71,2.02,10,0.411,1,28,3.65,2.16,0,0,0.148,35.27,39.01,-3.74,0.36,12.61,rock,không rõ,0,0,1,0
SIM_01782,FAKE_CAR_0223,MAZDA2_15_UK_MT,Mazda,Mazda2 hatchback 1.5 MZR 103ps,2008,1.498,7.6,5.7,100,97,43.9,31.2,0.7,946,0,17.1,0,8,0,6.6,1.71,2.02,35,0.694,1,28,8.76,3.39,0,0,0.148,44.94,43.85,1.09,11.53,14.09,nhạc trẻ,Lam Trường,0,0,0,0
SIM_01783,FAKE_CAR_0223,MAZDA2_15_UK_MT,Mazda,Mazda2 hatchback 1.5 MZR 103ps,2008,1.498,7.6,5.7,100,97,43.9,36.3,0.7,741,0,17.1,14,9,0,6.1,1.71,2.02,80,0.846,1,28,24.5,7.96,0,0,0.148,35.85,78.66,-42.81,-12.06,11.68,dân ca/pop,Phương Mỹ Chi,0,0,1,0
SIM_01784,FAKE_CAR_0223,MAZDA2_15_UK_MT,Mazda,Mazda2 hatchback 1.5 MZR 103ps,2008,1.498,7.6,5.7,100,97,43.9,34.5,0.7,759,0,17.1,14,0,10,5,1.71,2.02,10,0.731,1,28,4.67,2.2,0,0,0.148,36.65,52.97,-16.32,-11.16,12.41,pop,Hòa Minzy,0,0,1,0
SIM_01785,FAKE_CAR_0224,HONDA_FIT15_CA_MT,Honda,Fit hatchback 1.5 DX,2008,1.5,7.1,6.5,85,95,85.8,55.9,0.31,2907,42,17.7,0,5,0,3.2,2.35,1.73,20,0.658,0,0,0,2.26,1,7.24,0.024,76.71,35.4,41.31,48.46,14.13,bolero,Lệ Quyên,0,0,0,0
SIM_01786,FAKE_CAR_0224,HONDA_FIT15_CA_MT,Honda,Fit hatchback 1.5 DX,2008,1.5,7.1,6.5,85,95,85.8,51.8,0.31,1904,36,17.7,0,5,12,3.9,2.35,1.73,65,0.607,0,0,0,5.29,1,7.24,0.024,64.1,51.13,12.97,23.15,14.08,instrumental,không rõ,0,0,0,0
SIM_01787,FAKE_CAR_0224,HONDA_FIT15_CA_MT,Honda,Fit hatchback 1.5 DX,2008,1.5,7.1,6.5,85,95,85.8,62.4,0.31,746,0,17.7,10,8,0,4.3,2.35,1.73,95,0.42,0,0,0,7.43,1,7.24,0.024,30.03,54.67,-24.64,-12.32,12.18,instrumental,không rõ,0,0,1,0
SIM_01788,FAKE_CAR_0224,HONDA_FIT15_CA_MT,Honda,Fit hatchback 1.5 DX,2008,1.5,7.1,6.5,85,95,85.8,57.3,0.31,2643,64,17.7,0,5,0,5,2.35,1.73,65,0.73,0,0,0,5.63,1,7.24,0.024,76.71,40.57,36.14,46.66,14.13,pop,Hòa Minzy,0,0,0,0
SIM_01789,FAKE_CAR_0224,HONDA_FIT15_CA_MT,Honda,Fit hatchback 1.5 DX,2008,1.5,7.1,6.5,85,95,85.8,62.9,0.31,737,0,17.7,0,0,13,6.3,2.35,1.73,20,0.247,0,0,0,2.1,1,7.24,0.024,29.7,46.34,-16.64,-9.65,12.48,pop,Hòa Minzy,0,0,1,0
SIM_01790,FAKE_CAR_0224,HONDA_FIT15_CA_MT,Honda,Fit hatchback 1.5 DX,2008,1.5,7.1,6.5,85,95,85.8,52.6,0.31,2550,56,17.7,0,0,0,4.8,2.35,1.73,20,0.507,0,0,0,2.2,1,7.24,0.024,76.71,31.94,44.77,51.86,14.19,bolero,Lệ Quyên,0,0,0,0
SIM_01791,FAKE_CAR_0224,HONDA_FIT15_CA_MT,Honda,Fit hatchback 1.5 DX,2008,1.5,7.1,6.5,85,95,85.8,51.3,0.31,2652,28,17.7,0,5,0,5.1,2.35,1.73,65,0.306,0,0,0,4.46,1,7.24,0.024,76.71,39.5,37.21,46.56,14.16,rock,không rõ,0,0,0,0
SIM_01792,FAKE_CAR_0224,HONDA_FIT15_CA_MT,Honda,Fit hatchback 1.5 DX,2008,1.5,7.1,6.5,85,95,85.8,60.9,0.31,1901,26,17.7,0,0,18,4.9,2.35,1.73,10,0.843,0,0,0,1.92,1,7.24,0.024,64.04,49.76,14.28,21.09,14.19,rock,không rõ,0,0,0,0
SIM_01793,FAKE_CAR_0225,YARIS13_UK_MT,Toyota,Yaris hatchback 1.3 VVT-i,2008,1.3,7.2,6,85,95.2,85.1,49.6,0.39,885,0,22.5,0,0,0,5,1.53,3.02,35,0.362,0,0,0,4.06,0,0,0.113,35.23,31.56,3.67,6.2,14.06,nhạc trẻ,Lam Trường,0,0,0,0
SIM_01794,FAKE_CAR_0225,YARIS13_UK_MT,Toyota,Yaris hatchback 1.3 VVT-i,2008,1.3,7.2,6,85,95.2,85.1,51.6,0.39,1655,63,22.5,0,10,14,4.1,1.53,3.02,95,0.531,0,0,0,9.29,0,0,0.113,59.34,59.89,-0.55,7.21,12.7,dân ca/pop,Phương Mỹ Chi,0,0,0,0
SIM_01795,FAKE_CAR_0225,YARIS13_UK_MT,Toyota,Yaris hatchback 1.3 VVT-i,2008,1.3,7.2,6,85,95.2,85.1,47.2,0.39,2534,59,22.5,0,0,0,3.6,1.53,3.02,10,0.653,0,0,0,3.19,0,0,0.113,76.62,29.29,47.33,48.99,14.06,rock,không rõ,0,0,0,0
SIM_01796,FAKE_CAR_0225,YARIS13_UK_MT,Toyota,Yaris hatchback 1.3 VVT-i,2008,1.3,7.2,6,85,95.2,85.1,55.5,0.39,2210,65,22.5,0,9,0,5.8,1.53,3.02,80,0.699,0,0,0,8.39,0,0,0.113,70.25,45.69,24.56,31.42,14.05,instrumental,không rõ,0,0,0,0
SIM_01797,FAKE_CAR_0225,YARIS13_UK_MT,Toyota,Yaris hatchback 1.3 VVT-i,2008,1.3,7.2,6,85,95.2,85.1,53.2,0.39,2830,32,22.5,0,5,0,5.3,1.53,3.02,10,0.851,0,0,0,3.21,0,0,0.113,76.87,36.01,40.86,42.54,14.1,nhạc trẻ,Lam Trường,0,0,0,0
SIM_01798,FAKE_CAR_0225,YARIS13_UK_MT,Toyota,Yaris hatchback 1.3 VVT-i,2008,1.3,7.2,6,85,95.2,85.1,49.7,0.39,2037,34,22.5,0,9,0,6.6,1.53,3.02,35,0.221,0,0,0,3.92,0,0,0.113,66.85,42.02,24.83,27.22,14.04,bolero,Lệ Quyên,0,0,0,0
SIM_01799,FAKE_CAR_0225,YARIS13_UK_MT,Toyota,Yaris hatchback 1.3 VVT-i,2008,1.3,7.2,6,85,95.2,85.1,47.3,0.39,1890,44,22.5,12,5,0,6,1.53,3.02,65,0.793,0,0,0,7.09,0,0,0.113,63.96,52.59,11.37,16.93,14.11,nhạc trẻ,Lam Trường,0,0,0,0
SIM_01800,FAKE_CAR_0225,YARIS13_UK_MT,Toyota,Yaris hatchback 1.3 VVT-i,2008,1.3,7.2,6,85,95.2,85.1,57.8,0.39,813,0,22.5,0,13,0,6.7,1.53,3.02,20,0.458,0,0,0,3.47,0,0,0.113,32.57,45.67,-13.1,-11.16,12.43,nhạc trẻ,Lam Trường,0,0,0,0
SIM_01801,FAKE_CAR_0226,YARIS13_UK_MM,Toyota,Yaris hatchback 1.3 VVT-i,2008,1.3,6.7,5.8,80,86.8,92.3,75.2,0.75,900,0,17,10,5,0,2.8,1.6,3.29,10,0.866,1,28,5.1,3.48,0,0,0.067,30.71,43.38,-12.67,-5.69,12.48,instrumental,không rõ,1,1,1,0
SIM_01802,FAKE_CAR_0226,YARIS13_UK_MM,Toyota,Yaris hatchback 1.3 VVT-i,2008,1.3,6.7,5.8,80,86.8,92.3,70.9,0.75,939,0,17,0,0,0,4,1.6,3.29,10,0.494,1,28,3.91,3.44,0,0,0.067,31.95,28.35,3.6,9.35,14.14,dân ca/pop,Phương Mỹ Chi,1,1,0,0
SIM_01803,FAKE_CAR_0226,YARIS13_UK_MM,Toyota,Yaris hatchback 1.3 VVT-i,2008,1.3,6.7,5.8,80,86.8,92.3,68.7,0.75,786,0,17,0,0,0,1.3,1.6,3.29,95,0.488,1,28,23.89,9.34,0,0,0.067,27.09,51.53,-24.44,7.19,12.16,pop,Hòa Minzy,1,1,1,1
SIM_01804,FAKE_CAR_0226,YARIS13_UK_MM,Toyota,Yaris hatchback 1.3 VVT-i,2008,1.3,6.7,5.8,80,86.8,92.3,81.7,0.75,931,0,17,0,0,0,1.9,1.6,3.29,35,0.849,1,28,9.71,4.81,0,0,0.067,31.7,33.42,-1.72,11.2,12.77,pop,Hòa Minzy,1,0,0,0
SIM_01805,FAKE_CAR_0226,YARIS13_UK_MM,Toyota,Yaris hatchback 1.3 VVT-i,2008,1.3,6.7,5.8,80,86.8,92.3,78.1,0.75,983,0,17,8,12,0,3.2,1.6,3.29,50,0.517,1,28,10.95,5.44,0,0,0.067,33.35,56.59,-23.24,-8.45,12.24,rock,không rõ,1,0,1,1
SIM_01806,FAKE_CAR_0226,YARIS13_UK_MM,Toyota,Yaris hatchback 1.3 VVT-i,2008,1.3,6.7,5.8,80,86.8,92.3,72,0.75,2140,22,17,0,0,0,3,1.6,3.29,10,0.516,1,28,3.98,3.44,0,0,0.067,59.1,27.42,31.68,37.5,14.14,rock,không rõ,1,1,0,0
SIM_01807,FAKE_CAR_0226,YARIS13_UK_MM,Toyota,Yaris hatchback 1.3 VVT-i,2008,1.3,6.7,5.8,80,86.8,92.3,75.3,0.75,977,0,17,0,5,0,3.9,1.6,3.29,80,0.68,1,28,21.93,8.59,0,0,0.067,33.16,56.42,-23.26,5.66,12.24,nhạc trẻ,Lam Trường,1,0,1,1
SIM_01808,FAKE_CAR_0226,YARIS13_UK_MM,Toyota,Yaris hatchback 1.3 VVT-i,2008,1.3,6.7,5.8,80,86.8,92.3,80.9,0.75,887,0,17,0,5,0,2.4,1.6,3.29,95,0.371,1,28,21.6,8.74,0,0,0.067,30.3,54.74,-24.44,4.3,12.2,instrumental,không rõ,1,0,1,1
SIM_01809,FAKE_CAR_0227,YARIS13_NCP_2NZ,Toyota,Yaris 1.3 NCP9# / 2NZ-FE,2008,1.3,,,80,87,78.3,42.6,0.76,964,0,15.5,0,10,0,6,3.05,2.07,95,0.834,0,0,0,9.9,0,0,0.078,32.82,41.4,-8.58,-1.73,12.59,instrumental,không rõ,0,0,1,0
SIM_01810,FAKE_CAR_0227,YARIS13_NCP_2NZ,Toyota,Yaris 1.3 NCP9# / 2NZ-FE,2008,1.3,,,80,87,78.3,40.1,0.76,819,0,15.5,0,0,0,5.4,3.05,2.07,80,0.233,0,0,0,5.64,0,0,0.078,28.21,26.54,1.67,4.26,14.1,nhạc trẻ,Lam Trường,0,0,0,0
SIM_01811,FAKE_CAR_0227,YARIS13_NCP_2NZ,Toyota,Yaris 1.3 NCP9# / 2NZ-FE,2008,1.3,,,80,87,78.3,41.5,0.76,870,0,15.5,0,5,0,7.6,3.05,2.07,20,0.737,0,0,0,2.63,0,0,0.078,29.83,30.73,-0.9,-1.32,12.72,instrumental,không rõ,0,0,0,0
SIM_01812,FAKE_CAR_0227,YARIS13_NCP_2NZ,Toyota,Yaris 1.3 NCP9# / 2NZ-FE,2008,1.3,,,80,87,78.3,34.8,0.76,783,0,15.5,12,14,0,7.5,3.05,2.07,35,0.435,0,0,0,3.18,0,0,0.078,27.06,52.18,-25.12,-24.99,12.2,pop,Hòa Minzy,0,0,0,0
SIM_01813,FAKE_CAR_0227,YARIS13_NCP_2NZ,Toyota,Yaris 1.3 NCP9# / 2NZ-FE,2008,1.3,,,80,87,78.3,38.5,0.76,782,0,15.5,0,13,0,7.4,3.05,2.07,35,0.202,0,0,0,2.95,0,0,0.078,27.03,38.85,-11.82,-11.92,12.48,nhạc trẻ,Lam Trường,0,0,0,0
SIM_01814,FAKE_CAR_0227,YARIS13_NCP_2NZ,Toyota,Yaris 1.3 NCP9# / 2NZ-FE,2008,1.3,,,80,87,78.3,37,0.76,955,0,15.5,0,0,0,4.8,3.05,2.07,95,0.854,0,0,0,10,0,0,0.078,32.53,30.3,2.23,9.18,14.16,rock,không rõ,0,0,0,0
SIM_01815,FAKE_CAR_0227,YARIS13_NCP_2NZ,Toyota,Yaris 1.3 NCP9# / 2NZ-FE,2008,1.3,,,80,87,78.3,35.9,0.76,2732,15,15.5,0,16,0,6.3,3.05,2.07,20,0.683,0,0,0,2.61,0,0,0.078,66.12,40.41,25.71,25.27,14.14,bolero,Lệ Quyên,0,0,0,0
SIM_01816,FAKE_CAR_0227,YARIS13_NCP_2NZ,Toyota,Yaris 1.3 NCP9# / 2NZ-FE,2008,1.3,,,80,87,78.3,40.9,0.76,911,0,15.5,0,0,0,4.9,3.05,2.07,95,0.567,0,0,0,8.53,0,0,0.078,31.13,28.93,2.2,7.68,14.04,instrumental,không rõ,0,0,0,0
SIM_01817,FAKE_CAR_0228,YARIS15_CA_MT,Toyota,Yaris hatchback 1.5,2008,1.5,7,6.3,80,94.9,90.6,83.7,0.58,926,0,15.2,0,11,14,3.5,2.37,2.97,95,0.862,0,0,0,10,0,0,0.061,34.48,53.7,-19.22,-11.59,12.38,instrumental,không rõ,0,0,1,0
SIM_01818,FAKE_CAR_0228,YARIS15_CA_MT,Toyota,Yaris hatchback 1.5,2008,1.5,7,6.3,80,94.9,90.6,76.4,0.58,877,0,15.2,0,12,0,4.9,2.37,2.97,10,0.282,0,0,0,3.09,0,0,0.061,32.78,35.19,-2.41,-1.69,12.77,rock,không rõ,0,0,0,0
SIM_01819,FAKE_CAR_0228,YARIS15_CA_MT,Toyota,Yaris hatchback 1.5,2008,1.5,7,6.3,80,94.9,90.6,82.4,0.58,2314,58,15.2,0,14,0,1.3,2.37,2.97,20,0.403,0,0,0,3.4,0,0,0.061,67.83,33.9,33.93,34.96,14.16,instrumental,không rõ,0,0,0,0
SIM_01820,FAKE_CAR_0228,YARIS15_CA_MT,Toyota,Yaris hatchback 1.5,2008,1.5,7,6.3,80,94.9,90.6,78.1,0.58,775,0,15.2,0,5,0,1.1,2.37,2.97,95,0.206,0,0,0,7.57,0,0,0.061,29.24,28.87,0.37,5.57,14.08,rock,không rõ,0,0,0,0
SIM_01821,FAKE_CAR_0228,YARIS15_CA_MT,Toyota,Yaris hatchback 1.5,2008,1.5,7,6.3,80,94.9,90.6,78.2,0.58,1651,57,15.2,0,15,0,1.9,2.37,2.97,80,0.764,0,0,0,8.59,0,0,0.061,55.6,40.69,14.91,21.13,14.1,instrumental,không rõ,0,0,0,0
SIM_01822,FAKE_CAR_0228,YARIS15_CA_MT,Toyota,Yaris hatchback 1.5,2008,1.5,7,6.3,80,94.9,90.6,74.3,0.58,2565,13,15.2,0,9,14,4.1,2.37,2.97,65,0.232,0,0,0,5.5,0,0,0.061,72.12,47.8,24.32,27.45,14.18,rock,không rõ,0,0,0,0
SIM_01823,FAKE_CAR_0228,YARIS15_CA_MT,Toyota,Yaris hatchback 1.5,2008,1.5,7,6.3,80,94.9,90.6,80.7,0.58,2876,30,15.2,0,0,16,1.9,2.37,2.97,50,0.558,0,0,0,5.19,0,0,0.061,72.12,38.29,33.83,36.65,14.07,nhạc trẻ,Lam Trường,0,0,0,0
SIM_01824,FAKE_CAR_0228,YARIS15_CA_MT,Toyota,Yaris hatchback 1.5,2008,1.5,7,6.3,80,94.9,90.6,73.8,0.58,909,0,15.2,13,12,0,4.4,2.37,2.97,65,0.474,0,0,0,6.17,0,0,0.061,33.89,50.77,-16.88,-13.08,12.45,instrumental,không rõ,0,0,0,0
SIM_01825,FAKE_CAR_0229,YARIS15_CA_AT,Toyota,Yaris hatchback 1.5,2008,1.5,7,6.4,80,99.6,82.2,56.8,0.68,2306,15,16.4,13,15,15,4.4,2.91,1.8,95,0.52,0,0,0,8.01,0,0,0.058,71.03,71.81,-0.78,4.32,12.85,rock,không rõ,1,1,0,0
SIM_01826,FAKE_CAR_0229,YARIS15_CA_AT,Toyota,Yaris hatchback 1.5,2008,1.5,7,6.4,80,99.6,82.2,57.2,0.68,2086,56,16.4,12,11,0,2.9,2.91,1.8,65,0.206,0,0,0,4.26,0,0,0.058,66.77,46.56,20.21,21.56,14.09,dân ca/pop,Phương Mỹ Chi,1,0,0,0
SIM_01827,FAKE_CAR_0229,YARIS15_CA_AT,Toyota,Yaris hatchback 1.5,2008,1.5,7,6.4,80,99.6,82.2,58.5,0.68,908,0,16.4,0,15,0,6.3,2.91,1.8,95,0.581,0,0,0,8.33,0,0,0.058,35.53,46.03,-10.5,-5.08,12.49,rock,không rõ,1,0,1,0
SIM_01828,FAKE_CAR_0229,YARIS15_CA_AT,Toyota,Yaris hatchback 1.5,2008,1.5,7,6.4,80,99.6,82.2,55,0.68,727,0,16.4,0,9,0,4.4,2.91,1.8,80,0.696,0,0,0,7.16,0,0,0.058,28.94,36.96,-8.02,-3.77,12.67,rock,không rõ,1,0,0,0
SIM_01829,FAKE_CAR_0229,YARIS15_CA_AT,Toyota,Yaris hatchback 1.5,2008,1.5,7,6.4,80,99.6,82.2,56.1,0.68,940,0,16.4,0,5,10,5.5,2.91,1.8,10,0.554,0,0,0,1.96,0,0,0.058,36.7,38.86,-2.16,-3.11,12.74,pop,Hòa Minzy,1,0,0,0
SIM_01830,FAKE_CAR_0229,YARIS15_CA_AT,Toyota,Yaris hatchback 1.5,2008,1.5,7,6.4,80,99.6,82.2,50.1,0.68,939,0,16.4,0,10,10,4.7,2.91,1.8,50,0.763,0,0,0,4.39,0,0,0.058,36.66,45.49,-8.83,-7.35,12.57,pop,Hòa Minzy,1,0,0,0
SIM_01831,FAKE_CAR_0229,YARIS15_CA_AT,Toyota,Yaris hatchback 1.5,2008,1.5,7,6.4,80,99.6,82.2,56.3,0.68,2601,58,16.4,8,14,0,3.4,2.91,1.8,80,0.86,0,0,0,7.8,0,0,0.058,75.7,49.6,26.1,30.99,14.08,dân ca/pop,Phương Mỹ Chi,1,0,0,0
SIM_01832,FAKE_CAR_0229,YARIS15_CA_AT,Toyota,Yaris hatchback 1.5,2008,1.5,7,6.4,80,99.6,82.2,53,0.68,846,0,16.4,10,0,0,4.7,2.91,1.8,80,0.388,0,0,0,5.97,0,0,0.058,33.27,37.07,-3.8,-0.74,12.69,dân ca/pop,Phương Mỹ Chi,1,0,1,0
SIM_01833,FAKE_CAR_0230,YARIS10_UK_MT,Toyota,Yaris hatchback 1.0 VVT-i,2008,1,6.4,5.4,80,95.5,83.3,34.3,0.34,2186,55,12.8,0,10,0,7.9,1.94,1.75,80,0.355,0,0,0,5.79,0,0,0.618,65.88,36.49,29.39,33.24,13.77,dân ca/pop,Phương Mỹ Chi,0,0,0,0
SIM_01834,FAKE_CAR_0230,YARIS10_UK_MT,Toyota,Yaris hatchback 1.0 VVT-i,2008,1,6.4,5.4,80,95.5,83.3,42,0.34,1776,26,12.8,0,0,0,5.5,1.94,1.75,35,0.433,0,0,0,2.86,0,0,0.618,58.27,21.16,37.11,38.03,13.72,dân ca/pop,Phương Mỹ Chi,0,0,0,0
SIM_01835,FAKE_CAR_0230,YARIS10_UK_MT,Toyota,Yaris hatchback 1.0 VVT-i,2008,1,6.4,5.4,80,95.5,83.3,39,0.34,1651,44,12.8,13,0,0,5.2,1.94,1.75,80,0.843,0,0,0,7.68,0,0,0.618,55.95,38.68,17.27,23.01,13.73,rock,không rõ,0,0,0,0
SIM_01836,FAKE_CAR_0230,YARIS10_UK_MT,Toyota,Yaris hatchback 1.0 VVT-i,2008,1,6.4,5.4,80,95.5,83.3,38.7,0.34,2424,56,12.8,0,5,0,5.5,1.94,1.75,20,0.245,0,0,0,2.12,0,0,0.618,70.3,25.42,44.88,45.06,13.84,bolero,Lệ Quyên,0,0,0,0
SIM_01837,FAKE_CAR_0230,YARIS10_UK_MT,Toyota,Yaris hatchback 1.0 VVT-i,2008,1,6.4,5.4,80,95.5,83.3,42.8,0.34,978,0,12.8,0,10,0,5.6,1.94,1.75,95,0.692,0,0,0,8.85,0,0,0.618,36.51,37.25,-0.74,6.17,12.5,rock,không rõ,0,0,0,0
SIM_01838,FAKE_CAR_0230,YARIS10_UK_MT,Toyota,Yaris hatchback 1.0 VVT-i,2008,1,6.4,5.4,80,95.5,83.3,38.7,0.34,973,0,12.8,11,16,10,6.1,1.94,1.75,80,0.348,0,0,0,5.76,0,0,0.618,36.34,61.66,-25.32,-21.5,11.86,pop,Hòa Minzy,0,0,0,0
SIM_01839,FAKE_CAR_0230,YARIS10_UK_MT,Toyota,Yaris hatchback 1.0 VVT-i,2008,1,6.4,5.4,80,95.5,83.3,31.4,0.34,2379,54,12.8,0,13,0,5.5,1.94,1.75,95,0.708,0,0,0,8.93,0,0,0.618,69.46,40.23,29.23,36.22,13.84,instrumental,không rõ,0,0,0,0
SIM_01840,FAKE_CAR_0230,YARIS10_UK_MT,Toyota,Yaris hatchback 1.0 VVT-i,2008,1,6.4,5.4,80,95.5,83.3,41.4,0.34,801,0,12.8,14,5,0,5.1,1.94,1.75,80,0.637,0,0,0,6.88,0,0,0.618,30.33,43.78,-13.45,-8.51,12.15,instrumental,không rõ,0,0,0,0
SIM_01841,FAKE_CAR_0231,AYGO10_UK_MT,Toyota,Aygo hatchback 1.0 VVT-i,2008,1,5.5,4.6,65,94.6,89.5,60.3,0.73,939,0,12.2,11,13,0,5.4,2.32,2.13,35,0.46,0,0,0,3.27,0,0,0.593,28.29,44.87,-16.58,-15.63,12.13,rock,không rõ,0,0,0,0
SIM_01842,FAKE_CAR_0231,AYGO10_UK_MT,Toyota,Aygo hatchback 1.0 VVT-i,2008,1,5.5,4.6,65,94.6,89.5,64.3,0.73,2679,58,12.2,0,0,0,3.7,2.32,2.13,80,0.443,0,0,0,6.51,0,0,0.593,58.42,22.41,36.01,40.2,13.83,pop,Hòa Minzy,0,0,0,0
SIM_01843,FAKE_CAR_0231,AYGO10_UK_MT,Toyota,Aygo hatchback 1.0 VVT-i,2008,1,5.5,4.6,65,94.6,89.5,67.7,0.73,755,0,12.2,0,13,0,5.2,2.32,2.13,35,0.864,0,0,0,3.67,0,0,0.593,23.12,34.07,-10.95,-9.6,12.29,rock,không rõ,0,0,0,0
SIM_01844,FAKE_CAR_0231,AYGO10_UK_MT,Toyota,Aygo hatchback 1.0 VVT-i,2008,1,5.5,4.6,65,94.6,89.5,67.1,0.73,2302,47,12.2,0,0,0,4.1,2.32,2.13,50,0.504,0,0,0,4.26,0,0,0.593,54.76,20.56,34.2,36.14,13.75,nhạc trẻ,Lam Trường,0,0,0,0
SIM_01845,FAKE_CAR_0231,AYGO10_UK_MT,Toyota,Aygo hatchback 1.0 VVT-i,2008,1,5.5,4.6,65,94.6,89.5,65.5,0.73,868,0,12.2,0,15,0,5.1,2.32,2.13,65,0.849,0,0,0,6.36,0,0,0.593,26.3,38.66,-12.36,-8.32,12.12,dân ca/pop,Phương Mỹ Chi,0,0,0,0
SIM_01846,FAKE_CAR_0231,AYGO10_UK_MT,Toyota,Aygo hatchback 1.0 VVT-i,2008,1,5.5,4.6,65,94.6,89.5,60.3,0.73,959,0,12.2,0,11,0,3.3,2.32,2.13,95,0.59,0,0,0,8.7,0,0,0.593,28.85,35.2,-6.35,0.03,12.27,nhạc trẻ,Lam Trường,0,0,1,0
SIM_01847,FAKE_CAR_0231,AYGO10_UK_MT,Toyota,Aygo hatchback 1.0 VVT-i,2008,1,5.5,4.6,65,94.6,89.5,57.8,0.73,989,0,12.2,13,12,0,3.3,2.32,2.13,10,0.694,0,0,0,2.3,0,0,0.593,29.7,42.8,-13.1,-13.12,12.19,nhạc trẻ,Lam Trường,0,0,0,0
SIM_01848,FAKE_CAR_0231,AYGO10_UK_MT,Toyota,Aygo hatchback 1.0 VVT-i,2008,1,5.5,4.6,65,94.6,89.5,68.4,0.73,2364,16,12.2,0,15,0,4.5,2.32,2.13,20,0.324,0,0,0,2.53,0,0,0.593,55.68,34.23,21.45,21.66,13.86,instrumental,không rõ,0,0,0,0
SIM_01849,FAKE_CAR_0232,AURIS14_UK_MT,Toyota,Auris hatchback 1.4 VVT-i,2008,1.4,8.7,6.9,95,96.7,84.1,39.8,0.25,735,0,20.5,0,8,0,8,2.08,2.93,80,0.704,1,55,43.8,8.32,0,0,0.03,33.7,88.62,-54.92,-4.88,11.51,bolero,Lệ Quyên,0,0,1,1
SIM_01850,FAKE_CAR_0232,AURIS14_UK_MT,Toyota,Auris hatchback 1.4 VVT-i,2008,1.4,8.7,6.9,95,96.7,84.1,38.3,0.25,909,0,20.5,0,0,15,6.3,2.08,2.93,80,0.519,1,55,38.16,7.61,0,0,0.03,41.01,87.57,-46.56,-2.87,11.63,dân ca/pop,Phương Mỹ Chi,0,0,1,1
SIM_01851,FAKE_CAR_0232,AURIS14_UK_MT,Toyota,Auris hatchback 1.4 VVT-i,2008,1.4,8.7,6.9,95,96.7,84.1,42.3,0.25,2504,26,20.5,0,15,0,6.2,2.08,2.93,35,0.484,1,55,14.67,4.09,0,0,0.03,86.31,60.46,25.85,42.53,14.13,instrumental,không rõ,0,0,0,0
SIM_01852,FAKE_CAR_0232,AURIS14_UK_MT,Toyota,Auris hatchback 1.4 VVT-i,2008,1.4,8.7,6.9,95,96.7,84.1,40.1,0.25,1979,34,20.5,0,9,15,6.2,2.08,2.93,35,0.791,1,55,18.37,4.39,0,0,0.03,74.6,73.46,1.14,21.82,14.12,instrumental,không rõ,0,0,0,0
SIM_01853,FAKE_CAR_0232,AURIS14_UK_MT,Toyota,Auris hatchback 1.4 VVT-i,2008,1.4,8.7,6.9,95,96.7,84.1,40.8,0.25,2549,63,20.5,13,0,0,5.7,2.08,2.93,65,0.807,1,55,36.01,7.04,0,0,0.03,87.27,82.25,5.02,45.99,14.11,rock,không rõ,0,0,0,1
SIM_01854,FAKE_CAR_0232,AURIS14_UK_MT,Toyota,Auris hatchback 1.4 VVT-i,2008,1.4,8.7,6.9,95,96.7,84.1,35,0.25,2767,43,20.5,9,5,16,6.1,2.08,2.93,65,0.252,1,55,23.03,5.51,0,0,0.03,87.27,85.14,2.13,28.59,14.08,instrumental,không rõ,0,0,0,0
SIM_01855,FAKE_CAR_0232,AURIS14_UK_MT,Toyota,Auris hatchback 1.4 VVT-i,2008,1.4,8.7,6.9,95,96.7,84.1,42.1,0.25,800,0,20.5,0,11,0,7.9,2.08,2.93,35,0.445,1,55,14.2,4.05,0,0,0.03,36.43,57.65,-21.22,-5.05,12.3,nhạc trẻ,Lam Trường,0,0,1,0
SIM_01856,FAKE_CAR_0232,AURIS14_UK_MT,Toyota,Auris hatchback 1.4 VVT-i,2008,1.4,8.7,6.9,95,96.7,84.1,41.5,0.25,2822,32,20.5,0,14,0,8,2.08,2.93,20,0.464,1,55,9.69,3.38,0,0,0.03,87.27,55.57,31.7,42.69,14.15,rock,không rõ,0,0,0,0
SIM_01857,FAKE_CAR_0233,AURIS16_UK_MT,Toyota,Auris hatchback 1.6 VVT-i,2008,1.6,9,7.1,100,89.4,42.9,42,0.59,882,0,19.3,0,5,0,6.3,2.94,2.16,50,0.384,0,0,0,4.07,0,0,0.694,38.8,34.67,4.13,5.26,13.68,pop,Hòa Minzy,0,0,0,0
SIM_01858,FAKE_CAR_0233,AURIS16_UK_MT,Toyota,Auris hatchback 1.6 VVT-i,2008,1.6,9,7.1,100,89.4,42.9,41.6,0.59,1828,34,19.3,11,0,0,5.1,2.94,2.16,10,0.689,0,0,0,2.33,0,0,0.694,69.32,37.73,31.59,30.98,13.71,instrumental,không rõ,0,0,0,0
SIM_01859,FAKE_CAR_0233,AURIS16_UK_MT,Toyota,Auris hatchback 1.6 VVT-i,2008,1.6,9,7.1,100,89.4,42.9,41.6,0.59,824,0,19.3,0,12,13,4.9,2.94,2.16,10,0.855,0,0,0,2.35,0,0,0.694,36.43,51.55,-15.12,-15.71,12.07,dân ca/pop,Phương Mỹ Chi,0,0,0,0
SIM_01860,FAKE_CAR_0233,AURIS16_UK_MT,Toyota,Auris hatchback 1.6 VVT-i,2008,1.6,9,7.1,100,89.4,42.9,40.4,0.59,2818,22,19.3,0,5,9,7.3,2.94,2.16,50,0.767,0,0,0,4.76,0,0,0.694,84.93,45.36,39.57,41.39,13.72,instrumental,không rõ,0,0,0,0
SIM_01861,FAKE_CAR_0233,AURIS16_UK_MT,Toyota,Auris hatchback 1.6 VVT-i,2008,1.6,9,7.1,100,89.4,42.9,50.1,0.59,894,0,19.3,0,11,0,5.4,2.94,2.16,20,0.557,0,0,0,2.65,0,0,0.694,39.3,38.35,0.95,0.66,13.75,nhạc trẻ,Lam Trường,0,0,0,0
SIM_01862,FAKE_CAR_0233,AURIS16_UK_MT,Toyota,Auris hatchback 1.6 VVT-i,2008,1.6,9,7.1,100,89.4,42.9,45.2,0.59,814,0,19.3,0,16,0,6.7,2.94,2.16,65,0.614,0,0,0,5.74,0,0,0.694,36.03,47.74,-11.71,-8.91,12.18,pop,Hòa Minzy,0,0,0,0
SIM_01863,FAKE_CAR_0233,AURIS16_UK_MT,Toyota,Auris hatchback 1.6 VVT-i,2008,1.6,9,7.1,100,89.4,42.9,37.6,0.59,738,0,19.3,9,5,15,7,2.94,2.16,10,0.431,0,0,0,2.3,0,0,0.694,32.92,57.6,-24.68,-25.32,11.75,rock,không rõ,0,0,0,0
SIM_01864,FAKE_CAR_0233,AURIS16_UK_MT,Toyota,Auris hatchback 1.6 VVT-i,2008,1.6,9,7.1,100,89.4,42.9,37.9,0.59,1702,46,19.3,0,5,0,4.8,2.94,2.16,50,0.551,0,0,0,4.37,0,0,0.694,66.58,33.47,33.11,34.54,13.78,instrumental,không rõ,0,0,0,0
SIM_01865,FAKE_CAR_0234,AVENSIS18_UK_MT,Toyota,Avensis sedan/hatch 1.8 VVT-i,2008,1.8,9.4,7.2,105,94.2,55.8,76.3,0.46,2055,47,22.1,0,5,0,2.3,1.66,1.79,80,0.749,0,0,0,7.36,0,0,0.031,82.14,36.76,45.38,51.08,14.1,rock,không rõ,0,0,0,0
SIM_01866,FAKE_CAR_0234,AVENSIS18_UK_MT,Toyota,Avensis sedan/hatch 1.8 VVT-i,2008,1.8,9.4,7.2,105,94.2,55.8,77.6,0.46,2854,60,22.1,0,16,0,3.9,1.66,1.79,95,0.814,0,0,0,9.52,0,0,0.031,93.96,51.52,42.44,50.3,14.13,nhạc trẻ,Lam Trường,0,0,0,0
SIM_01867,FAKE_CAR_0234,AVENSIS18_UK_MT,Toyota,Avensis sedan/hatch 1.8 VVT-i,2008,1.8,9.4,7.2,105,94.2,55.8,76.3,0.46,967,0,22.1,0,15,11,1,1.66,1.79,95,0.258,0,0,0,6.66,0,0,0.031,46.78,55.76,-8.98,-3.98,12.64,rock,không rõ,0,0,1,0
SIM_01868,FAKE_CAR_0234,AVENSIS18_UK_MT,Toyota,Avensis sedan/hatch 1.8 VVT-i,2008,1.8,9.4,7.2,105,94.2,55.8,81.2,0.46,795,0,22.1,0,13,0,4.2,1.66,1.79,95,0.552,0,0,0,8.17,0,0,0.031,39,47.47,-8.47,-1.96,12.61,nhạc trẻ,Lam Trường,0,0,1,0
SIM_01869,FAKE_CAR_0234,AVENSIS18_UK_MT,Toyota,Avensis sedan/hatch 1.8 VVT-i,2008,1.8,9.4,7.2,105,94.2,55.8,69.2,0.46,1783,19,22.1,0,0,10,1.7,1.66,1.79,50,0.49,0,0,0,3.89,0,0,0.031,75.61,37.69,37.92,40.15,14.09,pop,Hòa Minzy,0,0,0,0
SIM_01870,FAKE_CAR_0234,AVENSIS18_UK_MT,Toyota,Avensis sedan/hatch 1.8 VVT-i,2008,1.8,9.4,7.2,105,94.2,55.8,71.2,0.46,985,0,22.1,0,5,0,1.4,1.66,1.79,20,0.609,0,0,0,2.3,0,0,0.031,47.59,30.8,16.79,17.43,14.08,dân ca/pop,Phương Mỹ Chi,0,0,0,0
SIM_01871,FAKE_CAR_0234,AVENSIS18_UK_MT,Toyota,Avensis sedan/hatch 1.8 VVT-i,2008,1.8,9.4,7.2,105,94.2,55.8,81.4,0.46,2613,29,22.1,0,0,0,3.2,1.66,1.79,10,0.272,0,0,0,1.91,0,0,0.031,93.96,27.21,66.75,67,14.11,bolero,Lệ Quyên,0,0,0,0
SIM_01872,FAKE_CAR_0234,AVENSIS18_UK_MT,Toyota,Avensis sedan/hatch 1.8 VVT-i,2008,1.8,9.4,7.2,105,94.2,55.8,69.2,0.46,776,0,22.1,0,5,0,1.5,1.66,1.79,10,0.657,0,0,0,1.96,0,0,0.031,38.14,30.56,7.58,7.88,14.09,pop,Hòa Minzy,0,0,0,0
SIM_01873,FAKE_CAR_0235,RAV4_20_UK_MT,Toyota,RAV4 2.0 VVT-i,2008,2,11,8.6,130,64.7,77.2,71.8,0.74,2693,35,19.1,0,5,0,4.6,2.17,2.44,35,0.869,1,12,4.21,3.98,0,0,0.118,79.9,36.89,43.01,49.03,14.03,dân ca/pop,Phương Mỹ Chi,0,0,0,0
SIM_01874,FAKE_CAR_0235,RAV4_20_UK_MT,Toyota,RAV4 2.0 VVT-i,2008,2,11,8.6,130,64.7,77.2,76.1,0.74,1785,39,19.1,0,5,0,1.3,2.17,2.44,80,0.404,1,12,7.56,6.67,0,0,0.118,64.34,39.63,24.71,36.77,14.08,pop,Hòa Minzy,0,0,0,0
SIM_01875,FAKE_CAR_0235,RAV4_20_UK_MT,Toyota,RAV4 2.0 VVT-i,2008,2,11,8.6,130,64.7,77.2,68.7,0.74,876,0,19.1,0,0,10,4,2.17,2.44,10,0.607,1,12,1.83,2.6,0,0,0.118,36.28,37.53,-1.25,1.01,12.7,dân ca/pop,Phương Mỹ Chi,0,0,0,0
SIM_01876,FAKE_CAR_0235,RAV4_20_UK_MT,Toyota,RAV4 2.0 VVT-i,2008,2,11,8.6,130,64.7,77.2,68.6,0.74,900,0,19.1,10,0,0,1.3,2.17,2.44,20,0.559,1,12,2.28,2.93,0,0,0.118,37.2,35.61,1.59,4.63,14.09,nhạc trẻ,Lam Trường,0,0,0,0
SIM_01877,FAKE_CAR_0235,RAV4_20_UK_MT,Toyota,RAV4 2.0 VVT-i,2008,2,11,8.6,130,64.7,77.2,68,0.74,732,0,19.1,0,5,0,1.6,2.17,2.44,35,0.604,1,12,3.52,3.72,0,0,0.118,30.74,32.94,-2.2,2.87,12.66,rock,không rõ,0,0,0,0
SIM_01878,FAKE_CAR_0235,RAV4_20_UK_MT,Toyota,RAV4 2.0 VVT-i,2008,2,11,8.6,130,64.7,77.2,71,0.74,2317,63,19.1,0,0,0,1.7,2.17,2.44,35,0.753,1,12,3.91,3.87,0,0,0.118,75.21,28.58,46.63,52.24,14.06,nhạc trẻ,Lam Trường,0,0,0,0
SIM_01879,FAKE_CAR_0235,RAV4_20_UK_MT,Toyota,RAV4 2.0 VVT-i,2008,2,11,8.6,130,64.7,77.2,79.1,0.74,801,0,19.1,0,13,0,2.2,2.17,2.44,95,0.741,1,12,12.36,9.79,0,0,0.118,33.39,56.45,-23.06,-3.08,12.19,dân ca/pop,Phương Mỹ Chi,0,0,1,0
SIM_01880,FAKE_CAR_0235,RAV4_20_UK_MT,Toyota,RAV4 2.0 VVT-i,2008,2,11,8.6,130,64.7,77.2,67.6,0.74,829,0,19.1,0,5,0,3,2.17,2.44,50,0.801,1,12,5.76,5.1,0,0,0.118,34.47,37.96,-3.49,5.2,12.75,nhạc trẻ,Lam Trường,0,0,1,0
SIM_01881,FAKE_CAR_0236,MAZDA2_13_UK_MT,Mazda,Mazda2 hatchback 1.3 MZR 86ps 5 cửa,2008,1.349,6.9,5.2,80,88.8,81.7,74.8,0.33,2360,52,13.3,9,0,12,3.9,2.13,3.23,35,0.498,0,0,0,4.4,0,0,0.062,64.26,42.6,21.66,23.93,14.12,rock,không rõ,0,0,0,0
SIM_01882,FAKE_CAR_0236,MAZDA2_13_UK_MT,Mazda,Mazda2 hatchback 1.3 MZR 86ps 5 cửa,2008,1.349,6.9,5.2,80,88.8,81.7,65.3,0.33,2765,30,13.3,0,0,15,5.2,2.13,3.23,65,0.562,0,0,0,6.67,0,0,0.062,67.49,40.17,27.32,31.86,14.14,rock,không rõ,0,0,0,0
SIM_01883,FAKE_CAR_0236,MAZDA2_13_UK_MT,Mazda,Mazda2 hatchback 1.3 MZR 86ps 5 cửa,2008,1.349,6.9,5.2,80,88.8,81.7,69.6,0.33,2752,60,13.3,0,0,0,2.6,2.13,3.23,95,0.852,0,0,0,10,0,0,0.062,67.49,25.9,41.59,49.46,14.05,pop,Hòa Minzy,0,0,0,0
SIM_01884,FAKE_CAR_0236,MAZDA2_13_UK_MT,Mazda,Mazda2 hatchback 1.3 MZR 86ps 5 cửa,2008,1.349,6.9,5.2,80,88.8,81.7,74.8,0.33,748,0,13.3,10,0,0,2.7,2.13,3.23,65,0.676,0,0,0,6.98,0,0,0.062,26.48,32.98,-6.5,-1.65,12.68,rock,không rõ,0,0,1,0
SIM_01885,FAKE_CAR_0236,MAZDA2_13_UK_MT,Mazda,Mazda2 hatchback 1.3 MZR 86ps 5 cửa,2008,1.349,6.9,5.2,80,88.8,81.7,70.6,0.33,986,0,13.3,0,5,0,4.9,2.13,3.23,20,0.305,0,0,0,3.62,0,0,0.062,34.21,26.82,7.39,8.88,14.07,pop,Hòa Minzy,0,0,0,0
SIM_01886,FAKE_CAR_0236,MAZDA2_13_UK_MT,Mazda,Mazda2 hatchback 1.3 MZR 86ps 5 cửa,2008,1.349,6.9,5.2,80,88.8,81.7,67.7,0.33,1703,47,13.3,0,5,0,3.9,2.13,3.23,20,0.385,0,0,0,3.65,0,0,0.062,52.93,25.85,27.08,28.6,14.15,bolero,Lệ Quyên,0,0,0,0
SIM_01887,FAKE_CAR_0236,MAZDA2_13_UK_MT,Mazda,Mazda2 hatchback 1.3 MZR 86ps 5 cửa,2008,1.349,6.9,5.2,80,88.8,81.7,76.8,0.33,2471,52,13.3,0,0,0,3.2,2.13,3.23,20,0.355,0,0,0,3.64,0,0,0.062,66.18,20.14,46.04,47.55,14.08,nhạc trẻ,Lam Trường,0,0,0,0
SIM_01888,FAKE_CAR_0236,MAZDA2_13_UK_MT,Mazda,Mazda2 hatchback 1.3 MZR 86ps 5 cửa,2008,1.349,6.9,5.2,80,88.8,81.7,76.2,0.33,2105,31,13.3,0,15,11,2.1,2.13,3.23,10,0.311,0,0,0,3.36,0,0,0.062,59.86,44.76,15.1,16.33,14.17,pop,Hòa Minzy,0,0,0,0
SIM_01889,FAKE_CAR_0237,MAZDA2_15_UK_MT,Mazda,Mazda2 hatchback 1.5 MZR 103ps,2008,1.498,7.6,5.7,90,88.9,83.2,40.5,0.82,908,0,19.8,0,16,0,6.5,2.57,1.68,10,0.46,0,0,0,1.82,0,0,0.029,35.68,44.12,-8.44,-9.19,12.65,rock,không rõ,0,0,0,0
SIM_01890,FAKE_CAR_0237,MAZDA2_15_UK_MT,Mazda,Mazda2 hatchback 1.5 MZR 103ps,2008,1.498,7.6,5.7,90,88.9,83.2,35.3,0.82,1921,31,19.8,0,5,0,6.8,2.57,1.68,80,0.731,0,0,0,7.18,0,0,0.029,63.84,38.78,25.06,29.67,14.18,rock,không rõ,0,0,0,0
SIM_01891,FAKE_CAR_0237,MAZDA2_15_UK_MT,Mazda,Mazda2 hatchback 1.5 MZR 103ps,2008,1.498,7.6,5.7,90,88.9,83.2,39.9,0.82,732,0,19.8,0,13,0,7.4,2.57,1.68,80,0.727,0,0,0,7.16,0,0,0.029,29.24,47.36,-18.12,-13.53,12.34,dân ca/pop,Phương Mỹ Chi,0,0,0,0
SIM_01892,FAKE_CAR_0237,MAZDA2_15_UK_MT,Mazda,Mazda2 hatchback 1.5 MZR 103ps,2008,1.498,7.6,5.7,90,88.9,83.2,34.9,0.82,802,0,19.8,14,0,0,4.8,2.57,1.68,50,0.579,0,0,0,3.94,0,0,0.029,31.8,42.54,-10.74,-9.37,12.59,instrumental,không rõ,0,0,0,0
SIM_01893,FAKE_CAR_0237,MAZDA2_15_UK_MT,Mazda,Mazda2 hatchback 1.5 MZR 103ps,2008,1.498,7.6,5.7,90,88.9,83.2,44.7,0.82,816,0,19.8,0,0,10,6.8,2.57,1.68,65,0.544,0,0,0,5.07,0,0,0.029,32.31,41.67,-9.36,-6.86,12.54,dân ca/pop,Phương Mỹ Chi,0,0,0,0
SIM_01894,FAKE_CAR_0237,MAZDA2_15_UK_MT,Mazda,Mazda2 hatchback 1.5 MZR 103ps,2008,1.498,7.6,5.7,90,88.9,83.2,44.8,0.82,2933,41,19.8,0,5,0,4.2,2.57,1.68,20,0.698,0,0,0,2.23,0,0,0.029,76.01,31.23,44.78,44.44,14.07,nhạc trẻ,Lam Trường,0,0,0,0
SIM_01895,FAKE_CAR_0237,MAZDA2_15_UK_MT,Mazda,Mazda2 hatchback 1.5 MZR 103ps,2008,1.498,7.6,5.7,90,88.9,83.2,34.2,0.82,1956,33,19.8,0,0,0,6.6,2.57,1.68,65,0.552,0,0,0,5.09,0,0,0.029,64.52,31.49,33.03,35.55,14.17,bolero,Lệ Quyên,0,0,0,0
SIM_01896,FAKE_CAR_0237,MAZDA2_15_UK_MT,Mazda,Mazda2 hatchback 1.5 MZR 103ps,2008,1.498,7.6,5.7,90,88.9,83.2,43.6,0.82,951,0,19.8,0,8,0,4.5,2.57,1.68,50,0.522,0,0,0,3.84,0,0,0.029,37.25,36.14,1.11,2.38,14.08,instrumental,không rõ,0,0,0,0
SIM_01897,FAKE_CAR_0238,HONDA_FIT15_CA_MT,Honda,Fit hatchback 1.5 DX,2008,1.5,7.1,6.5,85,96.8,87.4,70.7,0.72,738,0,13.4,0,0,0,5,1.72,2.48,20,0.802,0,0,0,3.07,0,0,0.146,30.3,21.47,8.83,10.18,14.06,rock,không rõ,0,0,0,0
SIM_01898,FAKE_CAR_0238,HONDA_FIT15_CA_MT,Honda,Fit hatchback 1.5 DX,2008,1.5,7.1,6.5,85,96.8,87.4,76.7,0.72,850,0,13.4,0,14,0,3.1,1.72,2.48,80,0.422,0,0,0,6.78,0,0,0.146,34.51,37.28,-2.77,2.29,12.62,bolero,Lệ Quyên,0,0,0,0
SIM_01899,FAKE_CAR_0238,HONDA_FIT15_CA_MT,Honda,Fit hatchback 1.5 DX,2008,1.5,7.1,6.5,85,96.8,87.4,74.6,0.72,869,0,13.4,12,11,13,2.9,1.72,2.48,20,0.292,0,0,0,2.87,0,0,0.146,35.23,55.17,-19.94,-18.79,12.27,pop,Hòa Minzy,0,0,0,0
SIM_01900,FAKE_CAR_0238,HONDA_FIT15_CA_MT,Honda,Fit hatchback 1.5 DX,2008,1.5,7.1,6.5,85,96.8,87.4,67.1,0.72,2489,51,13.4,0,0,0,2.4,1.72,2.48,80,0.256,0,0,0,6.14,0,0,0.146,77.01,21.94,55.07,59.49,14.04,dân ca/pop,Phương Mỹ Chi,0,0,0,0
SIM_01901,FAKE_CAR_0238,HONDA_FIT15_CA_MT,Honda,Fit hatchback 1.5 DX,2008,1.5,7.1,6.5,85,96.8,87.4,65.5,0.72,2543,60,13.4,14,0,0,3.7,1.72,2.48,65,0.583,0,0,0,5.98,0,0,0.146,78.08,37.08,41,45.26,14.05,instrumental,không rõ,0,0,0,0
SIM_01902,FAKE_CAR_0238,HONDA_FIT15_CA_MT,Honda,Fit hatchback 1.5 DX,2008,1.5,7.1,6.5,85,96.8,87.4,74.1,0.72,992,0,13.4,12,15,18,2.4,1.72,2.48,95,0.619,0,0,0,9.2,0,0,0.146,39.85,70,-30.15,-22.67,11.99,pop,Hòa Minzy,0,0,1,0
SIM_01903,FAKE_CAR_0238,HONDA_FIT15_CA_MT,Honda,Fit hatchback 1.5 DX,2008,1.5,7.1,6.5,85,96.8,87.4,75.5,0.72,2421,34,13.4,0,16,12,2.4,1.72,2.48,20,0.404,0,0,0,2.91,0,0,0.146,75.65,46.71,28.94,30.13,14.01,bolero,Lệ Quyên,0,0,0,0
SIM_01904,FAKE_CAR_0238,HONDA_FIT15_CA_MT,Honda,Fit hatchback 1.5 DX,2008,1.5,7.1,6.5,85,96.8,87.4,75.4,0.72,734,0,13.4,11,15,0,2.4,1.72,2.48,65,0.639,0,0,0,6.13,0,0,0.146,30.15,47.93,-17.78,-13.37,12.29,dân ca/pop,Phương Mỹ Chi,0,0,0,0
SIM_01905,FAKE_CAR_0239,YARIS13_UK_MT,Toyota,Yaris hatchback 1.3 VVT-i,2008,1.3,7.2,6,75,94.6,92.3,62.8,0.41,1930,23,22.7,0,11,0,3,1.58,1.96,80,0.31,1,12,6.94,5.83,0,0,0.154,56.77,49.47,7.3,18.49,14.09,nhạc trẻ,Lam Trường,0,0,0,0
SIM_01906,FAKE_CAR_0239,YARIS13_UK_MT,Toyota,Yaris hatchback 1.3 VVT-i,2008,1.3,7.2,6,75,94.6,92.3,66.3,0.41,822,0,22.7,0,10,0,5,1.58,1.96,10,0.293,1,12,1.4,2.08,0,0,0.154,28.85,41.18,-12.33,-10.43,12.43,bolero,Lệ Quyên,0,0,0,0
SIM_01907,FAKE_CAR_0239,YARIS13_UK_MT,Toyota,Yaris hatchback 1.3 VVT-i,2008,1.3,7.2,6,75,94.6,92.3,61.4,0.41,2199,13,22.7,14,5,0,2,1.58,1.96,50,0.381,1,12,4.18,3.87,0,0,0.154,61.41,51.75,9.66,16.13,14.09,bolero,Lệ Quyên,0,0,0,0
SIM_01908,FAKE_CAR_0239,YARIS13_UK_MT,Toyota,Yaris hatchback 1.3 VVT-i,2008,1.3,7.2,6,75,94.6,92.3,58.1,0.41,2250,28,22.7,0,5,0,3.2,1.58,1.96,10,0.302,1,12,1.41,2.08,0,0,0.154,62.28,34.39,27.89,29.8,14.03,pop,Hòa Minzy,0,0,0,0
SIM_01909,FAKE_CAR_0239,YARIS13_UK_MT,Toyota,Yaris hatchback 1.3 VVT-i,2008,1.3,7.2,6,75,94.6,92.3,60,0.41,829,0,22.7,0,14,0,4.6,1.58,1.96,10,0.75,1,12,2.03,2.14,0,0,0.154,29.08,45.47,-16.39,-13.8,12.32,pop,Hòa Minzy,0,0,0,0
SIM_01910,FAKE_CAR_0239,YARIS13_UK_MT,Toyota,Yaris hatchback 1.3 VVT-i,2008,1.3,7.2,6,75,94.6,92.3,62.1,0.41,1857,59,22.7,0,5,0,2.2,1.58,1.96,50,0.461,1,12,4.48,4.01,0,0,0.154,55.51,38.39,17.12,24.03,14.08,nhạc trẻ,Lam Trường,0,0,0,0
SIM_01911,FAKE_CAR_0239,YARIS13_UK_MT,Toyota,Yaris hatchback 1.3 VVT-i,2008,1.3,7.2,6,75,94.6,92.3,65.8,0.41,969,0,22.7,0,14,9,4.7,1.58,1.96,20,0.698,1,12,2.53,2.51,0,0,0.154,33.62,55.44,-21.82,-18.36,12.2,instrumental,không rõ,0,0,0,0
SIM_01912,FAKE_CAR_0239,YARIS13_UK_MT,Toyota,Yaris hatchback 1.3 VVT-i,2008,1.3,7.2,6,75,94.6,92.3,65.8,0.41,1860,24,22.7,0,8,0,3.4,1.58,1.96,50,0.253,1,12,3.7,3.64,0,0,0.154,55.56,41.44,14.12,19.88,14.12,pop,Hòa Minzy,0,0,0,0
SIM_01913,FAKE_CAR_0240,YARIS13_UK_MM,Toyota,Yaris hatchback 1.3 VVT-i,2008,1.3,6.7,5.8,80,89.4,95.1,43.7,0.45,2325,13,16,12,5,0,6.6,2.8,2.35,50,0.733,0,0,0,4.88,0,0,0.016,64.09,44.48,19.61,21.69,14.11,instrumental,không rõ,0,0,0,0
SIM_01914,FAKE_CAR_0240,YARIS13_UK_MM,Toyota,Yaris hatchback 1.3 VVT-i,2008,1.3,6.7,5.8,80,89.4,95.1,33.9,0.45,2425,31,16,0,0,0,5.8,2.8,2.35,20,0.286,0,0,0,2.73,0,0,0.016,65.82,24.53,41.29,41.22,14.16,nhạc trẻ,Lam Trường,0,0,0,0
SIM_01915,FAKE_CAR_0240,YARIS13_UK_MM,Toyota,Yaris hatchback 1.3 VVT-i,2008,1.3,6.7,5.8,80,89.4,95.1,32.2,0.45,2717,47,16,14,11,0,4.9,2.8,2.35,35,0.309,0,0,0,3.34,0,0,0.016,67.94,49.24,18.7,19.24,14.19,bolero,Lệ Quyên,0,0,0,0
SIM_01916,FAKE_CAR_0240,YARIS13_UK_MM,Toyota,Yaris hatchback 1.3 VVT-i,2008,1.3,6.7,5.8,80,89.4,95.1,41.8,0.45,2036,55,16,0,0,15,4.7,2.8,2.35,95,0.406,0,0,0,7.98,0,0,0.016,59.07,43.68,15.39,20.57,14.16,pop,Hòa Minzy,0,0,0,0
SIM_01917,FAKE_CAR_0240,YARIS13_UK_MM,Toyota,Yaris hatchback 1.3 VVT-i,2008,1.3,6.7,5.8,80,89.4,95.1,36.4,0.45,923,0,16,9,16,0,6.2,2.8,2.35,80,0.4,0,0,0,6.56,0,0,0.016,32.38,53.76,-21.38,-17.62,12.27,bolero,Lệ Quyên,0,0,0,0
SIM_01918,FAKE_CAR_0240,YARIS13_UK_MM,Toyota,Yaris hatchback 1.3 VVT-i,2008,1.3,6.7,5.8,80,89.4,95.1,39.5,0.45,2619,59,16,0,11,0,5.9,2.8,2.35,65,0.805,0,0,0,6.46,0,0,0.016,67.94,39.36,28.58,32.24,14.18,nhạc trẻ,Lam Trường,0,0,0,0
SIM_01919,FAKE_CAR_0240,YARIS13_UK_MM,Toyota,Yaris hatchback 1.3 VVT-i,2008,1.3,6.7,5.8,80,89.4,95.1,38.3,0.45,2143,34,16,0,5,12,5.6,2.8,2.35,35,0.259,0,0,0,3.29,0,0,0.016,60.93,41.89,19.04,19.53,14.07,rock,không rõ,0,0,0,0
SIM_01920,FAKE_CAR_0240,YARIS13_UK_MM,Toyota,Yaris hatchback 1.3 VVT-i,2008,1.3,6.7,5.8,80,89.4,95.1,42.6,0.45,2543,30,16,11,0,0,5,2.8,2.35,10,0.704,0,0,0,2.52,0,0,0.016,67.87,34.52,33.35,33.07,14.09,instrumental,không rõ,0,0,0,0
SIM_01921,FAKE_CAR_0241,YARIS13_NCP_2NZ,Toyota,Yaris 1.3 NCP9# / 2NZ-FE,2008,1.3,,,80,90.2,92.9,33.5,0.78,914,0,21.7,0,13,14,6.1,2.88,2.28,35,0.747,1,55,17.84,3.7,0,0,0.099,32.38,76.34,-43.96,-25.3,11.71,rock,không rõ,0,0,1,1
SIM_01922,FAKE_CAR_0241,YARIS13_NCP_2NZ,Toyota,Yaris 1.3 NCP9# / 2NZ-FE,2008,1.3,,,80,90.2,92.9,30.9,0.78,930,0,21.7,0,13,14,7.8,2.88,2.28,50,0.663,1,55,24.02,4.69,0,0,0.099,32.9,85.21,-52.31,-26.48,11.46,rock,không rõ,0,0,1,1
SIM_01923,FAKE_CAR_0241,YARIS13_NCP_2NZ,Toyota,Yaris 1.3 NCP9# / 2NZ-FE,2008,1.3,,,80,90.2,92.9,27.6,0.78,900,0,21.7,10,5,0,4.6,2.88,2.28,50,0.297,1,55,17.72,4.04,0,0,0.099,31.92,63.06,-31.14,-12.26,11.99,bolero,Lệ Quyên,0,0,1,1
SIM_01924,FAKE_CAR_0241,YARIS13_NCP_2NZ,Toyota,Yaris 1.3 NCP9# / 2NZ-FE,2008,1.3,,,80,90.2,92.9,32.2,0.78,2580,48,21.7,12,9,0,6.6,2.88,2.28,80,0.645,1,55,42,7.44,0,0,0.099,68.55,98.74,-30.19,16.37,12.02,nhạc trẻ,Lam Trường,0,0,1,1
SIM_01925,FAKE_CAR_0241,YARIS13_NCP_2NZ,Toyota,Yaris 1.3 NCP9# / 2NZ-FE,2008,1.3,,,80,90.2,92.9,34.7,0.78,963,0,21.7,0,11,0,5.8,2.88,2.28,95,0.744,1,55,56.76,9.65,0,0,0.099,33.99,104.91,-70.92,-7.39,11.08,pop,Hòa Minzy,0,1,1,1
SIM_01926,FAKE_CAR_0241,YARIS13_NCP_2NZ,Toyota,Yaris 1.3 NCP9# / 2NZ-FE,2008,1.3,,,80,90.2,92.9,37.6,0.78,962,0,21.7,0,5,0,4.9,2.88,2.28,65,0.495,1,55,28.71,5.53,0,0,0.099,33.96,65.84,-31.88,-0.52,12.06,nhạc trẻ,Lam Trường,0,0,1,1
SIM_01927,FAKE_CAR_0241,YARIS13_NCP_2NZ,Toyota,Yaris 1.3 NCP9# / 2NZ-FE,2008,1.3,,,80,90.2,92.9,27.6,0.78,785,0,21.7,0,0,0,5.3,2.88,2.28,95,0.59,1,55,50.85,8.85,0,0,0.099,28.12,86.7,-58.58,-1.76,11.36,instrumental,không rõ,0,1,1,1
SIM_01928,FAKE_CAR_0241,YARIS13_NCP_2NZ,Toyota,Yaris 1.3 NCP9# / 2NZ-FE,2008,1.3,,,80,90.2,92.9,35.7,0.78,900,0,21.7,0,5,0,4.5,2.88,2.28,50,0.812,1,55,26.58,4.96,0,0,0.099,31.92,62.74,-30.82,-2.16,11.99,bolero,Lệ Quyên,0,0,1,1
SIM_01929,FAKE_CAR_0242,YARIS15_CA_MT,Toyota,Yaris hatchback 1.5,2008,1.5,7,6.3,75,92.8,88.2,69.6,0.38,2057,36,18.1,0,0,0,4.9,2.48,1.96,20,0.356,1,28,4.49,2.37,0,0,0.024,57.84,29.86,27.98,32.36,14.18,dân ca/pop,Phương Mỹ Chi,0,0,0,0
SIM_01930,FAKE_CAR_0242,YARIS15_CA_MT,Toyota,Yaris hatchback 1.5,2008,1.5,7,6.3,75,92.8,88.2,76.3,0.38,2675,54,18.1,0,9,0,4.3,2.48,1.96,65,0.622,1,28,16.13,5.56,0,0,0.024,66.12,53.09,13.03,32.24,14.14,bolero,Lệ Quyên,0,0,0,0
SIM_01931,FAKE_CAR_0242,YARIS15_CA_MT,Toyota,Yaris hatchback 1.5,2008,1.5,7,6.3,75,92.8,88.2,78.6,0.38,2857,28,18.1,11,14,0,1.6,2.48,1.96,35,0.27,1,28,6.16,2.91,0,0,0.024,66.12,53.77,12.35,18.94,14.12,rock,không rõ,0,0,0,0
SIM_01932,FAKE_CAR_0242,YARIS15_CA_MT,Toyota,Yaris hatchback 1.5,2008,1.5,7,6.3,75,92.8,88.2,77.2,0.38,940,0,18.1,0,5,0,2.4,2.48,1.96,35,0.518,1,28,7.68,3.15,0,0,0.024,32.06,36.33,-4.27,4.08,12.77,instrumental,không rõ,0,0,1,0
SIM_01933,FAKE_CAR_0242,YARIS15_CA_MT,Toyota,Yaris hatchback 1.5,2008,1.5,7,6.3,75,92.8,88.2,74.8,0.38,2175,38,18.1,0,0,18,2.4,2.48,1.96,50,0.305,1,28,9.09,3.73,0,0,0.024,59.83,51.32,8.51,18.85,14.16,nhạc trẻ,Lam Trường,0,0,0,0
SIM_01934,FAKE_CAR_0242,YARIS15_CA_MT,Toyota,Yaris hatchback 1.5,2008,1.5,7,6.3,75,92.8,88.2,69.6,0.38,2927,55,18.1,12,8,14,2.3,2.48,1.96,50,0.691,1,28,12.47,4.42,0,0,0.024,66.12,71.29,-5.17,9.24,12.72,nhạc trẻ,Lam Trường,0,0,1,0
SIM_01935,FAKE_CAR_0242,YARIS15_CA_MT,Toyota,Yaris hatchback 1.5,2008,1.5,7,6.3,75,92.8,88.2,80.4,0.38,938,0,18.1,0,8,10,4.7,2.48,1.96,95,0.467,1,28,23.48,7.9,0,0,0.024,31.99,72.18,-40.19,-11.29,11.82,instrumental,không rõ,0,0,1,1
SIM_01936,FAKE_CAR_0242,YARIS15_CA_MT,Toyota,Yaris hatchback 1.5,2008,1.5,7,6.3,75,92.8,88.2,69.2,0.38,894,0,18.1,11,0,0,1.3,2.48,1.96,65,0.22,1,28,11.35,4.46,0,0,0.024,30.59,46.21,-15.62,-2.29,12.51,rock,không rõ,0,0,1,0
SIM_01937,FAKE_CAR_0243,YARIS15_CA_AT,Toyota,Yaris hatchback 1.5,2008,1.5,7,6.4,75,87,99.7,78.2,0.69,2923,47,22.1,0,10,0,2.1,2.64,1.78,50,0.251,1,55,16.93,3.45,0,0,0.043,61.99,54.58,7.41,25.15,14.1,bolero,Lệ Quyên,0,0,0,1
SIM_01938,FAKE_CAR_0243,YARIS15_CA_AT,Toyota,Yaris hatchback 1.5,2008,1.5,7,6.4,75,87,99.7,71,0.69,795,0,22.1,0,13,0,1.9,2.64,1.78,35,0.36,1,55,13.18,2.82,0,0,0.043,25.73,53,-27.27,-13.91,12.09,instrumental,không rõ,0,0,1,1
SIM_01939,FAKE_CAR_0243,YARIS15_CA_AT,Toyota,Yaris hatchback 1.5,2008,1.5,7,6.4,75,87,99.7,79.9,0.69,2590,44,22.1,0,0,0,3.3,2.64,1.78,95,0.332,1,55,40.93,7.03,0,0,0.043,61.99,73.36,-11.37,33.95,12.61,rock,không rõ,0,0,1,1
SIM_01940,FAKE_CAR_0243,YARIS15_CA_AT,Toyota,Yaris hatchback 1.5,2008,1.5,7,6.4,75,87,99.7,66,0.69,2374,14,22.1,0,15,0,2.1,2.64,1.78,65,0.371,1,55,25.82,4.69,0,0,0.043,59.25,69.71,-10.46,17.41,12.5,pop,Hòa Minzy,0,0,1,1
SIM_01941,FAKE_CAR_0243,YARIS15_CA_AT,Toyota,Yaris hatchback 1.5,2008,1.5,7,6.4,75,87,99.7,78.8,0.69,937,0,22.1,0,5,12,4.6,2.64,1.78,80,0.505,1,55,37.74,6.4,0,0,0.043,29.96,87.84,-57.88,-16.38,11.39,instrumental,không rõ,0,0,1,1
SIM_01942,FAKE_CAR_0243,YARIS15_CA_AT,Toyota,Yaris hatchback 1.5,2008,1.5,7,6.4,75,87,99.7,72.3,0.69,960,0,22.1,0,16,0,1.8,2.64,1.78,95,0.639,1,55,52.73,8.61,0,0,0.043,30.65,101.24,-70.59,-11.89,11.12,bolero,Lệ Quyên,0,1,1,1
SIM_01943,FAKE_CAR_0243,YARIS15_CA_AT,Toyota,Yaris hatchback 1.5,2008,1.5,7,6.4,75,87,99.7,71.3,0.69,2615,50,22.1,0,8,9,4.7,2.64,1.78,10,0.818,1,55,9.72,1.97,0,0,0.043,61.99,55.49,6.5,15.55,14.13,bolero,Lệ Quyên,0,0,0,0
SIM_01944,FAKE_CAR_0243,YARIS15_CA_AT,Toyota,Yaris hatchback 1.5,2008,1.5,7,6.4,75,87,99.7,69.9,0.69,852,0,22.1,0,0,0,4.3,2.64,1.78,80,0.431,1,55,35.48,6.11,0,0,0.043,27.43,67.99,-40.56,-1.61,11.78,dân ca/pop,Phương Mỹ Chi,0,0,1,1
SIM_01945,FAKE_CAR_0244,YARIS10_UK_MT,Toyota,Yaris hatchback 1.0 VVT-i,2008,1,6.4,5.4,70,92.7,79.3,56.9,0.2,776,0,16.8,12,8,0,2.8,2.1,1.94,65,0.862,0,0,0,6.2,0,0,0.114,25.02,45.8,-20.78,-16.68,12.2,pop,Hòa Minzy,0,0,0,0
SIM_01946,FAKE_CAR_0244,YARIS10_UK_MT,Toyota,Yaris hatchback 1.0 VVT-i,2008,1,6.4,5.4,70,92.7,79.3,47.3,0.2,2696,15,16.8,0,5,0,6.7,2.1,1.94,35,0.746,0,0,0,3.36,0,0,0.114,61.65,31.86,29.79,31.05,14.1,bolero,Lệ Quyên,0,0,0,0
SIM_01947,FAKE_CAR_0244,YARIS10_UK_MT,Toyota,Yaris hatchback 1.0 VVT-i,2008,1,6.4,5.4,70,92.7,79.3,50.1,0.2,1690,50,16.8,10,0,0,4,2.1,1.94,20,0.66,0,0,0,2.47,0,0,0.114,48.14,33.27,14.87,15.24,14.14,pop,Hòa Minzy,0,0,0,0
SIM_01948,FAKE_CAR_0244,YARIS10_UK_MT,Toyota,Yaris hatchback 1.0 VVT-i,2008,1,6.4,5.4,70,92.7,79.3,53.8,0.2,2463,44,16.8,0,0,0,4.5,2.1,1.94,80,0.402,0,0,0,6.16,0,0,0.114,60.32,27.46,32.86,36.92,14.08,rock,không rõ,0,0,0,0
SIM_01949,FAKE_CAR_0244,YARIS10_UK_MT,Toyota,Yaris hatchback 1.0 VVT-i,2008,1,6.4,5.4,70,92.7,79.3,50.4,0.2,2800,15,16.8,0,16,9,4.7,2.1,1.94,35,0.721,0,0,0,3.34,0,0,0.114,61.65,49.84,11.81,13.05,14.11,pop,Hòa Minzy,0,0,0,0
SIM_01950,FAKE_CAR_0244,YARIS10_UK_MT,Toyota,Yaris hatchback 1.0 VVT-i,2008,1,6.4,5.4,70,92.7,79.3,49.1,0.2,2233,49,16.8,0,15,0,3.4,2.1,1.94,35,0.594,0,0,0,3.21,0,0,0.114,56.7,38.41,18.29,19.4,14.05,bolero,Lệ Quyên,0,0,0,0
SIM_01951,FAKE_CAR_0244,YARIS10_UK_MT,Toyota,Yaris hatchback 1.0 VVT-i,2008,1,6.4,5.4,70,92.7,79.3,48.6,0.2,847,0,16.8,0,0,14,5.1,2.1,1.94,50,0.815,0,0,0,4.62,0,0,0.114,27.13,40.52,-13.39,-10.87,12.43,instrumental,không rõ,0,0,0,0
SIM_01952,FAKE_CAR_0244,YARIS10_UK_MT,Toyota,Yaris hatchback 1.0 VVT-i,2008,1,6.4,5.4,70,92.7,79.3,58,0.2,2336,14,16.8,10,15,0,5.7,2.1,1.94,95,0.274,0,0,0,6.89,0,0,0.114,58.32,54.39,3.93,8.72,14.14,instrumental,không rõ,0,0,0,0
SIM_01953,FAKE_CAR_0245,AYGO10_UK_MT,Toyota,Aygo hatchback 1.0 VVT-i,2008,1,5.5,4.6,70,89.3,80.8,51.7,0.32,731,0,13.9,9,5,0,4.7,2.32,3.06,50,0.614,1,12,5.06,5.38,0,0,0.035,22.82,43.04,-20.22,-12.1,12.32,nhạc trẻ,Lam Trường,0,0,1,0
SIM_01954,FAKE_CAR_0245,AYGO10_UK_MT,Toyota,Aygo hatchback 1.0 VVT-i,2008,1,5.5,4.6,70,89.3,80.8,56.4,0.32,1835,47,13.9,0,9,0,4.2,2.32,3.06,20,0.217,1,12,1.68,3.42,0,0,0.035,48.57,32.2,16.37,19.15,14.07,bolero,Lệ Quyên,0,0,0,0
SIM_01955,FAKE_CAR_0245,AYGO10_UK_MT,Toyota,Aygo hatchback 1.0 VVT-i,2008,1,5.5,4.6,70,89.3,80.8,50.2,0.32,1957,36,13.9,13,0,0,4.3,2.32,3.06,10,0.592,1,12,1.81,3.22,0,0,0.035,50.43,36.23,14.2,16.91,14.16,instrumental,không rõ,0,0,0,0
SIM_01956,FAKE_CAR_0245,AYGO10_UK_MT,Toyota,Aygo hatchback 1.0 VVT-i,2008,1,5.5,4.6,70,89.3,80.8,44,0.32,1619,27,13.9,11,13,0,4.4,2.32,3.06,10,0.284,1,12,1.39,3.18,0,0,0.035,45.3,46.87,-1.57,0.68,12.8,instrumental,không rõ,0,0,0,0
SIM_01957,FAKE_CAR_0245,AYGO10_UK_MT,Toyota,Aygo hatchback 1.0 VVT-i,2008,1,5.5,4.6,70,89.3,80.8,51.4,0.32,2802,63,13.9,0,0,0,6.1,2.32,3.06,65,0.658,1,12,7.1,6.76,0,0,0.035,59.38,33.86,25.52,37.06,14.12,bolero,Lệ Quyên,0,0,0,0
SIM_01958,FAKE_CAR_0245,AYGO10_UK_MT,Toyota,Aygo hatchback 1.0 VVT-i,2008,1,5.5,4.6,70,89.3,80.8,47.9,0.32,2057,22,13.9,0,8,0,5,2.32,3.06,65,0.296,1,12,5.25,5.77,0,0,0.035,51.94,37.92,14.02,22.72,14.15,bolero,Lệ Quyên,0,0,0,0
SIM_01959,FAKE_CAR_0245,AYGO10_UK_MT,Toyota,Aygo hatchback 1.0 VVT-i,2008,1,5.5,4.6,70,89.3,80.8,56.8,0.32,2113,46,13.9,0,0,0,6.4,2.32,3.06,50,0.258,1,12,3.72,4.75,0,0,0.035,52.8,28.77,24.03,30.18,14.11,nhạc trẻ,Lam Trường,0,0,0,0
SIM_01960,FAKE_CAR_0245,AYGO10_UK_MT,Toyota,Aygo hatchback 1.0 VVT-i,2008,1,5.5,4.6,70,89.3,80.8,51.2,0.32,2477,48,13.9,0,0,0,6.4,2.32,3.06,80,0.588,1,12,8.79,8,0,0,0.035,58.32,37.09,21.23,35.7,14.12,rock,không rõ,0,0,0,0
SIM_01961,FAKE_CAR_0246,AURIS14_UK_MT,Toyota,Auris hatchback 1.4 VVT-i,2008,1.4,8.7,6.9,90,87.3,79.8,68.7,0.48,901,0,12.8,0,0,0,5.3,1.55,1.8,50,0.565,1,12,4.87,4.03,0,0,0.123,34.79,27,7.79,15.14,14.08,rock,không rõ,0,0,0,0
SIM_01962,FAKE_CAR_0246,AURIS14_UK_MT,Toyota,Auris hatchback 1.4 VVT-i,2008,1.4,8.7,6.9,90,87.3,79.8,64.7,0.48,2903,24,12.8,0,5,12,2.8,1.55,1.8,20,0.562,1,12,2.29,2.29,0,0,0.123,74.64,37.18,37.46,40.49,14.15,pop,Hòa Minzy,0,0,0,0
SIM_01963,FAKE_CAR_0246,AURIS14_UK_MT,Toyota,Auris hatchback 1.4 VVT-i,2008,1.4,8.7,6.9,90,87.3,79.8,56.3,0.48,752,0,12.8,0,14,0,3.7,1.55,1.8,20,0.541,1,12,2.25,2.28,0,0,0.123,29.43,35.03,-5.6,-2.62,12.57,pop,Hòa Minzy,0,0,1,0
SIM_01964,FAKE_CAR_0246,AURIS14_UK_MT,Toyota,Auris hatchback 1.4 VVT-i,2008,1.4,8.7,6.9,90,87.3,79.8,64.7,0.48,780,0,12.8,8,0,0,4,1.55,1.8,10,0.642,1,12,1.88,1.97,0,0,0.123,30.44,28.65,1.79,4.09,14.07,instrumental,không rõ,0,0,0,0
SIM_01965,FAKE_CAR_0246,AURIS14_UK_MT,Toyota,Auris hatchback 1.4 VVT-i,2008,1.4,8.7,6.9,90,87.3,79.8,62.8,0.48,857,0,12.8,0,0,0,4.2,1.55,1.8,65,0.411,1,12,5.84,4.82,0,0,0.123,33.21,27.66,5.55,14.66,14.13,rock,không rõ,0,0,0,0
SIM_01966,FAKE_CAR_0246,AURIS14_UK_MT,Toyota,Auris hatchback 1.4 VVT-i,2008,1.4,8.7,6.9,90,87.3,79.8,59.7,0.48,769,0,12.8,14,9,11,3.2,1.55,1.8,35,0.71,1,12,3.8,3.18,0,0,0.123,30.05,56.98,-26.93,-21.5,12.04,bolero,Lệ Quyên,0,0,1,0
SIM_01967,FAKE_CAR_0246,AURIS14_UK_MT,Toyota,Auris hatchback 1.4 VVT-i,2008,1.4,8.7,6.9,90,87.3,79.8,67.6,0.48,926,0,12.8,9,15,0,4.7,1.55,1.8,65,0.764,1,12,7.64,5.79,0,0,0.123,35.68,54.93,-19.25,-7.37,12.26,bolero,Lệ Quyên,0,0,1,0
SIM_01968,FAKE_CAR_0246,AURIS14_UK_MT,Toyota,Auris hatchback 1.4 VVT-i,2008,1.4,8.7,6.9,90,87.3,79.8,60.7,0.48,2097,62,12.8,0,14,0,2.5,1.55,1.8,35,0.586,1,12,3.47,3.06,0,0,0.123,66.05,35.83,30.22,35.2,14.03,dân ca/pop,Phương Mỹ Chi,0,0,0,0
SIM_01969,FAKE_CAR_0247,AURIS16_UK_MT,Toyota,Auris hatchback 1.6 VVT-i,2008,1.6,9,7.1,105,62.6,81.3,72.5,0.51,952,0,15.4,0,5,0,3.7,1.42,2.21,50,0.474,0,0,0,4.28,0,0,0.582,30.63,28.38,2.25,5.11,13.84,bolero,Lệ Quyên,0,0,0,0
SIM_01970,FAKE_CAR_0247,AURIS16_UK_MT,Toyota,Auris hatchback 1.6 VVT-i,2008,1.6,9,7.1,105,62.6,81.3,70.4,0.51,1817,28,15.4,8,0,0,2.3,1.42,2.21,50,0.692,0,0,0,4.67,0,0,0.582,50.79,30.37,20.42,23.67,13.87,pop,Hòa Minzy,0,0,0,0
SIM_01971,FAKE_CAR_0247,AURIS16_UK_MT,Toyota,Auris hatchback 1.6 VVT-i,2008,1.6,9,7.1,105,62.6,81.3,78.9,0.51,2012,40,15.4,0,5,0,4.2,1.42,2.21,20,0.296,0,0,0,2.6,0,0,0.582,53.9,27.2,26.7,27.88,13.81,nhạc trẻ,Lam Trường,0,0,0,0
SIM_01972,FAKE_CAR_0247,AURIS16_UK_MT,Toyota,Auris hatchback 1.6 VVT-i,2008,1.6,9,7.1,105,62.6,81.3,72.9,0.51,1979,33,15.4,0,0,17,2.6,1.42,2.21,65,0.466,0,0,0,5.38,0,0,0.582,53.38,40.38,13,16.96,13.82,pop,Hòa Minzy,0,0,0,0
SIM_01973,FAKE_CAR_0247,AURIS16_UK_MT,Toyota,Auris hatchback 1.6 VVT-i,2008,1.6,9,7.1,105,62.6,81.3,68,0.51,819,0,15.4,0,0,10,3.2,1.42,2.21,10,0.597,0,0,0,2.37,0,0,0.582,26.64,30.97,-4.33,-3.38,12.46,bolero,Lệ Quyên,0,0,0,0
SIM_01974,FAKE_CAR_0247,AURIS16_UK_MT,Toyota,Auris hatchback 1.6 VVT-i,2008,1.6,9,7.1,105,62.6,81.3,71.4,0.51,731,0,15.4,14,0,0,1.6,1.42,2.21,35,0.465,0,0,0,3.35,0,0,0.582,23.99,34.35,-10.36,-8.43,12.19,dân ca/pop,Phương Mỹ Chi,0,0,0,0
SIM_01975,FAKE_CAR_0247,AURIS16_UK_MT,Toyota,Auris hatchback 1.6 VVT-i,2008,1.6,9,7.1,105,62.6,81.3,78.4,0.51,2099,35,15.4,0,13,0,4.5,1.42,2.21,80,0.238,0,0,0,5.8,0,0,0.582,55.29,38.7,16.59,20.97,13.82,instrumental,không rõ,0,0,0,0
SIM_01976,FAKE_CAR_0247,AURIS16_UK_MT,Toyota,Auris hatchback 1.6 VVT-i,2008,1.6,9,7.1,105,62.6,81.3,77.6,0.51,885,0,15.4,0,0,0,3.6,1.42,2.21,50,0.707,0,0,0,4.7,0,0,0.582,28.62,23.7,4.92,8.2,13.85,instrumental,không rõ,0,0,0,0
SIM_01977,FAKE_CAR_0248,AVENSIS18_UK_MT,Toyota,Avensis sedan/hatch 1.8 VVT-i,2008,1.8,9.4,7.2,110,91.6,85,41.7,0.76,970,0,20.5,0,13,0,6.9,1.5,2.95,20,0.24,0,0,0,3.31,0,0,0.023,47.79,43.71,4.08,5.89,14.16,rock,không rõ,0,0,0,0
SIM_01978,FAKE_CAR_0248,AVENSIS18_UK_MT,Toyota,Avensis sedan/hatch 1.8 VVT-i,2008,1.8,9.4,7.2,110,91.6,85,39.1,0.76,968,0,20.5,0,8,0,7.5,1.5,2.95,10,0.646,0,0,0,3.12,0,0,0.023,47.7,39.12,8.58,10.2,14.07,instrumental,không rõ,0,0,0,0
SIM_01979,FAKE_CAR_0248,AVENSIS18_UK_MT,Toyota,Avensis sedan/hatch 1.8 VVT-i,2008,1.8,9.4,7.2,110,91.6,85,42.8,0.76,776,0,20.5,0,8,0,6.2,1.5,2.95,80,0.552,0,0,0,7.75,0,0,0.023,38.85,42.45,-3.6,2.65,12.74,instrumental,không rõ,0,0,1,0
SIM_01980,FAKE_CAR_0248,AVENSIS18_UK_MT,Toyota,Avensis sedan/hatch 1.8 VVT-i,2008,1.8,9.4,7.2,110,91.6,85,36.3,0.76,2555,25,20.5,0,5,0,5.4,1.5,2.95,95,0.834,0,0,0,10,0,0,0.023,95.72,40.9,54.82,63.32,14.14,rock,không rõ,0,0,0,0
SIM_01981,FAKE_CAR_0248,AVENSIS18_UK_MT,Toyota,Avensis sedan/hatch 1.8 VVT-i,2008,1.8,9.4,7.2,110,91.6,85,36.1,0.76,894,0,20.5,0,5,0,5.6,1.5,2.95,35,0.255,0,0,0,3.88,0,0,0.023,44.29,34.98,9.31,11.69,14.12,pop,Hòa Minzy,0,0,0,0
SIM_01982,FAKE_CAR_0248,AVENSIS18_UK_MT,Toyota,Avensis sedan/hatch 1.8 VVT-i,2008,1.8,9.4,7.2,110,91.6,85,30,0.76,990,0,20.5,0,15,0,7.3,1.5,2.95,80,0.315,0,0,0,6.83,0,0,0.023,48.71,49.63,-0.92,4.41,12.79,pop,Hòa Minzy,0,0,0,0
SIM_01983,FAKE_CAR_0248,AVENSIS18_UK_MT,Toyota,Avensis sedan/hatch 1.8 VVT-i,2008,1.8,9.4,7.2,110,91.6,85,34.3,0.76,856,0,20.5,0,0,0,4.3,1.5,2.95,10,0.847,0,0,0,3.14,0,0,0.023,42.54,27.94,14.6,16.24,14.07,dân ca/pop,Phương Mỹ Chi,0,0,0,0
SIM_01984,FAKE_CAR_0248,AVENSIS18_UK_MT,Toyota,Avensis sedan/hatch 1.8 VVT-i,2008,1.8,9.4,7.2,110,91.6,85,39.2,0.76,800,0,20.5,0,0,11,6.9,1.5,2.95,95,0.316,0,0,0,8.11,0,0,0.023,39.96,46.51,-6.55,0.06,12.71,rock,không rõ,0,0,1,0
SIM_01985,FAKE_CAR_0249,RAV4_20_UK_MT,Toyota,RAV4 2.0 VVT-i,2008,2,11,8.6,120,85.9,96,26,0.34,2350,21,17.3,0,10,0,7.3,1.94,2.94,35,0.208,0,0,0,3.83,1,8.06,0.139,92.99,46.49,46.5,56.45,14.13,dân ca/pop,Phương Mỹ Chi,0,0,0,0
SIM_01986,FAKE_CAR_0249,RAV4_20_UK_MT,Toyota,RAV4 2.0 VVT-i,2008,2,11,8.6,120,85.9,96,26.4,0.34,2796,32,17.3,0,5,11,6.5,1.94,2.94,35,0.816,0,0,0,4.43,1,8.06,0.139,97.93,52.29,45.64,56.19,14.02,dân ca/pop,Phương Mỹ Chi,0,0,0,0
SIM_01987,FAKE_CAR_0249,RAV4_20_UK_MT,Toyota,RAV4 2.0 VVT-i,2008,2,11,8.6,120,85.9,96,36.6,0.34,2863,23,17.3,0,15,0,6.9,1.94,2.94,65,0.394,0,0,0,5.92,1,8.06,0.139,97.93,53.18,44.75,56.79,14.1,rock,không rõ,0,0,0,0
SIM_01988,FAKE_CAR_0249,RAV4_20_UK_MT,Toyota,RAV4 2.0 VVT-i,2008,2,11,8.6,120,85.9,96,29,0.34,901,0,17.3,12,0,0,5.2,1.94,2.94,10,0.297,0,0,0,3.06,1,8.06,0.139,45.64,45.62,0.02,9.2,14.06,pop,Hòa Minzy,0,0,0,0
SIM_01989,FAKE_CAR_0249,RAV4_20_UK_MT,Toyota,RAV4 2.0 VVT-i,2008,2,11,8.6,120,85.9,96,29.6,0.34,1982,60,17.3,12,14,0,5.6,1.94,2.94,35,0.312,0,0,0,3.93,1,8.06,0.139,83.78,60.89,22.89,32.94,14.06,rock,không rõ,0,0,0,0
SIM_01990,FAKE_CAR_0249,RAV4_20_UK_MT,Toyota,RAV4 2.0 VVT-i,2008,2,11,8.6,120,85.9,96,34.7,0.34,2796,28,17.3,0,5,0,5.9,1.94,2.94,65,0.297,0,0,0,5.65,1,8.06,0.139,97.93,41.91,56.02,67.79,14.13,pop,Hòa Minzy,0,0,0,0
SIM_01991,FAKE_CAR_0249,RAV4_20_UK_MT,Toyota,RAV4 2.0 VVT-i,2008,2,11,8.6,120,85.9,96,34.8,0.34,2389,19,17.3,0,14,13,4.5,1.94,2.94,95,0.741,0,0,0,10,1,8.06,0.139,93.97,66.86,27.11,43.23,14.06,instrumental,không rõ,0,0,0,0
SIM_01992,FAKE_CAR_0249,RAV4_20_UK_MT,Toyota,RAV4 2.0 VVT-i,2008,2,11,8.6,120,85.9,96,38.8,0.34,870,0,17.3,0,5,0,4.6,1.94,2.94,10,0.518,0,0,0,3.09,1,8.06,0.139,44.18,38.05,6.13,15.34,14.11,nhạc trẻ,Lam Trường,0,0,0,0
SIM_01993,FAKE_CAR_0250,MAZDA2_13_UK_MT,Mazda,Mazda2 hatchback 1.3 MZR 86ps 5 cửa,2008,1.349,6.9,5.2,90,85.7,80.9,49.6,0.78,953,0,21.9,0,15,0,3.4,2.17,3.16,80,0.384,0,0,0,7.31,0,0,0.287,35.98,47.61,-11.63,-6.49,12.35,nhạc trẻ,Lam Trường,0,0,1,0
SIM_01994,FAKE_CAR_0250,MAZDA2_13_UK_MT,Mazda,Mazda2 hatchback 1.3 MZR 86ps 5 cửa,2008,1.349,6.9,5.2,90,85.7,80.9,53.1,0.78,773,0,21.9,0,5,0,5.4,2.17,3.16,20,0.322,0,0,0,3.56,0,0,0.287,29.64,35.86,-6.22,-4.83,12.55,dân ca/pop,Phương Mỹ Chi,0,0,0,0
SIM_01995,FAKE_CAR_0250,MAZDA2_13_UK_MT,Mazda,Mazda2 hatchback 1.3 MZR 86ps 5 cửa,2008,1.349,6.9,5.2,90,85.7,80.9,61.2,0.78,970,0,21.9,11,13,13,3,2.17,3.16,10,0.237,0,0,0,3.28,0,0,0.287,36.58,65.18,-28.6,-27.49,11.96,bolero,Lệ Quyên,0,0,0,0
SIM_01996,FAKE_CAR_0250,MAZDA2_13_UK_MT,Mazda,Mazda2 hatchback 1.3 MZR 86ps 5 cửa,2008,1.349,6.9,5.2,90,85.7,80.9,51.9,0.78,879,0,21.9,11,0,0,6.5,2.17,3.16,35,0.665,0,0,0,4.5,0,0,0.287,33.37,43.9,-10.53,-8.2,12.45,rock,không rõ,0,0,0,0
SIM_01997,FAKE_CAR_0250,MAZDA2_13_UK_MT,Mazda,Mazda2 hatchback 1.3 MZR 86ps 5 cửa,2008,1.349,6.9,5.2,90,85.7,80.9,52.6,0.78,960,0,21.9,0,0,0,6.4,2.17,3.16,10,0.536,0,0,0,3.31,0,0,0.287,36.23,31.61,4.62,5.76,13.92,instrumental,không rõ,0,0,0,0
SIM_01998,FAKE_CAR_0250,MAZDA2_13_UK_MT,Mazda,Mazda2 hatchback 1.3 MZR 86ps 5 cửa,2008,1.349,6.9,5.2,90,85.7,80.9,49.3,0.78,905,0,21.9,10,5,0,2.6,2.17,3.16,35,0.456,0,0,0,4.29,0,0,0.287,34.29,43.79,-9.5,-7.38,12.44,rock,không rõ,0,0,0,0
SIM_01999,FAKE_CAR_0250,MAZDA2_13_UK_MT,Mazda,Mazda2 hatchback 1.3 MZR 86ps 5 cửa,2008,1.349,6.9,5.2,90,85.7,80.9,56.7,0.78,887,0,21.9,0,5,0,3.7,2.17,3.16,10,0.219,0,0,0,3.27,0,0,0.287,33.66,33.87,-0.21,0.89,12.6,rock,không rõ,0,0,0,0
SIM_02000,FAKE_CAR_0250,MAZDA2_13_UK_MT,Mazda,Mazda2 hatchback 1.3 MZR 86ps 5 cửa,2008,1.349,6.9,5.2,90,85.7,80.9,59.4,0.78,2429,61,21.9,0,10,0,3.4,2.17,3.16,95,0.53,0,0,0,9.42,0,0,0.287,71.06,44.72,26.34,33.59,13.94,instrumental,không rõ,0,0,0,0
SIM_02001,FAKE_CAR_0251,MAZDA2_15_UK_MT,Mazda,Mazda2 hatchback 1.5 MZR 103ps,2008,1.498,7.6,5.7,90,89.7,95.4,37.3,0.42,739,0,17.7,0,0,0,4.7,2.55,2.94,95,0.358,1,55,41.93,8.32,0,0,0.156,29.76,72.65,-42.89,4.81,11.64,instrumental,không rõ,0,0,1,1
SIM_02002,FAKE_CAR_0251,MAZDA2_15_UK_MT,Mazda,Mazda2 hatchback 1.5 MZR 103ps,2008,1.498,7.6,5.7,90,89.7,95.4,37,0.42,2915,58,17.7,0,10,0,4.3,2.55,2.94,50,0.846,1,55,27.17,5.68,0,0,0.156,76.69,64.85,11.84,42.14,14.07,bolero,Lệ Quyên,0,0,0,0
SIM_02003,FAKE_CAR_0251,MAZDA2_15_UK_MT,Mazda,Mazda2 hatchback 1.5 MZR 103ps,2008,1.498,7.6,5.7,90,89.7,95.4,39.3,0.42,1757,14,17.7,9,5,0,6.1,2.55,2.94,10,0.273,1,55,6.3,3.06,0,0,0.156,61.2,47.16,14.04,20.85,14.08,dân ca/pop,Phương Mỹ Chi,0,0,0,0
SIM_02004,FAKE_CAR_0251,MAZDA2_15_UK_MT,Mazda,Mazda2 hatchback 1.5 MZR 103ps,2008,1.498,7.6,5.7,90,89.7,95.4,30.9,0.42,2935,45,17.7,8,5,0,5.4,2.55,2.94,20,0.239,1,55,7.87,3.3,0,0,0.156,76.69,47.27,29.42,38.04,14.08,bolero,Lệ Quyên,0,0,0,0
SIM_02005,FAKE_CAR_0251,MAZDA2_15_UK_MT,Mazda,Mazda2 hatchback 1.5 MZR 103ps,2008,1.498,7.6,5.7,90,89.7,95.4,38.6,0.42,1813,38,17.7,0,10,0,6.8,2.55,2.94,20,0.431,1,55,9.43,3.38,0,0,0.156,62.3,47.31,14.99,25.25,14,rock,không rõ,0,0,0,0
SIM_02006,FAKE_CAR_0251,MAZDA2_15_UK_MT,Mazda,Mazda2 hatchback 1.5 MZR 103ps,2008,1.498,7.6,5.7,90,89.7,95.4,31.1,0.42,833,0,17.7,0,15,0,5,2.55,2.94,65,0.832,1,55,36.59,7.12,0,0,0.156,33.23,81.41,-48.18,-7.02,11.59,pop,Hòa Minzy,0,0,1,1
SIM_02007,FAKE_CAR_0251,MAZDA2_15_UK_MT,Mazda,Mazda2 hatchback 1.5 MZR 103ps,2008,1.498,7.6,5.7,90,89.7,95.4,32.7,0.42,2357,23,17.7,0,14,0,5.2,2.55,2.94,35,0.276,1,55,12.17,3.89,0,0,0.156,72.97,52.96,20.01,33.52,14.07,instrumental,không rõ,0,0,0,0
SIM_02008,FAKE_CAR_0251,MAZDA2_15_UK_MT,Mazda,Mazda2 hatchback 1.5 MZR 103ps,2008,1.498,7.6,5.7,90,89.7,95.4,41.7,0.42,2921,41,17.7,12,8,0,4.9,2.55,2.94,80,0.779,1,55,46.09,8.62,0,0,0.156,76.69,97.31,-20.62,31.54,12.25,rock,không rõ,0,0,1,1
SIM_02009,FAKE_CAR_0252,HONDA_FIT15_CA_MT,Honda,Fit hatchback 1.5 DX,2008,1.5,7.1,6.5,75,95.5,85.7,64.3,0.4,2506,55,19.3,0,13,0,4.8,3.05,3.09,50,0.629,1,12,5.11,5.44,0,0,0.143,67.33,47.65,19.68,27.18,14.06,instrumental,không rõ,0,0,0,0
SIM_02010,FAKE_CAR_0252,HONDA_FIT15_CA_MT,Honda,Fit hatchback 1.5 DX,2008,1.5,7.1,6.5,75,95.5,85.7,67.1,0.4,934,0,19.3,13,14,0,3.7,3.05,3.09,95,0.612,1,12,11.28,9.78,0,0,0.143,32.79,71.06,-38.27,-20.26,11.84,bolero,Lệ Quyên,0,0,1,0
SIM_02011,FAKE_CAR_0252,HONDA_FIT15_CA_MT,Honda,Fit hatchback 1.5 DX,2008,1.5,7.1,6.5,75,95.5,85.7,71.6,0.4,2675,40,19.3,0,14,0,2.6,3.05,3.09,35,0.24,1,12,2.56,4.01,0,0,0.143,68.04,42.47,25.57,29.09,14.01,pop,Hòa Minzy,0,0,0,0
SIM_02012,FAKE_CAR_0252,HONDA_FIT15_CA_MT,Honda,Fit hatchback 1.5 DX,2008,1.5,7.1,6.5,75,95.5,85.7,72.1,0.4,785,0,19.3,12,12,0,1.9,3.05,3.09,50,0.799,1,12,5.75,5.74,0,0,0.143,27.91,56.69,-28.78,-20.34,12.1,pop,Hòa Minzy,0,0,1,0
SIM_02013,FAKE_CAR_0252,HONDA_FIT15_CA_MT,Honda,Fit hatchback 1.5 DX,2008,1.5,7.1,6.5,75,95.5,85.7,67.9,0.4,942,0,19.3,0,5,0,4.1,3.05,3.09,95,0.271,1,12,8.42,8.02,0,0,0.143,33.05,44.84,-11.79,1.6,12.54,rock,không rõ,0,0,1,0
SIM_02014,FAKE_CAR_0252,HONDA_FIT15_CA_MT,Honda,Fit hatchback 1.5 DX,2008,1.5,7.1,6.5,75,95.5,85.7,72.7,0.4,1695,13,19.3,0,16,0,2,3.05,3.09,10,0.294,1,12,1.4,3.21,0,0,0.143,53.22,41.91,11.31,12.87,14.13,pop,Hòa Minzy,0,0,0,0
SIM_02015,FAKE_CAR_0252,HONDA_FIT15_CA_MT,Honda,Fit hatchback 1.5 DX,2008,1.5,7.1,6.5,75,95.5,85.7,68.8,0.4,1900,45,19.3,0,16,0,3.1,3.05,3.09,50,0.326,1,12,3.98,4.9,0,0,0.143,56.79,47.28,9.51,15.34,14.02,dân ca/pop,Phương Mỹ Chi,0,0,0,0
SIM_02016,FAKE_CAR_0252,HONDA_FIT15_CA_MT,Honda,Fit hatchback 1.5 DX,2008,1.5,7.1,6.5,75,95.5,85.7,69,0.4,779,0,19.3,0,16,10,2,3.05,3.09,65,0.376,1,12,5.66,6.02,0,0,0.143,27.72,58.98,-31.26,-22.63,11.96,instrumental,không rõ,0,0,1,0
SIM_02017,FAKE_CAR_0253,YARIS13_UK_MT,Toyota,Yaris hatchback 1.3 VVT-i,2008,1.3,7.2,6,80,60.5,93.5,54.6,0.65,879,0,22.9,14,16,0,5.2,3.05,2.86,20,0.4,0,0,0,3.29,0,0,0.024,20.94,61.39,-40.45,-40.21,11.88,nhạc trẻ,Lam Trường,0,0,0,0
SIM_02018,FAKE_CAR_0253,YARIS13_UK_MT,Toyota,Yaris hatchback 1.3 VVT-i,2008,1.3,7.2,6,80,60.5,93.5,57.4,0.65,2280,21,22.9,8,10,0,5.4,3.05,2.86,80,0.307,0,0,0,6.71,0,0,0.024,42.84,53.01,-10.17,-6.51,12.6,pop,Hòa Minzy,0,0,0,0
SIM_02019,FAKE_CAR_0253,YARIS13_UK_MT,Toyota,Yaris hatchback 1.3 VVT-i,2008,1.3,7.2,6,80,60.5,93.5,53.3,0.65,2841,62,22.9,0,12,15,3.4,3.05,2.86,35,0.334,0,0,0,3.87,0,0,0.024,45.98,57.17,-11.19,-10.37,12.55,dân ca/pop,Phương Mỹ Chi,0,0,0,0
SIM_02020,FAKE_CAR_0253,YARIS13_UK_MT,Toyota,Yaris hatchback 1.3 VVT-i,2008,1.3,7.2,6,80,60.5,93.5,47.8,0.65,982,0,22.9,0,5,16,2.8,3.05,2.86,35,0.36,0,0,0,3.9,0,0,0.024,23.22,50.6,-27.38,-26.53,12.1,instrumental,không rõ,0,0,0,0
SIM_02021,FAKE_CAR_0253,YARIS13_UK_MT,Toyota,Yaris hatchback 1.3 VVT-i,2008,1.3,7.2,6,80,60.5,93.5,56.4,0.65,735,0,22.9,12,0,0,5.2,3.05,2.86,80,0.4,0,0,0,7.07,0,0,0.024,17.76,47.17,-29.41,-25.39,12.15,pop,Hòa Minzy,0,0,0,0
SIM_02022,FAKE_CAR_0253,YARIS13_UK_MT,Toyota,Yaris hatchback 1.3 VVT-i,2008,1.3,7.2,6,80,60.5,93.5,50.1,0.65,2308,64,22.9,0,14,0,5.3,3.05,2.86,35,0.32,0,0,0,3.86,0,0,0.024,43.17,46.06,-2.89,-2.08,12.78,pop,Hòa Minzy,0,0,0,0
SIM_02023,FAKE_CAR_0253,YARIS13_UK_MT,Toyota,Yaris hatchback 1.3 VVT-i,2008,1.3,7.2,6,80,60.5,93.5,55,0.65,839,0,22.9,9,9,18,4.1,3.05,2.86,95,0.8,0,0,0,10,0,0,0.024,20.06,73,-52.94,-45.99,11.53,rock,không rõ,0,0,1,0
SIM_02024,FAKE_CAR_0253,YARIS13_UK_MT,Toyota,Yaris hatchback 1.3 VVT-i,2008,1.3,7.2,6,80,60.5,93.5,56.8,0.65,2639,13,22.9,0,5,12,4,3.05,2.86,10,0.408,0,0,0,3,0,0,0.024,45.98,46.9,-0.92,-0.97,12.82,bolero,Lệ Quyên,0,0,0,0
SIM_02025,FAKE_CAR_0254,YARIS13_UK_MM,Toyota,Yaris hatchback 1.3 VVT-i,2008,1.3,6.7,5.8,80,85.4,38.4,40.3,0.45,982,0,21.8,0,5,0,4.2,1.41,1.86,95,0.848,1,55,60.76,9.76,0,0,0.116,32.78,101.52,-68.74,0.37,11.18,pop,Hòa Minzy,0,0,1,0
SIM_02026,FAKE_CAR_0254,YARIS13_UK_MM,Toyota,Yaris hatchback 1.3 VVT-i,2008,1.3,6.7,5.8,80,85.4,38.4,29.4,0.45,882,0,21.8,0,0,0,4.2,1.41,1.86,20,0.827,1,55,12.63,2.46,0,0,0.116,29.65,41.09,-11.44,2.24,12.48,instrumental,không rõ,0,0,1,0
SIM_02027,FAKE_CAR_0254,YARIS13_UK_MM,Toyota,Yaris hatchback 1.3 VVT-i,2008,1.3,6.7,5.8,80,85.4,38.4,42.7,0.45,2430,14,21.8,0,12,0,6.3,1.41,1.86,10,0.52,1,55,7.85,2.01,0,0,0.116,62.96,49.96,13,21.45,14.15,pop,Hòa Minzy,0,0,0,0
SIM_02028,FAKE_CAR_0254,YARIS13_UK_MM,Toyota,Yaris hatchback 1.3 VVT-i,2008,1.3,6.7,5.8,80,85.4,38.4,41.8,0.45,891,0,21.8,11,0,12,7.4,1.41,1.86,20,0.263,1,55,8.07,2.23,0,0,0.116,29.94,62.5,-32.56,-23.67,11.98,rock,không rõ,0,0,1,0
SIM_02029,FAKE_CAR_0254,YARIS13_UK_MM,Toyota,Yaris hatchback 1.3 VVT-i,2008,1.3,6.7,5.8,80,85.4,38.4,40.8,0.45,932,0,21.8,11,5,0,5.5,1.41,1.86,80,0.359,1,55,33.29,5.92,0,0,0.116,31.22,82.51,-51.29,-13.49,11.48,instrumental,không rõ,0,1,1,0
SIM_02030,FAKE_CAR_0254,YARIS13_UK_MM,Toyota,Yaris hatchback 1.3 VVT-i,2008,1.3,6.7,5.8,80,85.4,38.4,33.2,0.45,932,0,21.8,0,5,17,6.4,1.41,1.86,65,0.838,1,55,36.73,6.06,0,0,0.116,31.22,92.99,-61.77,-20.39,11.26,instrumental,không rõ,0,0,1,0
SIM_02031,FAKE_CAR_0254,YARIS13_UK_MM,Toyota,Yaris hatchback 1.3 VVT-i,2008,1.3,6.7,5.8,80,85.4,38.4,38.4,0.45,813,0,21.8,14,9,0,5.7,1.41,1.86,10,0.675,1,55,8.82,2.03,0,0,0.116,27.5,61.35,-33.85,-24.41,11.99,pop,Hòa Minzy,0,0,1,0
SIM_02032,FAKE_CAR_0254,YARIS13_UK_MM,Toyota,Yaris hatchback 1.3 VVT-i,2008,1.3,6.7,5.8,80,85.4,38.4,37,0.45,2125,60,21.8,0,5,0,7.8,1.41,1.86,20,0.287,1,55,8.26,2.24,0,0,0.116,57.9,45.1,12.8,21.89,14.1,dân ca/pop,Phương Mỹ Chi,0,0,0,0
SIM_02033,FAKE_CAR_0255,YARIS13_NCP_2NZ,Toyota,Yaris 1.3 NCP9# / 2NZ-FE,2008,1.3,,,80,78.5,99.4,66.8,0.59,2662,16,19.4,0,0,0,1.9,1.65,2.94,10,0.545,0,0,0,3.09,0,0,0.037,59.66,24.39,35.27,36.71,14.19,pop,Hòa Minzy,0,0,0,0
SIM_02034,FAKE_CAR_0255,YARIS13_NCP_2NZ,Toyota,Yaris 1.3 NCP9# / 2NZ-FE,2008,1.3,,,80,78.5,99.4,74.4,0.59,1936,29,19.4,0,15,0,1.6,1.65,2.94,20,0.813,0,0,0,3.53,0,0,0.037,50.34,39.53,10.81,12.69,14.13,bolero,Lệ Quyên,0,0,0,0
SIM_02035,FAKE_CAR_0255,YARIS13_NCP_2NZ,Toyota,Yaris 1.3 NCP9# / 2NZ-FE,2008,1.3,,,80,78.5,99.4,77.6,0.59,782,0,19.4,0,5,10,2.3,1.65,2.94,20,0.447,0,0,0,3.39,0,0,0.037,24.39,40.09,-15.7,-13.96,12.48,instrumental,không rõ,0,0,0,0
SIM_02036,FAKE_CAR_0255,YARIS13_NCP_2NZ,Toyota,Yaris 1.3 NCP9# / 2NZ-FE,2008,1.3,,,80,78.5,99.4,69.3,0.59,2897,33,19.4,0,5,0,2.1,1.65,2.94,10,0.585,0,0,0,3.1,0,0,0.037,59.66,29.6,30.06,31.51,14.09,rock,không rõ,0,0,0,0
SIM_02037,FAKE_CAR_0255,YARIS13_NCP_2NZ,Toyota,Yaris 1.3 NCP9# / 2NZ-FE,2008,1.3,,,80,78.5,99.4,75.8,0.59,783,0,19.4,9,5,0,1.5,1.65,2.94,35,0.226,0,0,0,3.84,0,0,0.037,24.42,38.74,-14.32,-12.13,12.53,bolero,Lệ Quyên,0,0,0,0
SIM_02038,FAKE_CAR_0255,YARIS13_NCP_2NZ,Toyota,Yaris 1.3 NCP9# / 2NZ-FE,2008,1.3,,,80,78.5,99.4,66.9,0.59,750,0,19.4,0,14,13,1.2,1.65,2.94,95,0.727,0,0,0,10,0,0,0.037,23.47,57.6,-34.13,-25.78,11.96,bolero,Lệ Quyên,0,0,1,0
SIM_02039,FAKE_CAR_0255,YARIS13_NCP_2NZ,Toyota,Yaris 1.3 NCP9# / 2NZ-FE,2008,1.3,,,80,78.5,99.4,77.6,0.59,722,0,19.4,0,0,0,3.1,1.65,2.94,35,0.364,0,0,0,3.98,0,0,0.037,22.67,26.48,-3.81,-1.48,12.76,rock,không rõ,0,0,1,0
SIM_02040,FAKE_CAR_0255,YARIS13_NCP_2NZ,Toyota,Yaris 1.3 NCP9# / 2NZ-FE,2008,1.3,,,80,78.5,99.4,73.4,0.59,752,0,19.4,11,14,0,4.5,1.65,2.94,50,0.731,0,0,0,5.47,0,0,0.037,23.53,54.37,-30.84,-27.02,12.05,pop,Hòa Minzy,0,0,0,0
SIM_02041,FAKE_CAR_0256,YARIS15_CA_MT,Toyota,Yaris hatchback 1.5,2008,1.5,7,6.3,85,63.4,79.2,26.9,0.46,2076,35,15.6,0,8,0,5.4,1.4,2.26,20,0.329,1,12,1.88,2.66,0,0,0.058,45.03,33.54,11.49,14.63,14.12,dân ca/pop,Phương Mỹ Chi,0,0,0,0
SIM_02042,FAKE_CAR_0256,YARIS15_CA_MT,Toyota,Yaris hatchback 1.5,2008,1.5,7,6.3,85,63.4,79.2,36.6,0.46,953,0,15.6,0,5,0,5.4,1.4,2.26,95,0.282,1,12,8.51,7.25,0,0,0.058,25.14,41.76,-16.62,-2.26,12.43,bolero,Lệ Quyên,0,0,1,0
SIM_02043,FAKE_CAR_0256,YARIS15_CA_MT,Toyota,Yaris hatchback 1.5,2008,1.5,7,6.3,85,63.4,79.2,29.9,0.46,950,0,15.6,0,8,14,6.5,1.4,2.26,65,0.851,1,12,8.08,6.49,0,0,0.058,25.07,58.67,-33.6,-20.43,11.91,pop,Hòa Minzy,0,0,1,0
SIM_02044,FAKE_CAR_0256,YARIS15_CA_MT,Toyota,Yaris hatchback 1.5,2008,1.5,7,6.3,85,63.4,79.2,24.3,0.46,2118,45,15.6,12,0,0,5.6,1.4,2.26,10,0.205,1,12,1.28,2.37,0,0,0.058,45.58,36.85,8.73,10.98,14.1,nhạc trẻ,Lam Trường,0,0,0,0
SIM_02045,FAKE_CAR_0256,YARIS15_CA_MT,Toyota,Yaris hatchback 1.5,2008,1.5,7,6.3,85,63.4,79.2,27.2,0.46,766,0,15.6,0,5,16,7.1,1.4,2.26,10,0.497,1,12,1.68,2.41,0,0,0.058,20.53,47.79,-27.26,-24.57,12.07,nhạc trẻ,Lam Trường,0,0,0,0
SIM_02046,FAKE_CAR_0256,YARIS15_CA_MT,Toyota,Yaris hatchback 1.5,2008,1.5,7,6.3,85,63.4,79.2,27.9,0.46,2514,15,15.6,0,8,0,5.5,1.4,2.26,80,0.376,1,12,7.38,6.38,0,0,0.058,50.76,42.86,7.9,20.26,14.18,nhạc trẻ,Lam Trường,0,0,0,0
SIM_02047,FAKE_CAR_0256,YARIS15_CA_MT,Toyota,Yaris hatchback 1.5,2008,1.5,7,6.3,85,63.4,79.2,33.2,0.46,827,0,15.6,0,13,0,7,1.4,2.26,65,0.299,1,12,5.27,4.97,0,0,0.058,22.04,45.84,-23.8,-14.96,12.21,bolero,Lệ Quyên,0,0,1,0
SIM_02048,FAKE_CAR_0256,YARIS15_CA_MT,Toyota,Yaris hatchback 1.5,2008,1.5,7,6.3,85,63.4,79.2,36.3,0.46,2241,42,15.6,0,9,14,7,1.4,2.26,50,0.334,1,12,4.01,4.08,0,0,0.058,47.19,53.69,-6.5,0.19,12.65,nhạc trẻ,Lam Trường,0,0,1,0
SIM_02049,FAKE_CAR_0257,YARIS15_CA_AT,Toyota,Yaris hatchback 1.5,2008,1.5,7,6.4,75,94.2,80.8,77.4,0.76,746,0,17,0,0,0,1.5,1.35,1.77,50,0.294,1,55,17.67,3.52,0,0,0.058,26.27,39.69,-13.42,6.42,12.51,pop,Hòa Minzy,0,0,1,1
SIM_02050,FAKE_CAR_0257,YARIS15_CA_AT,Toyota,Yaris hatchback 1.5,2008,1.5,7,6.4,75,94.2,80.8,73.1,0.76,1976,13,17,0,0,9,1.3,1.35,1.77,35,0.534,1,55,15.28,2.98,0,0,0.058,57.32,45.56,11.76,28.67,14.11,dân ca/pop,Phương Mỹ Chi,0,0,0,0
SIM_02051,FAKE_CAR_0257,YARIS15_CA_AT,Toyota,Yaris hatchback 1.5,2008,1.5,7,6.4,75,94.2,80.8,81.2,0.76,750,0,17,0,5,0,2.8,1.35,1.77,35,0.364,1,55,13.23,2.81,0,0,0.058,26.4,40.84,-14.44,0.25,12.44,bolero,Lệ Quyên,0,0,1,1
SIM_02052,FAKE_CAR_0257,YARIS15_CA_AT,Toyota,Yaris hatchback 1.5,2008,1.5,7,6.4,75,94.2,80.8,85.2,0.76,759,0,17,0,5,0,2.4,1.35,1.77,95,0.674,1,55,54.07,8.78,0,0,0.058,26.69,87.25,-60.56,0.94,11.28,pop,Hòa Minzy,0,0,1,1
SIM_02053,FAKE_CAR_0257,YARIS15_CA_AT,Toyota,Yaris hatchback 1.5,2008,1.5,7,6.4,75,94.2,80.8,78.8,0.76,741,0,17,0,12,0,4.1,1.35,1.77,35,0.378,1,55,13.39,2.83,0,0,0.058,26.11,49.32,-23.21,-8.34,12.19,bolero,Lệ Quyên,0,0,1,1
SIM_02054,FAKE_CAR_0257,YARIS15_CA_AT,Toyota,Yaris hatchback 1.5,2008,1.5,7,6.4,75,94.2,80.8,84.2,0.76,831,0,17,13,5,13,3.7,1.35,1.77,35,0.373,1,55,13.33,2.82,0,0,0.058,29.02,67.85,-38.83,-24.03,11.81,nhạc trẻ,Lam Trường,0,0,1,1
SIM_02055,FAKE_CAR_0257,YARIS15_CA_AT,Toyota,Yaris hatchback 1.5,2008,1.5,7,6.4,75,94.2,80.8,77.7,0.76,2703,16,17,0,15,0,2,1.35,1.77,65,0.311,1,55,24.41,4.52,0,0,0.058,67.12,62.93,4.19,31.77,14.07,instrumental,không rõ,0,0,0,1
SIM_02056,FAKE_CAR_0257,YARIS15_CA_AT,Toyota,Yaris hatchback 1.5,2008,1.5,7,6.4,75,94.2,80.8,76.9,0.76,956,0,17,13,5,0,1.5,1.35,1.77,95,0.436,1,55,44.93,7.55,0,0,0.058,33.06,88.98,-55.92,-4.79,11.39,nhạc trẻ,Lam Trường,0,0,1,1
SIM_02057,FAKE_CAR_0258,YARIS10_UK_MT,Toyota,Yaris hatchback 1.0 VVT-i,2008,1,6.4,5.4,70,94.7,90.6,69.5,0.85,881,0,18.3,0,0,0,2.5,2.64,1.85,20,0.746,0,0,0,2.41,0,0,0.126,28.74,23.21,5.53,5.3,14.02,bolero,Lệ Quyên,0,0,0,0
SIM_02058,FAKE_CAR_0258,YARIS10_UK_MT,Toyota,Yaris hatchback 1.0 VVT-i,2008,1,6.4,5.4,70,94.7,90.6,77.1,0.85,978,0,18.3,12,0,0,4.7,2.64,1.85,50,0.866,0,0,0,4.62,0,0,0.126,31.68,39.62,-7.94,-5.96,12.6,rock,không rõ,0,0,0,0
SIM_02059,FAKE_CAR_0258,YARIS10_UK_MT,Toyota,Yaris hatchback 1.0 VVT-i,2008,1,6.4,5.4,70,94.7,90.6,69.4,0.85,748,0,18.3,0,12,0,2.5,2.64,1.85,80,0.839,0,0,0,7.77,0,0,0.126,24.71,40.57,-15.86,-10.73,12.4,bolero,Lệ Quyên,0,0,1,0
SIM_02060,FAKE_CAR_0258,YARIS10_UK_MT,Toyota,Yaris hatchback 1.0 VVT-i,2008,1,6.4,5.4,70,94.7,90.6,76.9,0.85,768,0,18.3,0,11,12,5,2.64,1.85,65,0.24,0,0,0,4.4,0,0,0.126,25.32,50.7,-25.38,-23.62,12.2,nhạc trẻ,Lam Trường,0,0,0,0
SIM_02061,FAKE_CAR_0258,YARIS10_UK_MT,Toyota,Yaris hatchback 1.0 VVT-i,2008,1,6.4,5.4,70,94.7,90.6,74.3,0.85,985,0,18.3,13,0,0,3.8,2.64,1.85,35,0.599,0,0,0,3.12,0,0,0.126,31.89,38.22,-6.33,-5.85,12.57,rock,không rõ,0,0,0,0
SIM_02062,FAKE_CAR_0258,YARIS10_UK_MT,Toyota,Yaris hatchback 1.0 VVT-i,2008,1,6.4,5.4,70,94.7,90.6,75,0.85,955,0,18.3,0,0,0,4.8,2.64,1.85,20,0.446,0,0,0,2.3,0,0,0.126,30.99,25.4,5.59,5.25,14.07,nhạc trẻ,Lam Trường,0,0,0,0
SIM_02063,FAKE_CAR_0258,YARIS10_UK_MT,Toyota,Yaris hatchback 1.0 VVT-i,2008,1,6.4,5.4,70,94.7,90.6,73.1,0.85,868,0,18.3,0,10,0,3.2,2.64,1.85,20,0.409,0,0,0,2.28,0,0,0.126,28.35,33.78,-5.43,-5.79,12.67,bolero,Lệ Quyên,0,0,0,0
SIM_02064,FAKE_CAR_0258,YARIS10_UK_MT,Toyota,Yaris hatchback 1.0 VVT-i,2008,1,6.4,5.4,70,94.7,90.6,73.9,0.85,899,0,18.3,0,0,0,1.6,2.64,1.85,95,0.512,0,0,0,8.02,0,0,0.126,29.29,27.92,1.37,6.75,14.02,nhạc trẻ,Lam Trường,0,0,0,0
SIM_02065,FAKE_CAR_0259,AYGO10_UK_MT,Toyota,Aygo hatchback 1.0 VVT-i,2008,1,5.5,4.6,70,87.2,85.5,68.4,0.36,1694,29,21.1,13,0,0,2,1.6,3.02,10,0.626,1,28,4.33,3.18,0,0,0.101,45.34,43.61,1.73,7.64,14.05,dân ca/pop,Phương Mỹ Chi,0,0,0,0
SIM_02066,FAKE_CAR_0259,AYGO10_UK_MT,Toyota,Aygo hatchback 1.0 VVT-i,2008,1,5.5,4.6,70,87.2,85.5,67.3,0.36,849,0,21.1,0,0,10,3.9,1.6,3.02,65,0.333,1,28,12.69,5.83,0,0,0.101,25.57,53.52,-27.95,-11.03,12.07,nhạc trẻ,Lam Trường,0,0,1,1
SIM_02067,FAKE_CAR_0259,AYGO10_UK_MT,Toyota,Aygo hatchback 1.0 VVT-i,2008,1,5.5,4.6,70,87.2,85.5,59.8,0.36,760,0,21.1,0,5,13,5.1,1.6,3.02,50,0.664,1,28,12.24,5.43,0,0,0.101,23.09,61.87,-38.78,-22.71,11.84,instrumental,không rõ,0,0,1,1
SIM_02068,FAKE_CAR_0259,AYGO10_UK_MT,Toyota,Aygo hatchback 1.0 VVT-i,2008,1,5.5,4.6,70,87.2,85.5,70,0.36,739,0,21.1,0,5,0,4,1.6,3.02,80,0.484,1,28,18.89,7.56,0,0,0.101,22.5,56.55,-34.05,-9.2,11.88,rock,không rõ,0,0,1,1
SIM_02069,FAKE_CAR_0259,AYGO10_UK_MT,Toyota,Aygo hatchback 1.0 VVT-i,2008,1,5.5,4.6,70,87.2,85.5,71,0.36,2792,29,21.1,0,11,0,2.7,1.6,3.02,95,0.664,1,28,27.33,9.97,0,0,0.101,57.99,72.1,-14.11,21.59,12.45,pop,Hòa Minzy,0,0,1,1
SIM_02070,FAKE_CAR_0259,AYGO10_UK_MT,Toyota,Aygo hatchback 1.0 VVT-i,2008,1,5.5,4.6,70,87.2,85.5,71.1,0.36,977,0,21.1,12,5,0,4.2,1.6,3.02,80,0.705,1,28,22.31,8.42,0,0,0.101,29.15,73.03,-43.88,-14.75,11.66,bolero,Lệ Quyên,0,0,1,1
SIM_02071,FAKE_CAR_0259,AYGO10_UK_MT,Toyota,Aygo hatchback 1.0 VVT-i,2008,1,5.5,4.6,70,87.2,85.5,70.7,0.36,2422,55,21.1,8,14,0,5.4,1.6,3.02,35,0.338,1,28,6.57,4.04,0,0,0.101,56.13,59.11,-2.98,6.03,12.78,dân ca/pop,Phương Mỹ Chi,0,0,0,0
SIM_02072,FAKE_CAR_0259,AYGO10_UK_MT,Toyota,Aygo hatchback 1.0 VVT-i,2008,1,5.5,4.6,70,87.2,85.5,62.4,0.36,2009,15,21.1,8,11,9,4.8,1.6,3.02,95,0.573,1,28,25.55,9.51,0,0,0.101,50.01,88.96,-38.95,-5.49,11.85,rock,không rõ,0,0,1,1
SIM_02073,FAKE_CAR_0260,AURIS14_UK_MT,Toyota,Auris hatchback 1.4 VVT-i,2008,1.4,8.7,6.9,95,95.6,85.7,51.8,0.78,2125,65,12.5,12,0,0,3.9,2.09,1.66,80,0.567,0,0,0,6.52,0,0,0.047,76.97,34.92,42.05,46.48,14.08,instrumental,không rõ,0,0,0,0
SIM_02074,FAKE_CAR_0260,AURIS14_UK_MT,Toyota,Auris hatchback 1.4 VVT-i,2008,1.4,8.7,6.9,95,95.6,85.7,50.7,0.78,947,0,12.5,0,5,11,4.3,2.09,1.66,50,0.214,0,0,0,3.27,0,0,0.047,42.12,36.07,6.05,7.23,14.16,pop,Hòa Minzy,0,0,0,0
SIM_02075,FAKE_CAR_0260,AURIS14_UK_MT,Toyota,Auris hatchback 1.4 VVT-i,2008,1.4,8.7,6.9,95,95.6,85.7,51.2,0.78,961,0,12.5,13,13,0,6.8,2.09,1.66,20,0.538,0,0,0,2.14,0,0,0.047,42.7,47.44,-4.74,-4.69,12.72,pop,Hòa Minzy,0,0,0,0
SIM_02076,FAKE_CAR_0260,AURIS14_UK_MT,Toyota,Auris hatchback 1.4 VVT-i,2008,1.4,8.7,6.9,95,95.6,85.7,40.7,0.78,881,0,12.5,0,11,0,5.4,2.09,1.66,20,0.813,0,0,0,2.25,0,0,0.047,39.38,31.15,8.23,8.39,14.19,dân ca/pop,Phương Mỹ Chi,0,0,0,0
SIM_02077,FAKE_CAR_0260,AURIS14_UK_MT,Toyota,Auris hatchback 1.4 VVT-i,2008,1.4,8.7,6.9,95,95.6,85.7,51.7,0.78,820,0,12.5,11,0,0,5.9,2.09,1.66,65,0.543,0,0,0,5.05,0,0,0.047,36.85,34.45,2.4,5.36,14.11,bolero,Lệ Quyên,0,0,0,0
SIM_02078,FAKE_CAR_0260,AURIS14_UK_MT,Toyota,Auris hatchback 1.4 VVT-i,2008,1.4,8.7,6.9,95,95.6,85.7,48.1,0.78,785,0,12.5,0,16,0,6,2.09,1.66,35,0.327,0,0,0,2.66,0,0,0.047,35.39,37.16,-1.77,-1.2,12.75,rock,không rõ,0,0,0,0
SIM_02079,FAKE_CAR_0260,AURIS14_UK_MT,Toyota,Auris hatchback 1.4 VVT-i,2008,1.4,8.7,6.9,95,95.6,85.7,51.2,0.78,1798,49,12.5,0,0,0,6.4,2.09,1.66,20,0.351,0,0,0,2.07,0,0,0.047,69.76,20.97,48.79,48.77,14.15,pop,Hòa Minzy,0,0,0,0
SIM_02080,FAKE_CAR_0260,AURIS14_UK_MT,Toyota,Auris hatchback 1.4 VVT-i,2008,1.4,8.7,6.9,95,95.6,85.7,46.6,0.78,2480,64,12.5,0,5,0,5.8,2.09,1.66,35,0.217,0,0,0,2.56,0,0,0.047,84.8,25.86,58.94,59.41,14.06,bolero,Lệ Quyên,0,0,0,0
SIM_02081,FAKE_CAR_0261,AURIS16_UK_MT,Toyota,Auris hatchback 1.6 VVT-i,2008,1.6,9,7.1,110,85.8,88.4,66.5,0.77,915,0,19.1,8,15,0,4.6,1.32,3.13,20,0.389,0,0,0,3.55,0,0,0.123,42.39,50.25,-7.86,-5.63,12.59,instrumental,không rõ,0,0,0,0
SIM_02082,FAKE_CAR_0261,AURIS16_UK_MT,Toyota,Auris hatchback 1.6 VVT-i,2008,1.6,9,7.1,110,85.8,88.4,63.5,0.77,790,0,19.1,0,0,0,4.2,1.32,3.13,50,0.52,0,0,0,5.28,0,0,0.123,37,28.58,8.42,12.38,14.04,bolero,Lệ Quyên,0,0,0,0
SIM_02083,FAKE_CAR_0261,AURIS16_UK_MT,Toyota,Auris hatchback 1.6 VVT-i,2008,1.6,9,7.1,110,85.8,88.4,69.1,0.77,900,0,19.1,0,14,11,4,1.32,3.13,95,0.678,0,0,0,10,0,0,0.123,41.74,58.1,-16.36,-7.68,12.39,nhạc trẻ,Lam Trường,0,0,1,0
SIM_02084,FAKE_CAR_0261,AURIS16_UK_MT,Toyota,Auris hatchback 1.6 VVT-i,2008,1.6,9,7.1,110,85.8,88.4,57.1,0.77,901,0,19.1,0,11,0,2.1,1.32,3.13,20,0.346,0,0,0,3.54,0,0,0.123,41.79,35.74,6.05,8.27,14.09,instrumental,không rõ,0,0,0,0
SIM_02085,FAKE_CAR_0261,AURIS16_UK_MT,Toyota,Auris hatchback 1.6 VVT-i,2008,1.6,9,7.1,110,85.8,88.4,66.3,0.77,754,0,19.1,0,0,0,4,1.32,3.13,20,0.324,0,0,0,3.53,0,0,0.123,35.44,26.63,8.81,11.02,14.06,pop,Hòa Minzy,0,0,0,0
SIM_02086,FAKE_CAR_0261,AURIS16_UK_MT,Toyota,Auris hatchback 1.6 VVT-i,2008,1.6,9,7.1,110,85.8,88.4,69.4,0.77,782,0,19.1,0,15,0,2.4,1.32,3.13,35,0.292,0,0,0,4.1,0,0,0.123,36.65,40.6,-3.95,-1.17,12.66,pop,Hòa Minzy,0,0,1,0
SIM_02087,FAKE_CAR_0261,AURIS16_UK_MT,Toyota,Auris hatchback 1.6 VVT-i,2008,1.6,9,7.1,110,85.8,88.4,59.1,0.77,734,0,19.1,11,5,0,4.6,1.32,3.13,20,0.503,0,0,0,3.6,0,0,0.123,34.58,43.3,-8.72,-6.44,12.57,instrumental,không rõ,0,0,0,0
SIM_02088,FAKE_CAR_0261,AURIS16_UK_MT,Toyota,Auris hatchback 1.6 VVT-i,2008,1.6,9,7.1,110,85.8,88.4,57.5,0.77,980,0,19.1,0,5,17,3.5,1.32,3.13,65,0.45,0,0,0,6.26,0,0,0.123,45.19,50.86,-5.67,-0.73,12.61,rock,không rõ,0,0,1,0
SIM_02089,FAKE_CAR_0262,AVENSIS18_UK_MT,Toyota,Avensis sedan/hatch 1.8 VVT-i,2008,1.8,9.4,7.2,115,68.7,93,52.1,0.39,2507,19,15.1,0,10,11,3.7,2.4,2.78,80,0.459,0,0,0,7.22,0,0,0.127,74.29,47.02,27.27,32.09,14.11,nhạc trẻ,Lam Trường,0,0,0,0
SIM_02090,FAKE_CAR_0262,AVENSIS18_UK_MT,Toyota,Avensis sedan/hatch 1.8 VVT-i,2008,1.8,9.4,7.2,115,68.7,93,57.1,0.39,2204,59,15.1,0,0,0,6.1,2.4,2.78,35,0.396,0,0,0,3.85,0,0,0.127,68.47,25.05,43.42,44.87,14.06,dân ca/pop,Phương Mỹ Chi,0,0,0,0
SIM_02091,FAKE_CAR_0262,AVENSIS18_UK_MT,Toyota,Avensis sedan/hatch 1.8 VVT-i,2008,1.8,9.4,7.2,115,68.7,93,64,0.39,964,0,15.1,9,14,0,5.5,2.4,2.78,95,0.292,0,0,0,7.82,0,0,0.127,37.25,51.42,-14.17,-8.75,12.44,rock,không rõ,0,0,1,0
SIM_02092,FAKE_CAR_0262,AVENSIS18_UK_MT,Toyota,Avensis sedan/hatch 1.8 VVT-i,2008,1.8,9.4,7.2,115,68.7,93,54.9,0.39,903,0,15.1,0,15,0,2.8,2.4,2.78,65,0.502,0,0,0,6.05,0,0,0.127,35.05,38.95,-3.9,-0.25,12.69,rock,không rõ,0,0,1,0
SIM_02093,FAKE_CAR_0262,AVENSIS18_UK_MT,Toyota,Avensis sedan/hatch 1.8 VVT-i,2008,1.8,9.4,7.2,115,68.7,93,63.9,0.39,773,0,15.1,0,5,14,4.8,2.4,2.78,20,0.709,0,0,0,3.33,0,0,0.127,30.36,42.23,-11.87,-10.94,12.5,bolero,Lệ Quyên,0,0,0,0
SIM_02094,FAKE_CAR_0262,AVENSIS18_UK_MT,Toyota,Avensis sedan/hatch 1.8 VVT-i,2008,1.8,9.4,7.2,115,68.7,93,52.4,0.39,765,0,15.1,0,0,0,4.8,2.4,2.78,80,0.751,0,0,0,8.35,0,0,0.127,30.07,28.25,1.82,7.77,14.11,pop,Hòa Minzy,0,0,0,0
SIM_02095,FAKE_CAR_0262,AVENSIS18_UK_MT,Toyota,Avensis sedan/hatch 1.8 VVT-i,2008,1.8,9.4,7.2,115,68.7,93,60.9,0.39,1940,20,15.1,11,0,0,2.7,2.4,2.78,95,0.639,0,0,0,9.61,0,0,0.127,63.41,38.41,25,32.21,14.09,instrumental,không rõ,0,0,0,0
SIM_02096,FAKE_CAR_0262,AVENSIS18_UK_MT,Toyota,Avensis sedan/hatch 1.8 VVT-i,2008,1.8,9.4,7.2,115,68.7,93,63.1,0.39,1765,24,15.1,0,8,0,5.7,2.4,2.78,80,0.332,0,0,0,6.73,0,0,0.127,60.05,35.53,24.52,28.85,14.05,bolero,Lệ Quyên,0,0,0,0
SIM_02097,FAKE_CAR_0263,RAV4_20_UK_MT,Toyota,RAV4 2.0 VVT-i,2008,2,11,8.6,115,46.6,46,52.1,0.19,2272,48,13.3,0,0,0,6.1,2.23,2.22,20,0.271,0,0,0,2.6,1,4.62,0.147,47.33,26.62,20.71,25.7,14.08,bolero,Lệ Quyên,0,0,0,0
SIM_02098,FAKE_CAR_0263,RAV4_20_UK_MT,Toyota,RAV4 2.0 VVT-i,2008,2,11,8.6,115,46.6,46,51.5,0.19,2969,63,13.3,9,0,0,6.3,2.23,2.22,65,0.818,0,0,0,6.36,1,4.62,0.147,50.91,39.58,11.33,20.08,14,pop,Hòa Minzy,0,0,0,0
SIM_02099,FAKE_CAR_0263,RAV4_20_UK_MT,Toyota,RAV4 2.0 VVT-i,2008,2,11,8.6,115,46.6,46,45.1,0.19,2347,61,13.3,0,5,0,3.2,2.23,2.22,35,0.617,0,0,0,3.51,1,4.62,0.147,48.31,29.63,18.68,24.58,14.07,instrumental,không rõ,0,0,0,0
SIM_02100,FAKE_CAR_0263,RAV4_20_UK_MT,Toyota,RAV4 2.0 VVT-i,2008,2,11,8.6,115,46.6,46,43.4,0.19,1603,39,13.3,0,0,15,4,2.23,2.22,50,0.709,0,0,0,4.71,1,4.62,0.147,38.62,41.63,-3.01,4.09,12.63,nhạc trẻ,Lam Trường,0,0,1,0
SIM_02101,FAKE_CAR_0263,RAV4_20_UK_MT,Toyota,RAV4 2.0 VVT-i,2008,2,11,8.6,115,46.6,46,50.3,0.19,1836,52,13.3,0,5,0,6.8,2.23,2.22,50,0.253,0,0,0,3.9,1,4.62,0.147,41.66,33.62,8.04,14.33,14.01,rock,không rõ,0,0,0,0
SIM_02102,FAKE_CAR_0263,RAV4_20_UK_MT,Toyota,RAV4 2.0 VVT-i,2008,2,11,8.6,115,46.6,46,42.4,0.19,1823,43,13.3,0,9,18,4.4,2.23,2.22,80,0.388,0,0,0,6.39,1,4.62,0.147,41.49,55.71,-14.22,-5.44,12.43,instrumental,không rõ,0,0,1,0
SIM_02103,FAKE_CAR_0263,RAV4_20_UK_MT,Toyota,RAV4 2.0 VVT-i,2008,2,11,8.6,115,46.6,46,46.5,0.19,2530,48,13.3,0,5,0,6,2.23,2.22,65,0.776,0,0,0,6.25,1,4.62,0.147,50.69,35.17,15.52,24.16,14.04,nhạc trẻ,Lam Trường,0,0,0,0
SIM_02104,FAKE_CAR_0263,RAV4_20_UK_MT,Toyota,RAV4 2.0 VVT-i,2008,2,11,8.6,115,46.6,46,41.9,0.19,1822,55,13.3,0,5,15,6.3,2.23,2.22,95,0.446,0,0,0,8.05,1,4.62,0.147,41.47,52.27,-10.8,-0.36,12.48,instrumental,không rõ,0,0,1,0
SIM_02105,FAKE_CAR_0264,MAZDA2_13_UK_MT,Mazda,Mazda2 hatchback 1.3 MZR 86ps 5 cửa,2008,1.349,6.9,5.2,85,85.1,53.6,46.3,0.68,806,0,15.4,0,11,11,5.1,3.07,2.96,65,0.779,0,0,0,6.99,0,0,0.14,28.88,49.49,-20.61,-16.69,12.25,pop,Hòa Minzy,0,0,0,0
SIM_02106,FAKE_CAR_0264,MAZDA2_13_UK_MT,Mazda,Mazda2 hatchback 1.3 MZR 86ps 5 cửa,2008,1.349,6.9,5.2,85,85.1,53.6,45.4,0.68,847,0,15.4,0,13,0,4.9,3.07,2.96,50,0.379,0,0,0,4.86,0,0,0.14,30.24,38.16,-7.92,-6.13,12.58,nhạc trẻ,Lam Trường,0,0,0,0
SIM_02107,FAKE_CAR_0264,MAZDA2_13_UK_MT,Mazda,Mazda2 hatchback 1.3 MZR 86ps 5 cửa,2008,1.349,6.9,5.2,85,85.1,53.6,38.9,0.68,2394,23,15.4,0,11,0,5.3,3.07,2.96,35,0.697,0,0,0,4.33,0,0,0.14,66.03,36.03,30,31.26,14.07,pop,Hòa Minzy,0,0,0,0
SIM_02108,FAKE_CAR_0264,MAZDA2_13_UK_MT,Mazda,Mazda2 hatchback 1.3 MZR 86ps 5 cửa,2008,1.349,6.9,5.2,85,85.1,53.6,47.9,0.68,860,0,15.4,0,9,12,5.7,3.07,2.96,10,0.531,0,0,0,3.11,0,0,0.14,30.67,45.21,-14.54,-14.5,12.41,dân ca/pop,Phương Mỹ Chi,0,0,0,0
SIM_02109,FAKE_CAR_0264,MAZDA2_13_UK_MT,Mazda,Mazda2 hatchback 1.3 MZR 86ps 5 cửa,2008,1.349,6.9,5.2,85,85.1,53.6,37.8,0.68,807,0,15.4,0,0,15,4.8,3.07,2.96,35,0.701,0,0,0,4.34,0,0,0.14,28.92,39.54,-10.62,-9.35,12.49,instrumental,không rõ,0,0,0,0
SIM_02110,FAKE_CAR_0264,MAZDA2_13_UK_MT,Mazda,Mazda2 hatchback 1.3 MZR 86ps 5 cửa,2008,1.349,6.9,5.2,85,85.1,53.6,37.6,0.68,911,0,15.4,0,0,0,6.8,3.07,2.96,20,0.535,0,0,0,3.44,0,0,0.14,32.36,25.64,6.72,7.09,14.13,nhạc trẻ,Lam Trường,0,0,0,0
SIM_02111,FAKE_CAR_0264,MAZDA2_13_UK_MT,Mazda,Mazda2 hatchback 1.3 MZR 86ps 5 cửa,2008,1.349,6.9,5.2,85,85.1,53.6,41.2,0.68,847,0,15.4,0,0,15,7.4,3.07,2.96,50,0.374,0,0,0,4.85,0,0,0.14,30.24,42.65,-12.41,-10.63,12.45,bolero,Lệ Quyên,0,0,0,0
SIM_02112,FAKE_CAR_0264,MAZDA2_13_UK_MT,Mazda,Mazda2 hatchback 1.3 MZR 86ps 5 cửa,2008,1.349,6.9,5.2,85,85.1,53.6,44.9,0.68,818,0,15.4,0,10,0,5.4,3.07,2.96,95,0.642,0,0,0,9.8,0,0,0.14,29.28,40.6,-11.32,-4.59,12.44,nhạc trẻ,Lam Trường,0,0,1,0
SIM_02113,FAKE_CAR_0265,MAZDA2_15_UK_MT,Mazda,Mazda2 hatchback 1.5 MZR 103ps,2008,1.498,7.6,5.7,100,86.9,99,57.7,0.24,1734,37,18.7,0,8,0,6,3.01,2.01,65,0.293,1,28,12.21,4.71,0,0,0.137,65.4,49.62,15.78,29.69,14.03,bolero,Lệ Quyên,0,0,0,0
SIM_02114,FAKE_CAR_0265,MAZDA2_15_UK_MT,Mazda,Mazda2 hatchback 1.5 MZR 103ps,2008,1.498,7.6,5.7,100,86.9,99,58.7,0.24,844,0,18.7,0,12,0,6.5,3.01,2.01,35,0.644,1,28,8.45,3.33,0,0,0.137,36.21,48.98,-12.77,-4,12.39,dân ca/pop,Phương Mỹ Chi,0,0,1,0
SIM_02115,FAKE_CAR_0265,MAZDA2_15_UK_MT,Mazda,Mazda2 hatchback 1.5 MZR 103ps,2008,1.498,7.6,5.7,100,86.9,99,58.3,0.24,1950,33,18.7,0,5,0,3.1,3.01,2.01,20,0.341,1,28,4.43,2.41,0,0,0.137,69.95,33.64,36.31,40.14,14.05,rock,không rõ,0,0,0,0
SIM_02116,FAKE_CAR_0265,MAZDA2_15_UK_MT,Mazda,Mazda2 hatchback 1.5 MZR 103ps,2008,1.498,7.6,5.7,100,86.9,99,48.4,0.24,2247,56,18.7,0,0,0,6.1,3.01,2.01,95,0.711,1,28,28.25,9.21,0,0,0.137,76.22,62.26,13.96,48.41,14,nhạc trẻ,Lam Trường,0,0,0,1
SIM_02117,FAKE_CAR_0265,MAZDA2_15_UK_MT,Mazda,Mazda2 hatchback 1.5 MZR 103ps,2008,1.498,7.6,5.7,100,86.9,99,49.1,0.24,1851,45,18.7,0,0,0,5.4,3.01,2.01,10,0.848,1,28,5.04,2.2,0,0,0.137,67.87,31.34,36.53,40.76,14.05,dân ca/pop,Phương Mỹ Chi,0,0,0,0
SIM_02118,FAKE_CAR_0265,MAZDA2_15_UK_MT,Mazda,Mazda2 hatchback 1.5 MZR 103ps,2008,1.498,7.6,5.7,100,86.9,99,48.2,0.24,957,0,18.7,0,5,0,3.9,3.01,2.01,50,0.634,1,28,11.97,4.37,0,0,0.137,40.7,43.94,-3.24,10.09,12.66,rock,không rõ,0,0,1,0
SIM_02119,FAKE_CAR_0265,MAZDA2_15_UK_MT,Mazda,Mazda2 hatchback 1.5 MZR 103ps,2008,1.498,7.6,5.7,100,86.9,99,46.3,0.24,2942,31,18.7,0,11,14,4.8,3.01,2.01,95,0.742,1,28,28.86,9.37,0,0,0.137,82.56,86.73,-4.17,31.05,12.73,bolero,Lệ Quyên,0,0,1,1
SIM_02120,FAKE_CAR_0265,MAZDA2_15_UK_MT,Mazda,Mazda2 hatchback 1.5 MZR 103ps,2008,1.498,7.6,5.7,100,86.9,99,56.3,0.24,1940,53,18.7,0,10,0,6.5,3.01,2.01,65,0.35,1,28,12.89,4.86,0,0,0.137,69.74,52.95,16.79,31.53,14.12,dân ca/pop,Phương Mỹ Chi,0,0,0,0
SIM_02121,FAKE_CAR_0266,HONDA_FIT15_CA_MT,Honda,Fit hatchback 1.5 DX,2008,1.5,7.1,6.5,75,89.6,80.8,49.1,0.74,2624,19,16.3,0,9,13,7,2.44,3.21,35,0.469,0,0,0,4.36,0,0,0.138,63.84,49.66,14.18,16.1,14.12,instrumental,không rõ,1,0,0,0
SIM_02122,FAKE_CAR_0266,HONDA_FIT15_CA_MT,Honda,Fit hatchback 1.5 DX,2008,1.5,7.1,6.5,75,89.6,80.8,47.2,0.74,2727,39,16.3,0,15,0,4.5,2.44,3.21,20,0.511,0,0,0,3.68,0,0,0.138,63.84,39.48,24.36,25.6,14.13,bolero,Lệ Quyên,1,0,0,0
SIM_02123,FAKE_CAR_0266,HONDA_FIT15_CA_MT,Honda,Fit hatchback 1.5 DX,2008,1.5,7.1,6.5,75,89.6,80.8,48.9,0.74,858,0,16.3,0,5,0,5.7,2.44,3.21,10,0.485,0,0,0,3.36,0,0,0.138,28.43,30.36,-1.93,-1.01,12.74,rock,không rõ,1,0,0,0
SIM_02124,FAKE_CAR_0266,HONDA_FIT15_CA_MT,Honda,Fit hatchback 1.5 DX,2008,1.5,7.1,6.5,75,89.6,80.8,45.3,0.74,2988,20,16.3,11,0,0,6.9,2.44,3.21,35,0.458,0,0,0,4.34,0,0,0.138,63.84,38.54,25.3,27.2,14.1,instrumental,không rõ,1,0,0,0
SIM_02125,FAKE_CAR_0266,HONDA_FIT15_CA_MT,Honda,Fit hatchback 1.5 DX,2008,1.5,7.1,6.5,75,89.6,80.8,42.4,0.74,2770,61,16.3,0,12,0,5.9,2.44,3.21,35,0.76,0,0,0,4.64,0,0,0.138,63.84,38.84,25,27.2,14,pop,Hòa Minzy,1,0,0,0
SIM_02126,FAKE_CAR_0266,HONDA_FIT15_CA_MT,Honda,Fit hatchback 1.5 DX,2008,1.5,7.1,6.5,75,89.6,80.8,51.8,0.74,887,0,16.3,0,15,0,3.5,2.44,3.21,50,0.26,0,0,0,4.9,0,0,0.138,29.32,39.7,-10.38,-7.92,12.48,dân ca/pop,Phương Mỹ Chi,1,0,0,0
SIM_02127,FAKE_CAR_0266,HONDA_FIT15_CA_MT,Honda,Fit hatchback 1.5 DX,2008,1.5,7.1,6.5,75,89.6,80.8,46.6,0.74,1763,34,16.3,0,14,15,6.6,2.44,3.21,65,0.425,0,0,0,6.27,0,0,0.138,51.04,58.17,-7.13,-3.3,12.63,bolero,Lệ Quyên,1,0,0,0
SIM_02128,FAKE_CAR_0266,HONDA_FIT15_CA_MT,Honda,Fit hatchback 1.5 DX,2008,1.5,7.1,6.5,75,89.6,80.8,49,0.74,950,0,16.3,0,5,0,4.1,2.44,3.21,50,0.772,0,0,0,5.81,0,0,0.138,31.26,31.21,0.05,3.42,14.05,rock,không rõ,1,1,0,0
SIM_02129,FAKE_CAR_0267,YARIS13_UK_MT,Toyota,Yaris hatchback 1.3 VVT-i,2008,1.3,7.2,6,80,46.3,93.9,33.5,0.62,2358,36,17.6,13,0,18,6,1.34,2.16,20,0.225,0,0,0,2.52,0,0,0.758,33.49,57.12,-23.63,-22.45,11.79,rock,không rõ,0,0,0,0
SIM_02130,FAKE_CAR_0267,YARIS13_UK_MT,Toyota,Yaris hatchback 1.3 VVT-i,2008,1.3,7.2,6,80,46.3,93.9,40.1,0.62,979,0,17.6,0,11,0,5.1,1.34,2.16,65,0.382,0,0,0,5.1,0,0,0.758,17.72,38.8,-21.08,-17.32,11.85,pop,Hòa Minzy,0,0,0,0
SIM_02131,FAKE_CAR_0267,YARIS13_UK_MT,Toyota,Yaris hatchback 1.3 VVT-i,2008,1.3,7.2,6,80,46.3,93.9,38.4,0.62,2359,63,17.6,0,0,0,5.9,1.34,2.16,50,0.544,0,0,0,4.36,0,0,0.758,33.5,27.86,5.64,8.66,13.73,instrumental,không rõ,0,0,0,0
SIM_02132,FAKE_CAR_0267,YARIS13_UK_MT,Toyota,Yaris hatchback 1.3 VVT-i,2008,1.3,7.2,6,80,46.3,93.9,40,0.62,2546,40,17.6,0,5,0,8.1,1.34,2.16,35,0.564,0,0,0,3.4,0,0,0.758,35.18,34.1,1.08,3.14,13.74,rock,không rõ,0,0,0,0
SIM_02133,FAKE_CAR_0267,YARIS13_UK_MT,Toyota,Yaris hatchback 1.3 VVT-i,2008,1.3,7.2,6,80,46.3,93.9,28.3,0.62,789,0,17.6,10,10,0,8,1.34,2.16,95,0.406,0,0,0,7.79,0,0,0.758,14.5,53.39,-38.89,-32.44,11.45,dân ca/pop,Phương Mỹ Chi,0,0,1,0
SIM_02134,FAKE_CAR_0267,YARIS13_UK_MT,Toyota,Yaris hatchback 1.3 VVT-i,2008,1.3,7.2,6,80,46.3,93.9,31.4,0.62,806,0,17.6,0,5,0,5.7,1.34,2.16,65,0.685,0,0,0,5.94,0,0,0.758,14.79,34.24,-19.45,-14.85,11.96,instrumental,không rõ,0,0,0,0
SIM_02135,FAKE_CAR_0267,YARIS13_UK_MT,Toyota,Yaris hatchback 1.3 VVT-i,2008,1.3,7.2,6,80,46.3,93.9,39.6,0.62,1721,60,17.6,0,15,12,5.1,1.34,2.16,95,0.33,0,0,0,7.4,0,0,0.758,27.76,57.1,-29.34,-23.28,11.6,instrumental,không rõ,0,0,1,0
SIM_02136,FAKE_CAR_0267,YARIS13_UK_MT,Toyota,Yaris hatchback 1.3 VVT-i,2008,1.3,7.2,6,80,46.3,93.9,28.2,0.62,941,0,17.6,0,5,0,7.9,1.34,2.16,80,0.293,0,0,0,5.96,0,0,0.758,17.08,36.46,-19.38,-14.76,11.96,bolero,Lệ Quyên,0,0,0,0
SIM_02137,FAKE_CAR_0268,YARIS13_UK_MM,Toyota,Yaris hatchback 1.3 VVT-i,2008,1.3,6.7,5.8,85,87.9,42.7,51.3,0.49,2034,46,14.3,10,14,10,3.2,2.82,1.62,65,0.361,0,0,0,4.5,0,0,0.091,61.67,56,5.67,7.35,14.14,rock,không rõ,0,0,0,0
SIM_02138,FAKE_CAR_0268,YARIS13_UK_MM,Toyota,Yaris hatchback 1.3 VVT-i,2008,1.3,6.7,5.8,85,87.9,42.7,51.8,0.49,2370,36,14.3,0,14,0,5,2.82,1.62,50,0.233,0,0,0,3.26,0,0,0.091,67.77,36.56,31.21,31.65,14.14,instrumental,không rõ,0,0,0,0
SIM_02139,FAKE_CAR_0268,YARIS13_UK_MM,Toyota,Yaris hatchback 1.3 VVT-i,2008,1.3,6.7,5.8,85,87.9,42.7,54.9,0.49,2894,23,14.3,0,5,9,4.6,2.82,1.62,35,0.225,0,0,0,2.52,0,0,0.091,70.98,35.42,35.56,35.26,14.04,dân ca/pop,Phương Mỹ Chi,0,0,0,0
SIM_02140,FAKE_CAR_0268,YARIS13_UK_MM,Toyota,Yaris hatchback 1.3 VVT-i,2008,1.3,6.7,5.8,85,87.9,42.7,61.3,0.49,788,0,14.3,0,16,0,5.2,2.82,1.62,65,0.678,0,0,0,5.38,0,0,0.091,29.22,40.88,-11.66,-9.1,12.44,nhạc trẻ,Lam Trường,0,0,0,0
SIM_02141,FAKE_CAR_0268,YARIS13_UK_MM,Toyota,Yaris hatchback 1.3 VVT-i,2008,1.3,6.7,5.8,85,87.9,42.7,54.8,0.49,886,0,14.3,0,13,0,4.8,2.82,1.62,10,0.208,0,0,0,1.73,0,0,0.091,32.57,33.83,-1.26,-2.35,12.71,nhạc trẻ,Lam Trường,0,0,0,0
SIM_02142,FAKE_CAR_0268,YARIS13_UK_MM,Toyota,Yaris hatchback 1.3 VVT-i,2008,1.3,6.7,5.8,85,87.9,42.7,54.5,0.49,866,0,14.3,0,0,0,3.3,2.82,1.62,20,0.751,0,0,0,2.19,0,0,0.091,31.88,19.79,12.09,11.46,14.11,pop,Hòa Minzy,0,0,0,0
SIM_02143,FAKE_CAR_0268,YARIS13_UK_MM,Toyota,Yaris hatchback 1.3 VVT-i,2008,1.3,6.7,5.8,85,87.9,42.7,57.5,0.49,931,0,14.3,0,0,0,3.1,2.82,1.62,95,0.28,0,0,0,6.6,0,0,0.091,34.1,24,10.1,13.88,14.04,rock,không rõ,0,0,0,0
SIM_02144,FAKE_CAR_0268,YARIS13_UK_MM,Toyota,Yaris hatchback 1.3 VVT-i,2008,1.3,6.7,5.8,85,87.9,42.7,60.3,0.49,865,0,14.3,0,14,0,5.5,2.82,1.62,50,0.86,0,0,0,4.38,0,0,0.091,31.85,38.18,-6.33,-4.77,12.6,dân ca/pop,Phương Mỹ Chi,0,0,0,0
SIM_02145,FAKE_CAR_0269,YARIS13_NCP_2NZ,Toyota,Yaris 1.3 NCP9# / 2NZ-FE,2008,1.3,,,80,96.8,44.5,34.8,0.68,971,0,17.5,0,5,0,5.5,2.27,2.31,10,0.845,0,0,0,2.5,0,0,0.083,36.76,30.5,6.26,6.49,14.05,instrumental,không rõ,0,0,0,0
SIM_02146,FAKE_CAR_0269,YARIS13_NCP_2NZ,Toyota,Yaris 1.3 NCP9# / 2NZ-FE,2008,1.3,,,80,96.8,44.5,41.4,0.68,825,0,17.5,13,13,14,6.2,2.27,2.31,65,0.335,0,0,0,5.12,0,0,0.083,31.6,68.82,-37.22,-34.37,11.85,dân ca/pop,Phương Mỹ Chi,0,0,0,0
SIM_02147,FAKE_CAR_0269,YARIS13_NCP_2NZ,Toyota,Yaris 1.3 NCP9# / 2NZ-FE,2008,1.3,,,80,96.8,44.5,35.2,0.68,952,0,17.5,8,10,0,6.4,2.27,2.31,10,0.65,0,0,0,2.48,0,0,0.083,36.09,44.38,-8.29,-8.08,12.64,dân ca/pop,Phương Mỹ Chi,0,0,0,0
SIM_02148,FAKE_CAR_0269,YARIS13_NCP_2NZ,Toyota,Yaris 1.3 NCP9# / 2NZ-FE,2008,1.3,,,80,96.8,44.5,35.1,0.68,776,0,17.5,0,9,0,4.2,2.27,2.31,10,0.744,0,0,0,2.49,0,0,0.083,29.86,33.19,-3.33,-3.11,12.72,dân ca/pop,Phương Mỹ Chi,0,0,0,0
SIM_02149,FAKE_CAR_0269,YARIS13_NCP_2NZ,Toyota,Yaris 1.3 NCP9# / 2NZ-FE,2008,1.3,,,80,96.8,44.5,38.4,0.68,974,0,17.5,0,5,16,5,2.27,2.31,95,0.703,0,0,0,9.46,0,0,0.083,36.87,52.96,-16.09,-8.9,12.34,rock,không rõ,0,0,1,0
SIM_02150,FAKE_CAR_0269,YARIS13_NCP_2NZ,Toyota,Yaris 1.3 NCP9# / 2NZ-FE,2008,1.3,,,80,96.8,44.5,41.3,0.68,898,0,17.5,12,12,10,5.6,2.27,2.31,95,0.303,0,0,0,7.41,0,0,0.083,34.18,64.51,-30.33,-25.19,12.09,bolero,Lệ Quyên,0,0,1,0
SIM_02151,FAKE_CAR_0269,YARIS13_NCP_2NZ,Toyota,Yaris 1.3 NCP9# / 2NZ-FE,2008,1.3,,,80,96.8,44.5,38,0.68,2514,41,17.5,12,0,0,5.3,2.27,2.31,65,0.25,0,0,0,4.89,0,0,0.083,72.95,39.69,33.26,35.88,14.14,bolero,Lệ Quyên,0,0,0,0
SIM_02152,FAKE_CAR_0269,YARIS13_NCP_2NZ,Toyota,Yaris 1.3 NCP9# / 2NZ-FE,2008,1.3,,,80,96.8,44.5,40.6,0.68,906,0,17.5,0,5,0,5.6,2.27,2.31,95,0.215,0,0,0,6.95,0,0,0.083,34.46,35.05,-0.59,4.09,12.77,dân ca/pop,Phương Mỹ Chi,0,0,0,0
SIM_02153,FAKE_CAR_0270,YARIS15_CA_MT,Toyota,Yaris hatchback 1.5,2008,1.5,7,6.3,90,92.3,91.6,67.3,0.79,804,0,14,11,11,15,1.9,1.39,3.2,80,0.816,0,0,0,9.03,0,0,0.062,33.1,61.93,-28.83,-21.19,12.08,rock,không rõ,0,0,1,0
SIM_02154,FAKE_CAR_0270,YARIS15_CA_MT,Toyota,Yaris hatchback 1.5,2008,1.5,7,6.3,90,92.3,91.6,66.7,0.79,739,0,14,0,0,14,1.7,1.39,3.2,10,0.252,0,0,0,3.32,0,0,0.062,30.63,33.02,-2.39,-0.46,12.79,instrumental,không rõ,0,0,0,0
SIM_02155,FAKE_CAR_0270,YARIS15_CA_MT,Toyota,Yaris hatchback 1.5,2008,1.5,7,6.3,90,92.3,91.6,64.8,0.79,843,0,14,9,5,13,2.1,1.39,3.2,95,0.283,0,0,0,8.19,0,0,0.062,34.58,51.29,-16.71,-9.91,12.43,pop,Hòa Minzy,0,0,1,0
SIM_02156,FAKE_CAR_0270,YARIS15_CA_MT,Toyota,Yaris hatchback 1.5,2008,1.5,7,6.3,90,92.3,91.6,69.9,0.79,929,0,14,0,12,15,5.5,1.39,3.2,80,0.352,0,0,0,7.23,0,0,0.062,37.84,53.73,-15.89,-10.05,12.48,bolero,Lệ Quyên,0,0,1,0
SIM_02157,FAKE_CAR_0270,YARIS15_CA_MT,Toyota,Yaris hatchback 1.5,2008,1.5,7,6.3,90,92.3,91.6,71.4,0.79,2607,28,14,0,0,0,4.4,1.39,3.2,65,0.447,0,0,0,6.32,0,0,0.062,78.92,24.72,54.2,59.13,14.07,instrumental,không rõ,0,0,0,0
SIM_02158,FAKE_CAR_0270,YARIS15_CA_MT,Toyota,Yaris hatchback 1.5,2008,1.5,7,6.3,90,92.3,91.6,63.1,0.79,792,0,14,0,5,0,3.3,1.39,3.2,50,0.677,0,0,0,5.63,0,0,0.062,32.64,27.93,4.71,8.95,14.17,nhạc trẻ,Lam Trường,0,0,0,0
SIM_02159,FAKE_CAR_0270,YARIS15_CA_MT,Toyota,Yaris hatchback 1.5,2008,1.5,7,6.3,90,92.3,91.6,62.6,0.79,2052,54,14,0,0,0,4.8,1.39,3.2,10,0.839,0,0,0,3.39,0,0,0.062,68.93,22.19,46.74,48.74,14.13,bolero,Lệ Quyên,0,0,0,0
SIM_02160,FAKE_CAR_0270,YARIS15_CA_MT,Toyota,Yaris hatchback 1.5,2008,1.5,7,6.3,90,92.3,91.6,69,0.79,1766,44,14,11,0,0,3,1.39,3.2,10,0.689,0,0,0,3.37,0,0,0.062,63.16,31.37,31.79,33.77,14.16,nhạc trẻ,Lam Trường,0,0,0,0
SIM_02161,FAKE_CAR_0271,YARIS15_CA_AT,Toyota,Yaris hatchback 1.5,2008,1.5,7,6.4,90,67.1,81.1,63.7,0.69,748,0,22.3,0,0,15,4.9,1.98,3.1,35,0.777,0,0,0,4.55,0,0,0.148,22.51,46.75,-24.24,-21.67,12.21,bolero,Lệ Quyên,0,0,0,0
SIM_02162,FAKE_CAR_0271,YARIS15_CA_AT,Toyota,Yaris hatchback 1.5,2008,1.5,7,6.4,90,67.1,81.1,72.1,0.69,2340,21,22.3,0,0,0,2.1,1.98,3.1,65,0.695,0,0,0,6.9,0,0,0.148,54.33,31.3,23.03,27.95,14.06,nhạc trẻ,Lam Trường,0,0,0,0
SIM_02163,FAKE_CAR_0271,YARIS15_CA_AT,Toyota,Yaris hatchback 1.5,2008,1.5,7,6.4,90,67.1,81.1,71.2,0.69,999,0,22.3,0,0,0,4.5,1.98,3.1,35,0.865,0,0,0,4.64,0,0,0.148,29.44,31.44,-2,0.66,12.7,instrumental,không rõ,0,0,0,0
SIM_02164,FAKE_CAR_0271,YARIS15_CA_AT,Toyota,Yaris hatchback 1.5,2008,1.5,7,6.4,90,67.1,81.1,68.9,0.69,999,0,22.3,0,0,13,5.5,1.98,3.1,65,0.561,0,0,0,6.53,0,0,0.148,29.44,47.33,-17.89,-13.34,12.31,rock,không rõ,0,0,0,0
SIM_02165,FAKE_CAR_0271,YARIS15_CA_AT,Toyota,Yaris hatchback 1.5,2008,1.5,7,6.4,90,67.1,81.1,65.3,0.69,2358,55,22.3,0,13,0,3,1.98,3.1,80,0.726,0,0,0,8.58,0,0,0.148,54.6,46.88,7.72,14.32,14.02,bolero,Lệ Quyên,0,0,0,0
SIM_02166,FAKE_CAR_0271,YARIS15_CA_AT,Toyota,Yaris hatchback 1.5,2008,1.5,7,6.4,90,67.1,81.1,66.2,0.69,775,0,22.3,0,5,10,3.6,1.98,3.1,35,0.695,0,0,0,4.47,0,0,0.148,23.26,45.37,-22.11,-19.62,12.23,instrumental,không rõ,0,0,0,0
SIM_02167,FAKE_CAR_0271,YARIS15_CA_AT,Toyota,Yaris hatchback 1.5,2008,1.5,7,6.4,90,67.1,81.1,68.3,0.69,837,0,22.3,0,10,0,2.6,1.98,3.1,10,0.845,0,0,0,3.29,0,0,0.148,24.97,38.19,-13.22,-11.91,12.44,bolero,Lệ Quyên,0,0,0,0
SIM_02168,FAKE_CAR_0271,YARIS15_CA_AT,Toyota,Yaris hatchback 1.5,2008,1.5,7,6.4,90,67.1,81.1,66.2,0.69,971,0,22.3,0,13,0,2.9,1.98,3.1,35,0.295,0,0,0,4.07,0,0,0.148,28.67,42.27,-13.6,-11.51,12.43,rock,không rõ,0,0,0,0
SIM_02169,FAKE_CAR_0272,YARIS10_UK_MT,Toyota,Yaris hatchback 1.0 VVT-i,2008,1,6.4,5.4,70,72.3,94,32.4,0.66,1735,53,20.9,0,0,0,5.8,2.79,2.29,50,0.81,0,0,0,4.96,0,0,0.109,38.1,31.66,6.44,8.61,14.04,bolero,Lệ Quyên,0,0,0,0
SIM_02170,FAKE_CAR_0272,YARIS10_UK_MT,Toyota,Yaris hatchback 1.0 VVT-i,2008,1,6.4,5.4,70,72.3,94,29.2,0.66,757,0,20.9,10,15,0,5.8,2.79,2.29,65,0.281,0,0,0,4.95,0,0,0.109,19.08,56.65,-37.57,-35.41,11.86,nhạc trẻ,Lam Trường,0,0,0,0
SIM_02171,FAKE_CAR_0272,YARIS10_UK_MT,Toyota,Yaris hatchback 1.0 VVT-i,2008,1,6.4,5.4,70,72.3,94,37,0.66,2772,35,20.9,0,8,0,7.6,2.79,2.29,20,0.407,0,0,0,2.72,0,0,0.109,48.08,39.22,8.86,8.79,14.11,pop,Hòa Minzy,0,0,0,0
SIM_02172,FAKE_CAR_0272,YARIS10_UK_MT,Toyota,Yaris hatchback 1.0 VVT-i,2008,1,6.4,5.4,70,72.3,94,31.8,0.66,1684,46,20.9,0,12,0,6.6,2.79,2.29,50,0.854,0,0,0,5.04,0,0,0.109,37.47,44.54,-7.07,-4.82,12.66,rock,không rõ,0,0,0,0
SIM_02173,FAKE_CAR_0272,YARIS10_UK_MT,Toyota,Yaris hatchback 1.0 VVT-i,2008,1,6.4,5.4,70,72.3,94,25.4,0.66,720,0,20.9,0,8,0,7.2,2.79,2.29,80,0.725,0,0,0,7.76,0,0,0.109,18.22,43.86,-25.64,-20.67,12.08,dân ca/pop,Phương Mỹ Chi,0,0,0,0
SIM_02174,FAKE_CAR_0272,YARIS10_UK_MT,Toyota,Yaris hatchback 1.0 VVT-i,2008,1,6.4,5.4,70,72.3,94,31.5,0.66,973,0,20.9,14,15,10,5.1,2.79,2.29,65,0.556,0,0,0,5.71,0,0,0.109,24.07,70.71,-46.64,-43.72,11.61,bolero,Lệ Quyên,0,0,0,0
SIM_02175,FAKE_CAR_0272,YARIS10_UK_MT,Toyota,Yaris hatchback 1.0 VVT-i,2008,1,6.4,5.4,70,72.3,94,26.3,0.66,757,0,20.9,0,5,0,5.7,2.79,2.29,20,0.755,0,0,0,2.86,0,0,0.109,19.08,34.46,-15.38,-15.31,12.41,dân ca/pop,Phương Mỹ Chi,0,0,0,0
SIM_02176,FAKE_CAR_0272,YARIS10_UK_MT,Toyota,Yaris hatchback 1.0 VVT-i,2008,1,6.4,5.4,70,72.3,94,30.4,0.66,867,0,20.9,0,10,11,5.5,2.79,2.29,65,0.844,0,0,0,6.5,0,0,0.109,21.62,53.9,-32.28,-28.57,12.02,instrumental,không rõ,0,0,0,0
SIM_02177,FAKE_CAR_0273,AYGO10_UK_MT,Toyota,Aygo hatchback 1.0 VVT-i,2008,1,5.5,4.6,65,92.5,50.4,53.5,0.77,2433,14,19.3,0,9,0,5.2,2.38,3.02,35,0.365,0,0,0,4.06,0,0,0.078,55.45,37.56,17.89,19.57,14.15,instrumental,không rõ,0,0,0,0
SIM_02178,FAKE_CAR_0273,AYGO10_UK_MT,Toyota,Aygo hatchback 1.0 VVT-i,2008,1,5.5,4.6,65,92.5,50.4,55.9,0.77,982,0,19.3,0,9,0,2.5,2.38,3.02,50,0.78,0,0,0,5.64,0,0,0.078,28.85,36.44,-7.59,-4.33,12.63,nhạc trẻ,Lam Trường,0,0,0,0
SIM_02179,FAKE_CAR_0273,AYGO10_UK_MT,Toyota,Aygo hatchback 1.0 VVT-i,2008,1,5.5,4.6,65,92.5,50.4,58,0.77,2556,24,19.3,0,15,0,3,2.38,3.02,35,0.798,0,0,0,4.49,0,0,0.078,57.12,41.79,15.33,17.44,14.16,rock,không rõ,0,0,0,0
SIM_02180,FAKE_CAR_0273,AYGO10_UK_MT,Toyota,Aygo hatchback 1.0 VVT-i,2008,1,5.5,4.6,65,92.5,50.4,52.5,0.77,952,0,19.3,0,0,15,6,2.38,3.02,50,0.248,0,0,0,4.69,0,0,0.078,28.02,44.99,-16.97,-14.66,12.44,bolero,Lệ Quyên,0,0,0,0
SIM_02181,FAKE_CAR_0273,AYGO10_UK_MT,Toyota,Aygo hatchback 1.0 VVT-i,2008,1,5.5,4.6,65,92.5,50.4,57.9,0.77,776,0,19.3,0,11,0,5.9,2.38,3.02,20,0.548,0,0,0,3.51,0,0,0.078,23.18,39.71,-16.53,-15.4,12.44,dân ca/pop,Phương Mỹ Chi,0,0,0,0
SIM_02182,FAKE_CAR_0273,AYGO10_UK_MT,Toyota,Aygo hatchback 1.0 VVT-i,2008,1,5.5,4.6,65,92.5,50.4,55.5,0.77,2172,20,19.3,0,12,0,5.9,2.38,3.02,35,0.673,0,0,0,4.37,0,0,0.078,51.64,41.57,10.07,12.06,14.11,pop,Hòa Minzy,0,0,0,0
SIM_02183,FAKE_CAR_0273,AYGO10_UK_MT,Toyota,Aygo hatchback 1.0 VVT-i,2008,1,5.5,4.6,65,92.5,50.4,64.9,0.77,2652,29,19.3,0,14,0,5,2.38,3.02,80,0.452,0,0,0,7.44,0,0,0.078,57.12,45.74,11.38,16.44,14.07,instrumental,không rõ,0,0,0,0
SIM_02184,FAKE_CAR_0273,AYGO10_UK_MT,Toyota,Aygo hatchback 1.0 VVT-i,2008,1,5.5,4.6,65,92.5,50.4,62.6,0.77,773,0,19.3,0,16,0,3.2,2.38,3.02,65,0.435,0,0,0,6.11,0,0,0.078,23.1,44.61,-21.51,-17.78,12.33,dân ca/pop,Phương Mỹ Chi,0,0,0,0
SIM_02185,FAKE_CAR_0274,AURIS14_UK_MT,Toyota,Auris hatchback 1.4 VVT-i,2008,1.4,8.7,6.9,90,97.1,86.4,44.2,0.52,797,0,15,0,10,0,3.8,2.53,3.11,10,0.869,0,0,0,3.31,1,11.94,0.107,34.54,44.05,-9.51,3.21,12.58,rock,không rõ,0,0,1,0
SIM_02186,FAKE_CAR_0274,AURIS14_UK_MT,Toyota,Auris hatchback 1.4 VVT-i,2008,1.4,8.7,6.9,90,97.1,86.4,43.8,0.52,734,0,15,11,15,0,6.1,2.53,3.11,65,0.202,0,0,0,5.56,1,11.94,0.107,32.02,64.6,-32.58,-17.61,12.03,nhạc trẻ,Lam Trường,0,0,1,0
SIM_02187,FAKE_CAR_0274,AURIS14_UK_MT,Toyota,Auris hatchback 1.4 VVT-i,2008,1.4,8.7,6.9,90,97.1,86.4,42.9,0.52,739,0,15,0,5,0,5.3,2.53,3.11,35,0.535,0,0,0,4.32,1,11.94,0.107,32.22,41.56,-9.34,4.39,12.6,nhạc trẻ,Lam Trường,0,0,1,0
SIM_02188,FAKE_CAR_0274,AURIS14_UK_MT,Toyota,Auris hatchback 1.4 VVT-i,2008,1.4,8.7,6.9,90,97.1,86.4,44.2,0.52,968,0,15,0,16,0,6.3,2.53,3.11,50,0.729,0,0,0,5.64,1,11.94,0.107,41.37,54.88,-13.51,1.54,12.4,nhạc trẻ,Lam Trường,0,0,1,0
SIM_02189,FAKE_CAR_0274,AURIS14_UK_MT,Toyota,Auris hatchback 1.4 VVT-i,2008,1.4,8.7,6.9,90,97.1,86.4,52.6,0.52,2336,53,15,0,0,18,6.3,2.53,3.11,95,0.764,0,0,0,10,1,11.94,0.107,78.54,61.24,17.3,36.71,14.07,pop,Hòa Minzy,0,0,0,0
SIM_02190,FAKE_CAR_0274,AURIS14_UK_MT,Toyota,Auris hatchback 1.4 VVT-i,2008,1.4,8.7,6.9,90,97.1,86.4,52.8,0.52,1944,58,15,11,5,0,4,2.53,3.11,95,0.49,0,0,0,9.17,1,11.94,0.107,70.22,56.11,14.11,32.69,14.03,nhạc trẻ,Lam Trường,0,0,0,0
SIM_02191,FAKE_CAR_0274,AURIS14_UK_MT,Toyota,Auris hatchback 1.4 VVT-i,2008,1.4,8.7,6.9,90,97.1,86.4,45.7,0.52,2518,43,15,0,8,18,3.3,2.53,3.11,35,0.737,0,0,0,4.52,1,11.94,0.107,82.4,60.76,21.64,35.57,14.05,pop,Hòa Minzy,0,0,0,0
SIM_02192,FAKE_CAR_0274,AURIS14_UK_MT,Toyota,Auris hatchback 1.4 VVT-i,2008,1.4,8.7,6.9,90,97.1,86.4,42.1,0.52,2197,44,15,0,5,18,5.3,2.53,3.11,35,0.529,0,0,0,4.32,1,11.94,0.107,75.59,59.56,16.03,29.76,14.1,instrumental,không rõ,0,0,0,0
SIM_02193,FAKE_CAR_0275,AURIS16_UK_MT,Toyota,Auris hatchback 1.6 VVT-i,2008,1.6,9,7.1,105,94.4,78.4,51.6,0.51,2114,53,16,0,0,11,6.7,2.1,1.78,65,0.822,0,0,0,5.93,0,0,0.081,83.74,39.63,44.11,47.94,14.12,nhạc trẻ,Lam Trường,0,0,0,0
SIM_02194,FAKE_CAR_0275,AURIS16_UK_MT,Toyota,Auris hatchback 1.6 VVT-i,2008,1.6,9,7.1,105,94.4,78.4,51,0.51,822,0,16,11,11,17,5,2.1,1.78,65,0.392,0,0,0,4.75,0,0,0.081,40.31,64.75,-24.44,-21.79,12.22,rock,không rõ,0,0,0,0
SIM_02195,FAKE_CAR_0275,AURIS16_UK_MT,Toyota,Auris hatchback 1.6 VVT-i,2008,1.6,9,7.1,105,94.4,78.4,54.4,0.51,984,0,16,0,9,0,3.3,2.1,1.78,20,0.541,0,0,0,2.26,0,0,0.081,47.65,30.56,17.09,17.25,14.1,nhạc trẻ,Lam Trường,0,0,0,0
SIM_02196,FAKE_CAR_0275,AURIS16_UK_MT,Toyota,Auris hatchback 1.6 VVT-i,2008,1.6,9,7.1,105,94.4,78.4,52.5,0.51,2372,62,16,0,8,0,4.1,2.1,1.78,65,0.217,0,0,0,4.27,0,0,0.081,89.95,32.37,57.58,59.75,14.07,instrumental,không rõ,0,0,0,0
SIM_02197,FAKE_CAR_0275,AURIS16_UK_MT,Toyota,Auris hatchback 1.6 VVT-i,2008,1.6,9,7.1,105,94.4,78.4,52.5,0.51,734,0,16,0,15,0,5.5,2.1,1.78,10,0.859,0,0,0,1.97,0,0,0.081,36.32,38.47,-2.15,-2.28,12.7,instrumental,không rõ,0,0,0,0
SIM_02198,FAKE_CAR_0275,AURIS16_UK_MT,Toyota,Auris hatchback 1.6 VVT-i,2008,1.6,9,7.1,105,94.4,78.4,44,0.51,987,0,16,0,8,16,3.7,2.1,1.78,80,0.555,0,0,0,6.59,0,0,0.081,47.78,50.29,-2.51,1.98,12.69,bolero,Lệ Quyên,0,0,0,0
SIM_02199,FAKE_CAR_0275,AURIS16_UK_MT,Toyota,Auris hatchback 1.6 VVT-i,2008,1.6,9,7.1,105,94.4,78.4,46.6,0.51,941,0,16,8,14,13,5.4,2.1,1.78,80,0.821,0,0,0,7.63,0,0,0.081,45.7,64.03,-18.33,-12.8,12.31,bolero,Lệ Quyên,0,0,1,0
SIM_02200,FAKE_CAR_0275,AURIS16_UK_MT,Toyota,Auris hatchback 1.6 VVT-i,2008,1.6,9,7.1,105,94.4,78.4,55.5,0.51,2402,54,16,0,12,12,5.5,2.1,1.78,95,0.332,0,0,0,7.03,0,0,0.081,90.67,52.53,38.14,43.07,14.13,pop,Hòa Minzy,0,0,0,0
SIM_02201,FAKE_CAR_0276,AVENSIS18_UK_MT,Toyota,Avensis sedan/hatch 1.8 VVT-i,2008,1.8,9.4,7.2,110,89,62.3,31.6,0.24,2626,15,22.5,0,5,0,7.9,2.74,2.26,65,0.73,1,55,34.21,6.16,0,0,0.112,93,75.77,17.23,54.86,14.12,pop,Hòa Minzy,0,0,0,0
SIM_02202,FAKE_CAR_0276,AVENSIS18_UK_MT,Toyota,Avensis sedan/hatch 1.8 VVT-i,2008,1.8,9.4,7.2,110,89,62.3,34.2,0.24,2935,16,22.5,0,0,16,7.2,2.74,2.26,20,0.257,1,55,8.02,2.63,0,0,0.112,93,56.35,36.65,44.56,14.15,bolero,Lệ Quyên,0,0,0,0
SIM_02203,FAKE_CAR_0276,AVENSIS18_UK_MT,Toyota,Avensis sedan/hatch 1.8 VVT-i,2008,1.8,9.4,7.2,110,89,62.3,33,0.24,2865,51,22.5,0,0,0,5.2,2.74,2.26,95,0.707,1,55,55.34,9.44,0,0,0.112,93,92.48,0.52,62.56,14.04,instrumental,không rõ,0,0,0,0
SIM_02204,FAKE_CAR_0276,AVENSIS18_UK_MT,Toyota,Avensis sedan/hatch 1.8 VVT-i,2008,1.8,9.4,7.2,110,89,62.3,33.9,0.24,2405,54,22.5,0,5,0,6.6,2.74,2.26,80,0.373,1,55,33.72,6.37,0,0,0.112,89.63,74.19,15.44,52.79,14.14,nhạc trẻ,Lam Trường,0,0,0,0
SIM_02205,FAKE_CAR_0276,AVENSIS18_UK_MT,Toyota,Avensis sedan/hatch 1.8 VVT-i,2008,1.8,9.4,7.2,110,89,62.3,23.3,0.24,2503,55,22.5,0,0,0,6.8,2.74,2.26,50,0.746,1,55,25.45,4.82,0,0,0.112,91.96,59.57,32.39,59.92,14.06,instrumental,không rõ,0,0,0,0
SIM_02206,FAKE_CAR_0276,AVENSIS18_UK_MT,Toyota,Avensis sedan/hatch 1.8 VVT-i,2008,1.8,9.4,7.2,110,89,62.3,24.3,0.24,2794,47,22.5,14,11,0,7.3,2.74,2.26,80,0.48,1,55,36.98,6.78,0,0,0.112,93,98.56,-5.56,35.46,12.58,bolero,Lệ Quyên,0,0,1,0
SIM_02207,FAKE_CAR_0276,AVENSIS18_UK_MT,Toyota,Avensis sedan/hatch 1.8 VVT-i,2008,1.8,9.4,7.2,110,89,62.3,25.4,0.24,2662,41,22.5,0,13,0,7.6,2.74,2.26,20,0.455,1,55,9.62,2.71,0,0,0.112,93,55.43,37.57,47.16,14.1,pop,Hòa Minzy,0,0,0,0
SIM_02208,FAKE_CAR_0276,AVENSIS18_UK_MT,Toyota,Avensis sedan/hatch 1.8 VVT-i,2008,1.8,9.4,7.2,110,89,62.3,32.4,0.24,2968,28,22.5,0,0,0,7.1,2.74,2.26,65,0.603,1,55,31.24,5.81,0,0,0.112,93,66.65,26.35,60.66,14.04,rock,không rõ,0,0,0,0
SIM_02209,FAKE_CAR_0277,RAV4_20_UK_MT,Toyota,RAV4 2.0 VVT-i,2008,2,11,8.6,120,98.6,78.3,63.8,0.6,1716,62,22.6,12,13,0,4.3,2.8,2.77,20,0.379,1,90,14.73,3.19,0,0,0.127,88.52,69.82,18.7,33.82,14.07,dân ca/pop,Phương Mỹ Chi,0,0,0,0
SIM_02210,FAKE_CAR_0277,RAV4_20_UK_MT,Toyota,RAV4 2.0 VVT-i,2008,2,11,8.6,120,98.6,78.3,65.3,0.6,750,0,22.6,0,9,0,5.4,2.8,2.77,10,0.782,1,90,15.53,2.95,0,0,0.127,44.22,55.48,-11.26,4.42,12.54,dân ca/pop,Phương Mỹ Chi,0,0,1,0
SIM_02211,FAKE_CAR_0277,RAV4_20_UK_MT,Toyota,RAV4 2.0 VVT-i,2008,2,11,8.6,120,98.6,78.3,66.3,0.6,2198,24,22.6,0,0,0,3.7,2.8,2.77,20,0.222,1,90,12.65,3.13,0,0,0.127,102.37,42.08,60.29,73.27,14.11,dân ca/pop,Phương Mỹ Chi,0,0,0,0
SIM_02212,FAKE_CAR_0277,RAV4_20_UK_MT,Toyota,RAV4 2.0 VVT-i,2008,2,11,8.6,120,98.6,78.3,72.7,0.6,759,0,22.6,0,5,0,3.9,2.8,2.77,50,0.229,1,90,27.09,4.41,0,0,0.127,44.7,63,-18.3,10.4,12.27,rock,không rõ,0,0,1,1
SIM_02213,FAKE_CAR_0277,RAV4_20_UK_MT,Toyota,RAV4 2.0 VVT-i,2008,2,11,8.6,120,98.6,78.3,63.6,0.6,959,0,22.6,10,11,0,4.9,2.8,2.77,35,0.263,1,90,19.65,3.71,0,0,0.127,55.52,71.86,-16.34,4.22,12.34,dân ca/pop,Phương Mỹ Chi,0,0,1,1
SIM_02214,FAKE_CAR_0277,RAV4_20_UK_MT,Toyota,RAV4 2.0 VVT-i,2008,2,11,8.6,120,98.6,78.3,62.7,0.6,725,0,22.6,9,0,0,3.9,2.8,2.77,35,0.864,1,90,31.5,4.31,0,0,0.127,42.87,71.31,-28.44,4.57,12,instrumental,không rõ,0,0,1,1
SIM_02215,FAKE_CAR_0277,RAV4_20_UK_MT,Toyota,RAV4 2.0 VVT-i,2008,2,11,8.6,120,98.6,78.3,68.9,0.6,829,0,22.6,0,12,15,2.3,2.8,2.77,35,0.201,1,90,18.43,3.65,0,0,0.127,48.49,73.98,-25.49,-6.21,12.1,bolero,Lệ Quyên,0,0,1,0
SIM_02216,FAKE_CAR_0277,RAV4_20_UK_MT,Toyota,RAV4 2.0 VVT-i,2008,2,11,8.6,120,98.6,78.3,66.9,0.6,996,0,22.6,14,5,0,4.1,2.8,2.77,65,0.335,1,90,40.87,5.58,0,0,0.127,57.52,92.15,-34.63,9.02,11.91,instrumental,không rõ,0,0,1,1
SIM_02217,FAKE_CAR_0278,MAZDA2_13_UK_MT,Mazda,Mazda2 hatchback 1.3 MZR 86ps 5 cửa,2008,1.349,6.9,5.2,90,96.1,61.5,54.1,0.19,932,0,20.3,0,0,11,4.9,2.82,2.86,80,0.565,0,0,0,7.71,0,0,0.005,39.52,43.91,-4.39,0.5,12.74,rock,không rõ,0,0,1,0
SIM_02218,FAKE_CAR_0278,MAZDA2_13_UK_MT,Mazda,Mazda2 hatchback 1.3 MZR 86ps 5 cửa,2008,1.349,6.9,5.2,90,96.1,61.5,56,0.19,809,0,20.3,0,14,0,5.9,2.82,2.86,50,0.567,0,0,0,5.1,0,0,0.005,34.66,45.3,-10.64,-8.36,12.55,nhạc trẻ,Lam Trường,0,0,0,0
SIM_02219,FAKE_CAR_0278,MAZDA2_13_UK_MT,Mazda,Mazda2 hatchback 1.3 MZR 86ps 5 cửa,2008,1.349,6.9,5.2,90,96.1,61.5,56.6,0.19,2979,38,20.3,0,15,17,5.5,2.82,2.86,20,0.67,0,0,0,3.39,0,0,0.005,82.17,61.19,20.98,21.55,14.21,dân ca/pop,Phương Mỹ Chi,0,0,0,0
SIM_02220,FAKE_CAR_0278,MAZDA2_13_UK_MT,Mazda,Mazda2 hatchback 1.3 MZR 86ps 5 cửa,2008,1.349,6.9,5.2,90,96.1,61.5,51.2,0.19,2843,12,20.3,14,0,18,2.8,2.82,2.86,35,0.298,0,0,0,3.84,0,0,0.005,82.17,58.94,23.23,24.25,14.09,nhạc trẻ,Lam Trường,0,0,0,0
SIM_02221,FAKE_CAR_0278,MAZDA2_13_UK_MT,Mazda,Mazda2 hatchback 1.3 MZR 86ps 5 cửa,2008,1.349,6.9,5.2,90,96.1,61.5,56.1,0.19,2416,51,20.3,0,10,0,3.5,2.82,2.86,20,0.28,0,0,0,3.24,0,0,0.005,79.41,37.04,42.37,42.79,14.14,dân ca/pop,Phương Mỹ Chi,0,0,0,0
SIM_02222,FAKE_CAR_0278,MAZDA2_13_UK_MT,Mazda,Mazda2 hatchback 1.3 MZR 86ps 5 cửa,2008,1.349,6.9,5.2,90,96.1,61.5,50.8,0.19,1889,29,20.3,0,0,12,4.2,2.82,2.86,35,0.564,0,0,0,4.1,0,0,0.005,68.34,40.6,27.74,29.02,14.16,rock,không rõ,0,0,0,0
SIM_02223,FAKE_CAR_0278,MAZDA2_13_UK_MT,Mazda,Mazda2 hatchback 1.3 MZR 86ps 5 cửa,2008,1.349,6.9,5.2,90,96.1,61.5,55.8,0.19,868,0,20.3,0,0,0,5.8,2.82,2.86,20,0.417,0,0,0,3.29,0,0,0.005,36.99,29.39,7.6,8.07,14.1,nhạc trẻ,Lam Trường,0,0,0,0
SIM_02224,FAKE_CAR_0278,MAZDA2_13_UK_MT,Mazda,Mazda2 hatchback 1.3 MZR 86ps 5 cửa,2008,1.349,6.9,5.2,90,96.1,61.5,61.3,0.19,2616,15,20.3,0,13,0,6,2.82,2.86,35,0.85,0,0,0,4.38,0,0,0.005,82.17,43.68,38.49,40.05,14.11,bolero,Lệ Quyên,0,0,0,0
SIM_02225,FAKE_CAR_0279,MAZDA2_15_UK_MT,Mazda,Mazda2 hatchback 1.5 MZR 103ps,2008,1.498,7.6,5.7,100,65.2,97.8,30,0.75,793,0,20.9,0,12,11,4.6,2.74,2.11,80,0.801,0,0,0,7.88,1,7.77,0.066,25.65,64.15,-38.5,-25.59,11.88,bolero,Lệ Quyên,0,0,1,0
SIM_02226,FAKE_CAR_0279,MAZDA2_15_UK_MT,Mazda,Mazda2 hatchback 1.5 MZR 103ps,2008,1.498,7.6,5.7,100,65.2,97.8,39.1,0.75,745,0,20.9,0,0,0,8,2.74,2.11,80,0.865,0,0,0,8.13,1,7.77,0.066,24.22,44.8,-20.58,-7.42,12.23,rock,không rõ,0,0,1,0
SIM_02227,FAKE_CAR_0279,MAZDA2_15_UK_MT,Mazda,Mazda2 hatchback 1.5 MZR 103ps,2008,1.498,7.6,5.7,100,65.2,97.8,28.3,0.75,966,0,20.9,0,15,0,5.9,2.74,2.11,80,0.42,0,0,0,6.4,1,7.77,0.066,30.8,55.97,-25.17,-13.74,12.23,dân ca/pop,Phương Mỹ Chi,0,0,1,0
SIM_02228,FAKE_CAR_0279,MAZDA2_15_UK_MT,Mazda,Mazda2 hatchback 1.5 MZR 103ps,2008,1.498,7.6,5.7,100,65.2,97.8,38.1,0.75,831,0,20.9,9,0,10,6.6,2.74,2.11,65,0.54,0,0,0,5.49,1,7.77,0.066,26.78,59.76,-32.98,-22.46,11.98,pop,Hòa Minzy,0,0,1,0
SIM_02229,FAKE_CAR_0279,MAZDA2_15_UK_MT,Mazda,Mazda2 hatchback 1.5 MZR 103ps,2008,1.498,7.6,5.7,100,65.2,97.8,40.2,0.75,950,0,20.9,0,10,0,4.9,2.74,2.11,95,0.279,0,0,0,7.08,1,7.77,0.066,30.33,50.65,-20.32,-8.21,12.33,dân ca/pop,Phương Mỹ Chi,0,0,1,0
SIM_02230,FAKE_CAR_0279,MAZDA2_15_UK_MT,Mazda,Mazda2 hatchback 1.5 MZR 103ps,2008,1.498,7.6,5.7,100,65.2,97.8,29.8,0.75,1929,42,20.9,0,14,0,8.1,2.74,2.11,65,0.63,0,0,0,5.73,1,7.77,0.066,52.15,56.5,-4.35,6.41,12.72,nhạc trẻ,Lam Trường,0,0,1,0
SIM_02231,FAKE_CAR_0279,MAZDA2_15_UK_MT,Mazda,Mazda2 hatchback 1.5 MZR 103ps,2008,1.498,7.6,5.7,100,65.2,97.8,35.4,0.75,790,0,20.9,14,15,0,4.7,2.74,2.11,35,0.482,0,0,0,3.27,1,7.77,0.066,25.56,65.64,-40.08,-31.78,11.76,rock,không rõ,0,0,1,0
SIM_02232,FAKE_CAR_0279,MAZDA2_15_UK_MT,Mazda,Mazda2 hatchback 1.5 MZR 103ps,2008,1.498,7.6,5.7,100,65.2,97.8,40.9,0.75,2139,52,20.9,0,12,0,5.1,2.74,2.11,65,0.28,0,0,0,4.77,1,7.77,0.066,55.48,50.54,4.94,14.74,14.09,nhạc trẻ,Lam Trường,0,0,0,0
SIM_02233,FAKE_CAR_0280,HONDA_FIT15_CA_MT,Honda,Fit hatchback 1.5 DX,2008,1.5,7.1,6.5,80,64.8,87,56.1,0.13,2366,29,18.1,0,0,0,3.8,2.67,3.07,20,0.445,0,0,0,3.52,0,0,0.132,46.97,25.42,21.55,22.4,14.02,pop,Hòa Minzy,0,0,0,0
SIM_02234,FAKE_CAR_0280,HONDA_FIT15_CA_MT,Honda,Fit hatchback 1.5 DX,2008,1.5,7.1,6.5,80,64.8,87,53.3,0.13,2303,34,18.1,10,5,17,4.2,2.67,3.07,50,0.785,0,0,0,5.7,0,0,0.132,46.18,60,-13.82,-10.79,12.39,nhạc trẻ,Lam Trường,0,0,0,0
SIM_02235,FAKE_CAR_0280,HONDA_FIT15_CA_MT,Honda,Fit hatchback 1.5 DX,2008,1.5,7.1,6.5,80,64.8,87,58.7,0.13,1733,60,18.1,0,10,9,2.6,2.67,3.07,10,0.525,0,0,0,3.22,0,0,0.132,39,42.92,-3.92,-3.37,12.74,bolero,Lệ Quyên,0,0,0,0
SIM_02236,FAKE_CAR_0280,HONDA_FIT15_CA_MT,Honda,Fit hatchback 1.5 DX,2008,1.5,7.1,6.5,80,64.8,87,59.6,0.13,1683,28,18.1,0,16,0,5.4,2.67,3.07,80,0.47,0,0,0,7.56,0,0,0.132,38.37,47.06,-8.69,-3.8,12.49,pop,Hòa Minzy,0,0,0,0
SIM_02237,FAKE_CAR_0280,HONDA_FIT15_CA_MT,Honda,Fit hatchback 1.5 DX,2008,1.5,7.1,6.5,80,64.8,87,61.2,0.13,779,0,18.1,0,15,0,3.9,2.67,3.07,95,0.319,0,0,0,8.25,0,0,0.132,20.06,45.25,-25.19,-19.61,12.1,dân ca/pop,Phương Mỹ Chi,0,0,1,0
SIM_02238,FAKE_CAR_0280,HONDA_FIT15_CA_MT,Honda,Fit hatchback 1.5 DX,2008,1.5,7.1,6.5,80,64.8,87,62.8,0.13,883,0,18.1,8,5,0,5.2,2.67,3.07,35,0.84,0,0,0,4.58,0,0,0.132,22.53,40.88,-18.35,-16.44,12.34,bolero,Lệ Quyên,0,0,0,0
SIM_02239,FAKE_CAR_0280,HONDA_FIT15_CA_MT,Honda,Fit hatchback 1.5 DX,2008,1.5,7.1,6.5,80,64.8,87,58.1,0.13,2660,16,18.1,10,0,0,4.8,2.67,3.07,65,0.269,0,0,0,5.7,0,0,0.132,49.25,38.6,10.65,13.68,14,bolero,Lệ Quyên,0,0,0,0
SIM_02240,FAKE_CAR_0280,HONDA_FIT15_CA_MT,Honda,Fit hatchback 1.5 DX,2008,1.5,7.1,6.5,80,64.8,87,66.8,0.13,2311,62,18.1,13,8,12,3.1,2.67,3.07,20,0.457,0,0,0,3.52,0,0,0.132,46.28,57.72,-11.44,-10.59,12.47,dân ca/pop,Phương Mỹ Chi,0,0,0,0
SIM_02241,FAKE_CAR_0281,YARIS13_UK_MT,Toyota,Yaris hatchback 1.3 VVT-i,2008,1.3,7.2,6,80,94.7,98.5,74.6,0.28,904,0,15.1,0,0,0,2.7,1.81,3.29,65,0.272,1,28,11.96,5.93,0,0,0.475,33.65,35.69,-2.04,14.04,12.47,pop,Hòa Minzy,0,0,0,0
SIM_02242,FAKE_CAR_0281,YARIS13_UK_MT,Toyota,Yaris hatchback 1.3 VVT-i,2008,1.3,7.2,6,80,94.7,98.5,76,0.28,2148,54,15.1,0,5,0,3.5,1.81,3.29,35,0.702,1,28,8.81,4.67,0,0,0.475,64.63,37.08,27.55,39.22,13.83,dân ca/pop,Phương Mỹ Chi,0,0,0,0
SIM_02243,FAKE_CAR_0281,YARIS13_UK_MT,Toyota,Yaris hatchback 1.3 VVT-i,2008,1.3,7.2,6,80,94.7,98.5,72.1,0.28,2907,37,15.1,0,0,18,3.4,1.81,3.29,50,0.534,1,28,11.1,5.47,0,0,0.475,71.97,53.07,18.9,33.66,13.86,bolero,Lệ Quyên,0,0,0,0
SIM_02244,FAKE_CAR_0281,YARIS13_UK_MT,Toyota,Yaris hatchback 1.3 VVT-i,2008,1.3,7.2,6,80,94.7,98.5,77,0.28,1711,43,15.1,0,15,0,5,1.81,3.29,95,0.555,1,28,25.2,9.68,0,0,0.475,56.59,69.98,-13.39,19.68,12.28,dân ca/pop,Phương Mỹ Chi,0,0,1,0
SIM_02245,FAKE_CAR_0281,YARIS13_UK_MT,Toyota,Yaris hatchback 1.3 VVT-i,2008,1.3,7.2,6,80,94.7,98.5,68,0.28,2469,63,15.1,0,5,0,2.5,1.81,3.29,95,0.264,1,28,19.51,8.19,0,0,0.475,70.54,50.3,20.24,46.13,13.93,pop,Hòa Minzy,0,0,0,0
SIM_02246,FAKE_CAR_0281,YARIS13_UK_MT,Toyota,Yaris hatchback 1.3 VVT-i,2008,1.3,7.2,6,80,94.7,98.5,76.5,0.28,2234,12,15.1,0,16,0,3,1.81,3.29,35,0.484,1,28,7.47,4.45,0,0,0.475,66.21,46.02,20.19,30.3,13.86,instrumental,không rõ,0,0,0,0
SIM_02247,FAKE_CAR_0281,YARIS13_UK_MT,Toyota,Yaris hatchback 1.3 VVT-i,2008,1.3,7.2,6,80,94.7,98.5,76,0.28,2454,47,15.1,0,12,0,5.2,1.81,3.29,50,0.799,1,28,13.42,5.94,0,0,0.475,70.26,51.66,18.6,36.15,13.92,rock,không rõ,0,0,0,0
SIM_02248,FAKE_CAR_0281,YARIS13_UK_MT,Toyota,Yaris hatchback 1.3 VVT-i,2008,1.3,7.2,6,80,94.7,98.5,73.8,0.28,962,0,15.1,0,5,0,4.6,1.81,3.29,10,0.512,1,28,3.97,3.44,0,0,0.475,35.65,32.11,3.54,9.14,13.88,pop,Hòa Minzy,0,0,0,0
SIM_02249,FAKE_CAR_0282,YARIS13_UK_MM,Toyota,Yaris hatchback 1.3 VVT-i,2008,1.3,6.7,5.8,80,98.9,88,31,0.34,1743,55,12.3,0,5,0,7.8,2.59,2.7,80,0.643,0,0,0,7.86,0,0,0.04,59.71,32.96,26.75,32.02,14.07,dân ca/pop,Phương Mỹ Chi,0,0,0,0
SIM_02250,FAKE_CAR_0282,YARIS13_UK_MM,Toyota,Yaris hatchback 1.3 VVT-i,2008,1.3,6.7,5.8,80,98.9,88,37.9,0.34,726,0,12.3,0,5,0,7.7,2.59,2.7,10,0.816,0,0,0,2.89,0,0,0.04,28.7,27.89,0.81,1.11,14.06,instrumental,không rõ,0,0,0,0
SIM_02251,FAKE_CAR_0282,YARIS13_UK_MM,Toyota,Yaris hatchback 1.3 VVT-i,2008,1.3,6.7,5.8,80,98.9,88,34.3,0.34,2016,24,12.3,11,16,18,4.4,2.59,2.7,35,0.273,0,0,0,3.65,0,0,0.04,64.96,65.35,-0.39,0.67,12.76,instrumental,không rõ,0,0,0,0
SIM_02252,FAKE_CAR_0282,YARIS13_UK_MM,Toyota,Yaris hatchback 1.3 VVT-i,2008,1.3,6.7,5.8,80,98.9,88,29,0.34,2085,57,12.3,0,13,0,4.9,2.59,2.7,35,0.294,0,0,0,3.67,0,0,0.04,66.29,33.87,32.42,33.5,14.11,bolero,Lệ Quyên,0,0,0,0
SIM_02253,FAKE_CAR_0282,YARIS13_UK_MM,Toyota,Yaris hatchback 1.3 VVT-i,2008,1.3,6.7,5.8,80,98.9,88,37.9,0.34,2320,30,12.3,0,13,0,6.9,2.59,2.7,35,0.227,0,0,0,3.61,0,0,0.04,70.8,35.81,34.99,36.01,14.18,rock,không rõ,0,0,0,0
SIM_02254,FAKE_CAR_0282,YARIS13_UK_MM,Toyota,Yaris hatchback 1.3 VVT-i,2008,1.3,6.7,5.8,80,98.9,88,40.5,0.34,1961,33,12.3,0,0,0,7.1,2.59,2.7,20,0.459,0,0,0,3.15,0,0,0.04,63.9,22.55,41.35,41.91,14.18,rock,không rõ,0,0,0,0
SIM_02255,FAKE_CAR_0282,YARIS13_UK_MM,Toyota,Yaris hatchback 1.3 VVT-i,2008,1.3,6.7,5.8,80,98.9,88,32.5,0.34,2639,41,12.3,0,14,10,7.9,2.59,2.7,65,0.514,0,0,0,6.01,0,0,0.04,75.16,50.21,24.95,28.37,14.19,bolero,Lệ Quyên,0,0,0,0
SIM_02256,FAKE_CAR_0282,YARIS13_UK_MM,Toyota,Yaris hatchback 1.3 VVT-i,2008,1.3,6.7,5.8,80,98.9,88,38.4,0.34,985,0,12.3,0,0,0,7.9,2.59,2.7,80,0.651,0,0,0,7.89,0,0,0.04,38.07,28.09,9.98,15.28,14.09,dân ca/pop,Phương Mỹ Chi,0,0,0,0
SIM_02257,FAKE_CAR_0283,YARIS13_NCP_2NZ,Toyota,Yaris 1.3 NCP9# / 2NZ-FE,2008,1.3,,,75,58.1,90.3,68,0.74,783,0,17,0,0,10,2.4,2.68,1.82,50,0.662,1,55,24,4.23,0,0,0.001,16.94,57.63,-40.69,-15.14,11.87,bolero,Lệ Quyên,0,0,1,0
SIM_02258,FAKE_CAR_0283,YARIS13_NCP_2NZ,Toyota,Yaris 1.3 NCP9# / 2NZ-FE,2008,1.3,,,75,58.1,90.3,73.8,0.74,1863,62,17,0,0,0,1.8,2.68,1.82,65,0.699,1,55,33.48,5.63,0,0,0.001,34.16,57.91,-23.75,12.68,12.27,rock,không rõ,0,0,1,0
SIM_02259,FAKE_CAR_0283,YARIS13_NCP_2NZ,Toyota,Yaris 1.3 NCP9# / 2NZ-FE,2008,1.3,,,75,58.1,90.3,75,0.74,721,0,17,14,9,14,3.7,2.68,1.82,35,0.325,1,55,12.76,2.82,0,0,0.001,15.71,73.28,-57.57,-44.67,11.36,bolero,Lệ Quyên,0,0,1,0
SIM_02260,FAKE_CAR_0283,YARIS13_NCP_2NZ,Toyota,Yaris 1.3 NCP9# / 2NZ-FE,2008,1.3,,,75,58.1,90.3,63.2,0.74,1625,38,17,0,14,0,3.1,2.68,1.82,95,0.746,1,55,56.84,9.2,0,0,0.001,31.64,100.14,-68.5,-5.14,11.18,nhạc trẻ,Lam Trường,0,0,1,0
SIM_02261,FAKE_CAR_0283,YARIS13_NCP_2NZ,Toyota,Yaris 1.3 NCP9# / 2NZ-FE,2008,1.3,,,75,58.1,90.3,66.1,0.74,910,0,17,0,0,0,2.3,2.68,1.82,95,0.618,1,55,51.92,8.54,0,0,0.001,19.47,79.76,-60.29,-2.51,11.35,nhạc trẻ,Lam Trường,0,0,1,0
SIM_02262,FAKE_CAR_0283,YARIS13_NCP_2NZ,Toyota,Yaris 1.3 NCP9# / 2NZ-FE,2008,1.3,,,75,58.1,90.3,75.5,0.74,894,0,17,0,5,0,2.5,2.68,1.82,65,0.748,1,55,34.63,5.77,0,0,0.001,19.15,64.9,-45.75,-8.03,11.69,nhạc trẻ,Lam Trường,0,0,1,0
SIM_02263,FAKE_CAR_0283,YARIS13_NCP_2NZ,Toyota,Yaris 1.3 NCP9# / 2NZ-FE,2008,1.3,,,75,58.1,90.3,70.7,0.74,970,0,17,0,16,0,5.1,2.68,1.82,10,0.661,1,55,8.73,1.99,0,0,0.001,20.67,48.82,-28.15,-20.11,12.14,rock,không rõ,0,0,1,0
SIM_02264,FAKE_CAR_0283,YARIS13_NCP_2NZ,Toyota,Yaris 1.3 NCP9# / 2NZ-FE,2008,1.3,,,75,58.1,90.3,75.7,0.74,2090,57,17,0,5,16,2.9,2.68,1.82,20,0.827,1,55,12.63,2.42,0,0,0.001,36.56,55.95,-19.39,-7.02,12.4,pop,Hòa Minzy,0,0,1,0
SIM_02265,FAKE_CAR_0284,YARIS15_CA_MT,Toyota,Yaris hatchback 1.5,2008,1.5,7,6.3,75,95.3,75.3,30.8,0.8,858,0,17.8,0,12,10,5.2,2.46,3.15,95,0.373,0,0,0,8.61,1,10.05,0.019,30.24,63.66,-33.42,-17.22,11.97,bolero,Lệ Quyên,0,0,1,0
SIM_02266,FAKE_CAR_0284,YARIS15_CA_MT,Toyota,Yaris hatchback 1.5,2008,1.5,7,6.3,75,95.3,75.3,34,0.8,759,0,17.8,0,5,0,6.7,2.46,3.15,35,0.434,0,0,0,4.26,1,10.05,0.019,27.01,43.81,-16.8,-4.95,12.47,pop,Hòa Minzy,0,0,1,0
SIM_02267,FAKE_CAR_0284,YARIS15_CA_MT,Toyota,Yaris hatchback 1.5,2008,1.5,7,6.3,75,95.3,75.3,33,0.8,950,0,17.8,9,16,0,7.9,2.46,3.15,80,0.682,0,0,0,8.46,1,10.05,0.019,33.25,69.21,-35.96,-19.91,11.93,instrumental,không rõ,0,0,1,0
SIM_02268,FAKE_CAR_0284,YARIS15_CA_MT,Toyota,Yaris hatchback 1.5,2008,1.5,7,6.3,75,95.3,75.3,30.8,0.8,912,0,17.8,0,12,0,6,2.46,3.15,95,0.653,0,0,0,10,1,10.05,0.019,32,55.85,-23.85,-6.26,12.23,instrumental,không rõ,0,0,1,0
SIM_02269,FAKE_CAR_0284,YARIS15_CA_MT,Toyota,Yaris hatchback 1.5,2008,1.5,7,6.3,75,95.3,75.3,36.8,0.8,784,0,17.8,0,0,16,6.7,2.46,3.15,80,0.241,0,0,0,6.75,1,10.05,0.019,27.82,57.3,-29.48,-15.14,12.07,bolero,Lệ Quyên,0,0,1,0
SIM_02270,FAKE_CAR_0284,YARIS15_CA_MT,Toyota,Yaris hatchback 1.5,2008,1.5,7,6.3,75,95.3,75.3,34.6,0.8,823,0,17.8,0,15,0,6.4,2.46,3.15,35,0.815,0,0,0,4.64,1,10.05,0.019,29.1,53.89,-24.79,-12.56,12.25,nhạc trẻ,Lam Trường,0,0,1,0
SIM_02271,FAKE_CAR_0284,YARIS15_CA_MT,Toyota,Yaris hatchback 1.5,2008,1.5,7,6.3,75,95.3,75.3,30.3,0.8,939,0,17.8,0,0,10,4.8,2.46,3.15,50,0.521,0,0,0,5.31,1,10.05,0.019,32.89,47.96,-15.07,-2.17,12.48,nhạc trẻ,Lam Trường,0,0,1,0
SIM_02272,FAKE_CAR_0284,YARIS15_CA_MT,Toyota,Yaris hatchback 1.5,2008,1.5,7,6.3,75,95.3,75.3,35.8,0.8,815,0,17.8,0,5,0,4.4,2.46,3.15,65,0.273,0,0,0,5.79,1,10.05,0.019,28.84,43.04,-14.2,-0.82,12.53,instrumental,không rõ,0,0,1,0
SIM_02273,FAKE_CAR_0285,YARIS15_CA_AT,Toyota,Yaris hatchback 1.5,2008,1.5,7,6.4,85,89.2,91.5,64.9,0.57,873,0,16.1,0,12,0,4.9,2,1.76,10,0.77,1,55,9.42,1.94,1,7.07,0.147,32.6,51.43,-18.83,-2.4,12.36,rock,không rõ,0,0,1,0
SIM_02274,FAKE_CAR_0285,YARIS15_CA_AT,Toyota,Yaris hatchback 1.5,2008,1.5,7,6.4,85,89.2,91.5,58.2,0.57,2425,21,16.1,0,5,0,4.6,2,1.76,50,0.815,1,55,26.63,4.44,1,7.07,0.147,69.78,63.84,5.94,42.08,14.05,pop,Hòa Minzy,0,0,0,0
SIM_02275,FAKE_CAR_0285,YARIS15_CA_AT,Toyota,Yaris hatchback 1.5,2008,1.5,7,6.4,85,89.2,91.5,61.6,0.57,2373,36,16.1,9,10,0,4.3,2,1.76,20,0.333,1,55,8.63,2.16,1,7.07,0.147,68.82,57.26,11.56,27.42,14.03,instrumental,không rõ,0,0,0,0
SIM_02276,FAKE_CAR_0285,YARIS15_CA_AT,Toyota,Yaris hatchback 1.5,2008,1.5,7,6.4,85,89.2,91.5,67.6,0.57,1873,17,16.1,0,0,0,2.5,2,1.76,95,0.503,1,55,47.5,7.89,1,7.07,0.147,59.62,81.06,-21.44,39.02,12.27,nhạc trẻ,Lam Trường,0,0,1,0
SIM_02277,FAKE_CAR_0285,YARIS15_CA_AT,Toyota,Yaris hatchback 1.5,2008,1.5,7,6.4,85,89.2,91.5,61.9,0.57,2572,49,16.1,0,0,10,5.9,2,1.76,10,0.814,1,55,9.69,1.95,1,7.07,0.147,72.03,50.71,21.32,38.03,14.05,bolero,Lệ Quyên,0,0,0,0
SIM_02278,FAKE_CAR_0285,YARIS15_CA_AT,Toyota,Yaris hatchback 1.5,2008,1.5,7,6.4,85,89.2,91.5,60.6,0.57,2342,12,16.1,9,10,0,3.9,2,1.76,95,0.767,1,55,57.65,9.24,1,7.07,0.147,68.25,112.96,-44.71,27.25,11.67,rock,không rõ,0,0,1,0
SIM_02279,FAKE_CAR_0285,YARIS15_CA_AT,Toyota,Yaris hatchback 1.5,2008,1.5,7,6.4,85,89.2,91.5,63.7,0.57,923,0,16.1,0,14,0,2.6,2,1.76,80,0.838,1,55,47.89,7.67,1,7.07,0.147,34.33,95.33,-61,-0.37,11.26,pop,Hòa Minzy,0,0,1,0
SIM_02280,FAKE_CAR_0285,YARIS15_CA_AT,Toyota,Yaris hatchback 1.5,2008,1.5,7,6.4,85,89.2,91.5,65.6,0.57,2537,65,16.1,11,14,0,5.7,2,1.76,35,0.807,1,55,18.57,3.24,1,7.07,0.147,71.84,75.68,-3.84,23.04,12.73,rock,không rõ,0,0,1,0
SIM_02281,FAKE_CAR_0286,YARIS10_UK_MT,Toyota,Yaris hatchback 1.0 VVT-i,2008,1,6.4,5.4,70,99.7,82.2,45.4,0.76,2398,51,21,12,5,13,6.5,2.64,1.9,65,0.804,1,12,7.84,6,0,0,0.664,63.77,71.34,-7.57,3.63,12.22,nhạc trẻ,Lam Trường,0,0,1,0
SIM_02282,FAKE_CAR_0286,YARIS10_UK_MT,Toyota,Yaris hatchback 1.0 VVT-i,2008,1,6.4,5.4,70,99.7,82.2,40.4,0.76,743,0,21,0,0,11,6.1,2.64,1.9,65,0.675,1,12,7.18,5.65,0,0,0.664,25.86,50.93,-25.07,-14.88,11.77,dân ca/pop,Phương Mỹ Chi,0,0,1,0
SIM_02283,FAKE_CAR_0286,YARIS10_UK_MT,Toyota,Yaris hatchback 1.0 VVT-i,2008,1,6.4,5.4,70,99.7,82.2,36.7,0.76,811,0,21,0,15,0,5.3,2.64,1.9,20,0.826,1,12,2.75,2.5,0,0,0.664,28.03,46.55,-18.52,-15.91,11.95,rock,không rõ,0,0,0,0
SIM_02284,FAKE_CAR_0286,YARIS10_UK_MT,Toyota,Yaris hatchback 1.0 VVT-i,2008,1,6.4,5.4,70,99.7,82.2,39.2,0.76,906,0,21,0,12,0,6.8,2.64,1.9,65,0.426,1,12,5.91,4.96,0,0,0.664,31.06,50.67,-19.61,-11.38,11.98,nhạc trẻ,Lam Trường,0,0,1,0
SIM_02285,FAKE_CAR_0286,YARIS10_UK_MT,Toyota,Yaris hatchback 1.0 VVT-i,2008,1,6.4,5.4,70,99.7,82.2,39.8,0.76,860,0,21,0,0,0,7.8,2.64,1.9,80,0.738,1,12,9.78,7.42,0,0,0.664,29.59,46,-16.41,-1.85,11.99,bolero,Lệ Quyên,0,0,1,0
SIM_02286,FAKE_CAR_0286,YARIS10_UK_MT,Toyota,Yaris hatchback 1.0 VVT-i,2008,1,6.4,5.4,70,99.7,82.2,45.9,0.76,901,0,21,14,5,0,5.2,2.64,1.9,80,0.704,1,12,9.56,7.29,0,0,0.664,30.9,62.05,-31.15,-16.94,11.7,bolero,Lệ Quyên,0,0,1,0
SIM_02287,FAKE_CAR_0286,YARIS10_UK_MT,Toyota,Yaris hatchback 1.0 VVT-i,2008,1,6.4,5.4,70,99.7,82.2,41.3,0.76,913,0,21,14,0,0,7.4,2.64,1.9,35,0.761,1,12,3.93,3.33,0,0,0.664,31.28,49.66,-18.38,-13.76,11.96,rock,không rõ,0,0,0,0
SIM_02288,FAKE_CAR_0286,YARIS10_UK_MT,Toyota,Yaris hatchback 1.0 VVT-i,2008,1,6.4,5.4,70,99.7,82.2,35.6,0.76,735,0,21,0,5,0,4.3,2.64,1.9,10,0.484,1,12,1.66,2.05,0,0,0.664,25.6,34.01,-8.41,-7.34,12.26,nhạc trẻ,Lam Trường,0,0,0,0
SIM_02289,FAKE_CAR_0287,AYGO10_UK_MT,Toyota,Aygo hatchback 1.0 VVT-i,2008,1,5.5,4.6,65,86.3,78.6,50.2,0.26,988,0,12.3,0,0,0,5.2,2.96,2.77,35,0.451,1,55,14.27,3.9,0,0,0.005,27.07,35.67,-8.6,6.61,12.63,rock,không rõ,1,0,1,1
SIM_02290,FAKE_CAR_0287,AYGO10_UK_MT,Toyota,Aygo hatchback 1.0 VVT-i,2008,1,5.5,4.6,65,86.3,78.6,63.1,0.26,2852,30,12.3,14,8,11,2.8,2.96,2.77,95,0.591,1,55,50.88,9.35,0,0,0.005,53.29,108.33,-55.04,2.23,11.42,instrumental,không rõ,1,1,1,1
SIM_02291,FAKE_CAR_0287,AYGO10_UK_MT,Toyota,Aygo hatchback 1.0 VVT-i,2008,1,5.5,4.6,65,86.3,78.6,63.5,0.26,2307,35,12.3,0,0,0,4.3,2.96,2.77,95,0.38,1,55,42.78,8.26,0,0,0.005,50.02,67.64,-17.62,30.46,12.39,bolero,Lệ Quyên,1,1,1,1
SIM_02292,FAKE_CAR_0287,AYGO10_UK_MT,Toyota,Aygo hatchback 1.0 VVT-i,2008,1,5.5,4.6,65,86.3,78.6,52.6,0.26,2581,17,12.3,14,5,0,4.7,2.96,2.77,10,0.212,1,55,5.92,2.88,0,0,0.005,53.29,44.8,8.49,14.33,14.2,instrumental,không rõ,1,0,0,0
SIM_02293,FAKE_CAR_0287,AYGO10_UK_MT,Toyota,Aygo hatchback 1.0 VVT-i,2008,1,5.5,4.6,65,86.3,78.6,63.3,0.26,2615,64,12.3,0,0,0,4.2,2.96,2.77,35,0.778,1,55,18.22,4.22,0,0,0.005,53.29,38.94,14.35,33.83,14.2,instrumental,không rõ,1,0,0,1
SIM_02294,FAKE_CAR_0287,AYGO10_UK_MT,Toyota,Aygo hatchback 1.0 VVT-i,2008,1,5.5,4.6,65,86.3,78.6,60.1,0.26,2251,57,12.3,0,5,18,6.4,2.96,2.77,80,0.728,1,55,44.53,8.26,0,0,0.005,49.26,94.49,-45.23,4.6,11.69,instrumental,không rõ,1,1,1,1
SIM_02295,FAKE_CAR_0287,AYGO10_UK_MT,Toyota,Aygo hatchback 1.0 VVT-i,2008,1,5.5,4.6,65,86.3,78.6,50.9,0.26,2980,48,12.3,13,14,0,4,2.96,2.77,20,0.479,1,55,9.81,3.23,0,0,0.005,53.29,56.34,-3.05,7.03,12.83,instrumental,không rõ,1,1,1,0
SIM_02296,FAKE_CAR_0287,AYGO10_UK_MT,Toyota,Aygo hatchback 1.0 VVT-i,2008,1,5.5,4.6,65,86.3,78.6,51.1,0.26,2878,39,12.3,0,15,0,4.3,2.96,2.77,10,0.209,1,55,5.9,2.88,0,0,0.005,53.29,40.38,12.91,18.73,14.08,dân ca/pop,Phương Mỹ Chi,1,0,0,0
SIM_02297,FAKE_CAR_0288,AURIS14_UK_MT,Toyota,Auris hatchback 1.4 VVT-i,2008,1.4,8.7,6.9,95,91.8,98.6,57.9,0.18,2311,37,17.6,8,5,0,4.7,1.81,1.96,65,0.815,1,12,7.9,6.09,0,0,0.141,77.85,49.29,28.56,40.74,14.02,nhạc trẻ,Lam Trường,0,0,0,0
SIM_02298,FAKE_CAR_0288,AURIS14_UK_MT,Toyota,Auris hatchback 1.4 VVT-i,2008,1.4,8.7,6.9,95,91.8,98.6,48.9,0.18,2562,62,17.6,0,11,0,6.5,1.81,1.96,20,0.597,1,12,2.35,2.47,0,0,0.141,82.85,39.92,42.93,45.94,14.05,dân ca/pop,Phương Mỹ Chi,0,0,0,0
SIM_02299,FAKE_CAR_0288,AURIS14_UK_MT,Toyota,Auris hatchback 1.4 VVT-i,2008,1.4,8.7,6.9,95,91.8,98.6,50,0.18,1709,22,17.6,0,12,0,4.3,1.81,1.96,50,0.393,1,12,4.23,3.89,0,0,0.141,65.1,42.02,23.08,29.39,14.03,pop,Hòa Minzy,0,0,0,0
SIM_02300,FAKE_CAR_0288,AURIS14_UK_MT,Toyota,Auris hatchback 1.4 VVT-i,2008,1.4,8.7,6.9,95,91.8,98.6,47.2,0.18,2813,20,17.6,13,12,0,3.6,1.81,1.96,35,0.454,1,12,3.12,3.09,0,0,0.141,82.85,52.41,30.44,34.84,14.07,rock,không rõ,0,0,0,0
SIM_02301,FAKE_CAR_0288,AURIS14_UK_MT,Toyota,Auris hatchback 1.4 VVT-i,2008,1.4,8.7,6.9,95,91.8,98.6,50.9,0.18,778,0,17.6,0,9,0,5.5,1.81,1.96,80,0.388,1,12,7.46,6.13,0,0,0.141,33.71,45.69,-11.98,-0.2,12.45,rock,không rõ,0,0,1,0
SIM_02302,FAKE_CAR_0288,AURIS14_UK_MT,Toyota,Auris hatchback 1.4 VVT-i,2008,1.4,8.7,6.9,95,91.8,98.6,50.4,0.18,982,0,17.6,0,0,0,4.8,1.81,1.96,20,0.733,1,12,2.59,2.52,0,0,0.141,41.84,27.51,14.33,17.63,14.13,dân ca/pop,Phương Mỹ Chi,0,0,0,0
SIM_02303,FAKE_CAR_0288,AURIS14_UK_MT,Toyota,Auris hatchback 1.4 VVT-i,2008,1.4,8.7,6.9,95,91.8,98.6,58.4,0.18,2862,19,17.6,0,12,0,4.5,1.81,1.96,50,0.747,1,12,5.56,4.52,0,0,0.141,82.85,44.18,38.67,46.94,14.04,rock,không rõ,0,0,0,0
SIM_02304,FAKE_CAR_0288,AURIS14_UK_MT,Toyota,Auris hatchback 1.4 VVT-i,2008,1.4,8.7,6.9,95,91.8,98.6,54.7,0.18,2360,24,17.6,0,16,0,5.3,1.81,1.96,65,0.567,1,12,6.63,5.41,0,0,0.141,78.89,50.94,27.95,38.18,14.06,pop,Hòa Minzy,0,0,0,0
SIM_02305,FAKE_CAR_0289,AURIS16_UK_MT,Toyota,Auris hatchback 1.6 VVT-i,2008,1.6,9,7.1,100,95.8,87.9,58.8,0.31,2679,18,13.1,12,11,0,3.4,1.52,3.2,50,0.801,0,0,0,5.86,0,0,0.634,91.01,45.36,45.65,49.99,13.75,dân ca/pop,Phương Mỹ Chi,0,0,0,0
SIM_02306,FAKE_CAR_0289,AURIS16_UK_MT,Toyota,Auris hatchback 1.6 VVT-i,2008,1.6,9,7.1,100,95.8,87.9,62.9,0.31,2870,65,13.1,0,12,0,5.6,1.52,3.2,65,0.318,0,0,0,5.97,0,0,0.634,91.01,36.67,54.34,58.79,13.73,bolero,Lệ Quyên,0,0,0,0
SIM_02307,FAKE_CAR_0289,AURIS16_UK_MT,Toyota,Auris hatchback 1.6 VVT-i,2008,1.6,9,7.1,100,95.8,87.9,66,0.31,2995,47,13.1,0,10,0,4.3,1.52,3.2,20,0.596,0,0,0,3.7,0,0,0.634,91.01,31.1,59.91,62.09,13.72,pop,Hòa Minzy,0,0,0,0
SIM_02308,FAKE_CAR_0289,AURIS16_UK_MT,Toyota,Auris hatchback 1.6 VVT-i,2008,1.6,9,7.1,100,95.8,87.9,61.7,0.31,844,0,13.1,0,10,0,3.8,1.52,3.2,10,0.532,0,0,0,3.35,0,0,0.634,39.92,30.25,9.67,11.5,13.84,instrumental,không rõ,0,0,0,0
SIM_02309,FAKE_CAR_0289,AURIS16_UK_MT,Toyota,Auris hatchback 1.6 VVT-i,2008,1.6,9,7.1,100,95.8,87.9,57.1,0.31,2685,30,13.1,0,5,0,4.8,1.52,3.2,95,0.494,0,0,0,9.28,0,0,0.634,91.01,32.18,58.83,66.59,13.7,bolero,Lệ Quyên,0,0,0,0
SIM_02310,FAKE_CAR_0289,AURIS16_UK_MT,Toyota,Auris hatchback 1.6 VVT-i,2008,1.6,9,7.1,100,95.8,87.9,61.2,0.31,2283,17,13.1,0,5,0,6,1.52,3.2,35,0.83,0,0,0,4.7,0,0,0.634,84.87,28.8,56.07,59.25,13.79,rock,không rõ,0,0,0,0
SIM_02311,FAKE_CAR_0289,AURIS16_UK_MT,Toyota,Auris hatchback 1.6 VVT-i,2008,1.6,9,7.1,100,95.8,87.9,64.6,0.31,789,0,13.1,0,14,0,4.1,1.52,3.2,95,0.24,0,0,0,7.97,0,0,0.634,37.51,39.17,-1.66,4.79,12.49,rock,không rõ,0,0,0,0
SIM_02312,FAKE_CAR_0289,AURIS16_UK_MT,Toyota,Auris hatchback 1.6 VVT-i,2008,1.6,9,7.1,100,95.8,87.9,59,0.31,2439,24,13.1,0,9,0,2.2,1.52,3.2,80,0.341,0,0,0,7.19,0,0,0.634,88.5,31.49,57.01,62.68,13.82,nhạc trẻ,Lam Trường,0,0,0,0
SIM_02313,FAKE_CAR_0290,AVENSIS18_UK_MT,Toyota,Avensis sedan/hatch 1.8 VVT-i,2008,1.8,9.4,7.2,110,89.1,59.8,58.5,0.55,873,0,14.5,9,11,0,3.8,1.6,1.99,20,0.837,1,28,6.47,2.59,0,0,0.019,42.14,47.36,-5.22,2.24,12.74,instrumental,không rõ,0,0,1,0
SIM_02314,FAKE_CAR_0290,AVENSIS18_UK_MT,Toyota,Avensis sedan/hatch 1.8 VVT-i,2008,1.8,9.4,7.2,110,89.1,59.8,59.7,0.55,933,0,14.5,0,5,16,5.3,1.6,1.99,80,0.724,1,28,22.61,7.46,0,0,0.019,44.83,70.87,-26.04,2.43,12.12,nhạc trẻ,Lam Trường,0,0,1,0
SIM_02315,FAKE_CAR_0290,AVENSIS18_UK_MT,Toyota,Avensis sedan/hatch 1.8 VVT-i,2008,1.8,9.4,7.2,110,89.1,59.8,58.7,0.55,2573,39,14.5,0,8,0,4.7,1.6,1.99,50,0.283,1,28,8.9,3.72,0,0,0.019,93.11,39.82,53.29,64.31,14.13,rock,không rõ,0,0,0,0
SIM_02316,FAKE_CAR_0290,AVENSIS18_UK_MT,Toyota,Avensis sedan/hatch 1.8 VVT-i,2008,1.8,9.4,7.2,110,89.1,59.8,61,0.55,797,0,14.5,0,9,0,3.9,1.6,1.99,10,0.497,1,28,3.92,2.14,0,0,0.019,38.73,33.46,5.27,9.73,14.08,dân ca/pop,Phương Mỹ Chi,0,0,0,0
SIM_02317,FAKE_CAR_0290,AVENSIS18_UK_MT,Toyota,Avensis sedan/hatch 1.8 VVT-i,2008,1.8,9.4,7.2,110,89.1,59.8,59.9,0.55,983,0,14.5,0,5,0,3.4,1.6,1.99,50,0.723,1,28,12.75,4.51,0,0,0.019,47.07,40.16,6.91,22.57,14.2,dân ca/pop,Phương Mỹ Chi,0,0,0,0
SIM_02318,FAKE_CAR_0290,AVENSIS18_UK_MT,Toyota,Avensis sedan/hatch 1.8 VVT-i,2008,1.8,9.4,7.2,110,89.1,59.8,56.5,0.55,1967,19,14.5,10,5,10,2.6,1.6,1.99,35,0.856,1,28,9.75,3.52,0,0,0.019,79.3,55.37,23.93,35.6,14.15,pop,Hòa Minzy,0,0,0,0
SIM_02319,FAKE_CAR_0290,AVENSIS18_UK_MT,Toyota,Avensis sedan/hatch 1.8 VVT-i,2008,1.8,9.4,7.2,110,89.1,59.8,58.2,0.55,916,0,14.5,14,5,0,5.3,1.6,1.99,65,0.359,1,28,13,4.87,0,0,0.019,44.07,56.67,-12.6,3.67,12.52,dân ca/pop,Phương Mỹ Chi,0,0,1,0
SIM_02320,FAKE_CAR_0290,AVENSIS18_UK_MT,Toyota,Avensis sedan/hatch 1.8 VVT-i,2008,1.8,9.4,7.2,110,89.1,59.8,50.5,0.55,747,0,14.5,13,5,0,4.4,1.6,1.99,20,0.425,1,28,4.77,2.43,0,0,0.019,36.49,44.1,-7.61,-2.01,12.61,dân ca/pop,Phương Mỹ Chi,0,0,1,0
SIM_02321,FAKE_CAR_0291,RAV4_20_UK_MT,Toyota,RAV4 2.0 VVT-i,2008,2,11,8.6,115,86.8,89.7,36.3,0.14,1782,46,12.9,0,8,11,4.3,2.04,1.79,95,0.267,0,0,0,6.7,0,0,0.029,76.28,42.9,33.38,38.04,14.1,dân ca/pop,Phương Mỹ Chi,0,0,0,0
SIM_02322,FAKE_CAR_0291,RAV4_20_UK_MT,Toyota,RAV4 2.0 VVT-i,2008,2,11,8.6,115,86.8,89.7,42,0.14,2865,58,12.9,14,9,0,7.5,2.04,1.79,35,0.296,0,0,0,2.76,0,0,0.029,94.83,46.16,48.67,49.39,14.11,dân ca/pop,Phương Mỹ Chi,0,0,0,0
SIM_02323,FAKE_CAR_0291,RAV4_20_UK_MT,Toyota,RAV4 2.0 VVT-i,2008,2,11,8.6,115,86.8,89.7,40.7,0.14,2035,16,12.9,10,0,0,4.4,2.04,1.79,10,0.613,0,0,0,1.95,0,0,0.029,82.42,29.25,53.17,53.08,14.18,dân ca/pop,Phương Mỹ Chi,0,0,0,0
SIM_02324,FAKE_CAR_0291,RAV4_20_UK_MT,Toyota,RAV4 2.0 VVT-i,2008,2,11,8.6,115,86.8,89.7,43.8,0.14,1950,22,12.9,0,5,0,6.9,2.04,1.79,50,0.343,0,0,0,3.63,0,0,0.029,80.36,28.43,51.93,53.52,14.11,dân ca/pop,Phương Mỹ Chi,0,0,0,0
SIM_02325,FAKE_CAR_0291,RAV4_20_UK_MT,Toyota,RAV4 2.0 VVT-i,2008,2,11,8.6,115,86.8,89.7,41.8,0.14,2233,49,12.9,0,11,0,7.6,2.04,1.79,95,0.495,0,0,0,7.87,0,0,0.029,87.22,39.37,47.85,53.68,14.09,bolero,Lệ Quyên,0,0,0,0
SIM_02326,FAKE_CAR_0291,RAV4_20_UK_MT,Toyota,RAV4 2.0 VVT-i,2008,2,11,8.6,115,86.8,89.7,36.3,0.14,2215,26,12.9,0,14,0,5.9,2.04,1.79,35,0.355,0,0,0,2.82,0,0,0.029,86.78,35.62,51.16,51.94,14.17,pop,Hòa Minzy,0,0,0,0
SIM_02327,FAKE_CAR_0291,RAV4_20_UK_MT,Toyota,RAV4 2.0 VVT-i,2008,2,11,8.6,115,86.8,89.7,39,0.14,1632,28,12.9,14,16,0,4.8,2.04,1.79,35,0.837,0,0,0,3.3,0,0,0.029,72.65,51,21.65,22.91,14.09,rock,không rõ,0,0,0,0
SIM_02328,FAKE_CAR_0291,RAV4_20_UK_MT,Toyota,RAV4 2.0 VVT-i,2008,2,11,8.6,115,86.8,89.7,46.5,0.14,2152,52,12.9,0,13,0,7.1,2.04,1.79,50,0.326,0,0,0,3.6,0,0,0.029,85.25,36.6,48.65,50.21,14.19,dân ca/pop,Phương Mỹ Chi,0,0,0,0
SIM_02329,FAKE_CAR_0292,MAZDA2_13_UK_MT,Mazda,Mazda2 hatchback 1.3 MZR 86ps 5 cửa,2008,1.349,6.9,5.2,85,97.2,79.5,55.1,0.2,2592,31,17.7,0,0,0,4.6,1.8,2.18,35,0.248,1,55,11.83,3.11,0,0,0.004,78.49,37.24,41.25,54.39,14.08,dân ca/pop,Phương Mỹ Chi,0,0,0,0
SIM_02330,FAKE_CAR_0292,MAZDA2_13_UK_MT,Mazda,Mazda2 hatchback 1.3 MZR 86ps 5 cửa,2008,1.349,6.9,5.2,85,97.2,79.5,48.6,0.2,1937,27,17.7,0,14,14,6.7,1.8,2.18,95,0.565,1,55,49.89,8.62,0,0,0.004,66.25,110.91,-44.66,12.05,11.71,pop,Hòa Minzy,0,0,1,1
SIM_02331,FAKE_CAR_0292,MAZDA2_13_UK_MT,Mazda,Mazda2 hatchback 1.3 MZR 86ps 5 cửa,2008,1.349,6.9,5.2,85,97.2,79.5,46.8,0.2,2370,32,17.7,0,5,0,4.4,1.8,2.18,80,0.614,1,55,41.06,7.22,0,0,0.004,74.94,75.38,-0.44,46.04,12.79,dân ca/pop,Phương Mỹ Chi,0,0,0,1
SIM_02332,FAKE_CAR_0292,MAZDA2_13_UK_MT,Mazda,Mazda2 hatchback 1.3 MZR 86ps 5 cửa,2008,1.349,6.9,5.2,85,97.2,79.5,51.1,0.2,1972,22,17.7,0,12,14,3.1,1.8,2.18,95,0.73,1,55,56.22,9.47,0,0,0.004,66.95,112.49,-45.54,18.35,11.75,nhạc trẻ,Lam Trường,0,0,1,1
SIM_02333,FAKE_CAR_0292,MAZDA2_13_UK_MT,Mazda,Mazda2 hatchback 1.3 MZR 86ps 5 cửa,2008,1.349,6.9,5.2,85,97.2,79.5,43.5,0.2,736,0,17.7,0,5,0,4.6,1.8,2.18,10,0.814,1,55,9.69,2.37,0,0,0.004,30.35,39.36,-9.01,1.25,12.57,bolero,Lệ Quyên,0,0,1,0
SIM_02334,FAKE_CAR_0292,MAZDA2_13_UK_MT,Mazda,Mazda2 hatchback 1.3 MZR 86ps 5 cửa,2008,1.349,6.9,5.2,85,97.2,79.5,44.9,0.2,865,0,17.7,0,14,0,6.2,1.8,2.18,80,0.736,1,55,44.78,7.7,0,0,0.004,35.22,90.38,-55.16,-4.48,11.4,rock,không rõ,0,0,1,1
SIM_02335,FAKE_CAR_0292,MAZDA2_13_UK_MT,Mazda,Mazda2 hatchback 1.3 MZR 86ps 5 cửa,2008,1.349,6.9,5.2,85,97.2,79.5,45,0.2,1781,21,17.7,0,0,0,5.3,1.8,2.18,65,0.414,1,55,26.82,5.21,0,0,0.004,63.12,55.03,8.09,38.32,14.11,rock,không rõ,0,0,0,0
SIM_02336,FAKE_CAR_0292,MAZDA2_13_UK_MT,Mazda,Mazda2 hatchback 1.3 MZR 86ps 5 cửa,2008,1.349,6.9,5.2,85,97.2,79.5,50.2,0.2,2644,51,17.7,0,9,0,4.8,1.8,2.18,80,0.203,1,55,28.53,5.63,0,0,0.004,78.49,65.66,12.83,45.19,14.09,instrumental,không rõ,0,0,0,0
SIM_02337,FAKE_CAR_0293,MAZDA2_15_UK_MT,Mazda,Mazda2 hatchback 1.5 MZR 103ps,2008,1.498,7.6,5.7,90,89.2,99.8,81,0.22,945,0,20.4,0,5,0,3.1,2.32,3.18,50,0.546,1,55,22.01,5.38,0,0,0.09,37.16,55.89,-18.73,6.34,12.26,dân ca/pop,Phương Mỹ Chi,0,0,1,0
SIM_02338,FAKE_CAR_0293,MAZDA2_15_UK_MT,Mazda,Mazda2 hatchback 1.5 MZR 103ps,2008,1.498,7.6,5.7,90,89.2,99.8,75.4,0.22,2016,41,20.4,0,8,0,4.8,2.32,3.18,20,0.312,1,55,8.46,3.57,0,0,0.09,65.91,45.23,20.68,30.39,14.1,rock,không rõ,0,0,0,0
SIM_02339,FAKE_CAR_0293,MAZDA2_15_UK_MT,Mazda,Mazda2 hatchback 1.5 MZR 103ps,2008,1.498,7.6,5.7,90,89.2,99.8,81.6,0.22,1975,44,20.4,13,10,0,2,2.32,3.18,50,0.516,1,55,21.49,5.33,0,0,0.09,65.11,72.22,-7.11,17.39,12.57,pop,Hòa Minzy,0,0,1,0
SIM_02340,FAKE_CAR_0293,MAZDA2_15_UK_MT,Mazda,Mazda2 hatchback 1.5 MZR 103ps,2008,1.498,7.6,5.7,90,89.2,99.8,74.2,0.22,2099,36,20.4,0,0,0,1.3,2.32,3.18,50,0.635,1,55,23.54,5.54,0,0,0.09,67.53,50.78,16.75,43.51,14.15,dân ca/pop,Phương Mỹ Chi,0,0,0,0
SIM_02341,FAKE_CAR_0293,MAZDA2_15_UK_MT,Mazda,Mazda2 hatchback 1.5 MZR 103ps,2008,1.498,7.6,5.7,90,89.2,99.8,79.5,0.22,934,0,20.4,0,15,0,3.8,2.32,3.18,20,0.593,1,55,10.74,3.68,0,0,0.09,36.75,53.62,-16.87,-4.77,12.37,bolero,Lệ Quyên,0,0,1,0
SIM_02342,FAKE_CAR_0293,MAZDA2_15_UK_MT,Mazda,Mazda2 hatchback 1.5 MZR 103ps,2008,1.498,7.6,5.7,90,89.2,99.8,70,0.22,2495,40,20.4,9,5,0,3.7,2.32,3.18,95,0.568,1,55,50,9.64,0,0,0.09,75.25,97.74,-22.49,34.83,12.17,nhạc trẻ,Lam Trường,0,0,1,1
SIM_02343,FAKE_CAR_0293,MAZDA2_15_UK_MT,Mazda,Mazda2 hatchback 1.5 MZR 103ps,2008,1.498,7.6,5.7,90,89.2,99.8,74.7,0.22,947,0,20.4,0,0,0,3.1,2.32,3.18,80,0.592,1,55,40.39,8.14,0,0,0.09,37.23,72.03,-34.8,11.41,11.94,bolero,Lệ Quyên,0,0,1,1
SIM_02344,FAKE_CAR_0293,MAZDA2_15_UK_MT,Mazda,Mazda2 hatchback 1.5 MZR 103ps,2008,1.498,7.6,5.7,90,89.2,99.8,70,0.22,967,0,20.4,10,14,16,3,2.32,3.18,35,0.802,1,55,18.51,4.66,0,0,0.09,37.97,86.57,-48.6,-27.75,11.51,bolero,Lệ Quyên,0,0,1,0
SIM_02345,FAKE_CAR_0294,HONDA_FIT15_CA_MT,Honda,Fit hatchback 1.5 DX,2008,1.5,7.1,6.5,75,98.6,99.7,58.2,0.5,2579,12,14.2,12,10,0,4.8,1.43,3.07,20,0.391,0,0,0,3.49,0,0,0.014,70.25,44.49,25.76,27.82,14.09,dân ca/pop,Phương Mỹ Chi,1,1,0,0
SIM_02346,FAKE_CAR_0294,HONDA_FIT15_CA_MT,Honda,Fit hatchback 1.5 DX,2008,1.5,7.1,6.5,75,98.6,99.7,58.6,0.5,850,0,14.2,0,16,0,2.8,1.43,3.07,65,0.46,0,0,0,6.23,0,0,0.014,31.02,39.23,-8.21,-3.41,12.58,dân ca/pop,Phương Mỹ Chi,1,0,0,0
SIM_02347,FAKE_CAR_0294,HONDA_FIT15_CA_MT,Honda,Fit hatchback 1.5 DX,2008,1.5,7.1,6.5,75,98.6,99.7,58.1,0.5,2203,18,14.2,0,5,0,5.2,1.43,3.07,50,0.269,0,0,0,4.78,0,0,0.014,64.07,29.18,34.89,38.24,14.09,rock,không rõ,1,0,0,0
SIM_02348,FAKE_CAR_0294,HONDA_FIT15_CA_MT,Honda,Fit hatchback 1.5 DX,2008,1.5,7.1,6.5,75,98.6,99.7,56.7,0.5,759,0,14.2,0,8,0,4.5,1.43,3.07,20,0.573,0,0,0,3.57,0,0,0.014,27.94,30.27,-2.33,-0.19,12.73,dân ca/pop,Phương Mỹ Chi,1,0,0,0
SIM_02349,FAKE_CAR_0294,HONDA_FIT15_CA_MT,Honda,Fit hatchback 1.5 DX,2008,1.5,7.1,6.5,75,98.6,99.7,64.9,0.5,740,0,14.2,0,0,9,4.4,1.43,3.07,80,0.778,0,0,0,8.75,0,0,0.014,27.3,36.35,-9.05,-1.73,12.59,dân ca/pop,Phương Mỹ Chi,1,0,1,0
SIM_02350,FAKE_CAR_0294,HONDA_FIT15_CA_MT,Honda,Fit hatchback 1.5 DX,2008,1.5,7.1,6.5,75,98.6,99.7,64.1,0.5,849,0,14.2,0,0,0,4.6,1.43,3.07,10,0.371,0,0,0,3.2,0,0,0.014,30.98,22,8.98,10.75,14.2,rock,không rõ,1,0,0,0
SIM_02351,FAKE_CAR_0294,HONDA_FIT15_CA_MT,Honda,Fit hatchback 1.5 DX,2008,1.5,7.1,6.5,75,98.6,99.7,58.4,0.5,857,0,14.2,0,5,9,5,1.43,3.07,80,0.265,0,0,0,6.76,0,0,0.014,31.25,39.96,-8.71,-3.38,12.61,instrumental,không rõ,1,0,1,0
SIM_02352,FAKE_CAR_0294,HONDA_FIT15_CA_MT,Honda,Fit hatchback 1.5 DX,2008,1.5,7.1,6.5,75,98.6,99.7,59.9,0.5,827,0,14.2,0,11,0,5.7,1.43,3.07,35,0.68,0,0,0,4.42,0,0,0.014,30.24,35.32,-5.08,-2.09,12.77,instrumental,không rõ,1,1,1,0
SIM_02353,FAKE_CAR_0295,YARIS13_UK_MT,Toyota,Yaris hatchback 1.3 VVT-i,2008,1.3,7.2,6,90,86.4,88.4,32.5,0.39,1648,27,13,0,0,0,6.7,2.26,2.07,80,0.65,0,0,0,7.25,0,0,0.154,56.89,26.95,29.94,34.93,14.1,instrumental,không rõ,0,0,0,0
SIM_02354,FAKE_CAR_0295,YARIS13_UK_MT,Toyota,Yaris hatchback 1.3 VVT-i,2008,1.3,7.2,6,90,86.4,88.4,30.4,0.39,2189,45,13,0,0,14,6.1,2.26,2.07,35,0.579,0,0,0,3.32,0,0,0.154,67.11,36.42,30.69,31.75,14.1,pop,Hòa Minzy,0,0,0,0
SIM_02355,FAKE_CAR_0295,YARIS13_UK_MT,Toyota,Yaris hatchback 1.3 VVT-i,2008,1.3,7.2,6,90,86.4,88.4,24.3,0.39,2417,20,13,0,5,0,6.7,2.26,2.07,95,0.277,0,0,0,7.03,0,0,0.154,71.42,31.73,39.69,44.46,14.03,nhạc trẻ,Lam Trường,0,0,0,0
SIM_02356,FAKE_CAR_0295,YARIS13_UK_MT,Toyota,Yaris hatchback 1.3 VVT-i,2008,1.3,7.2,6,90,86.4,88.4,33.2,0.39,788,0,13,0,0,0,6.8,2.26,2.07,80,0.347,0,0,0,6.08,0,0,0.154,30.41,25.88,4.53,8.35,14.08,instrumental,không rõ,0,0,0,0
SIM_02357,FAKE_CAR_0295,YARIS13_UK_MT,Toyota,Yaris hatchback 1.3 VVT-i,2008,1.3,7.2,6,90,86.4,88.4,36.7,0.39,973,0,13,0,11,12,5,2.26,2.07,10,0.236,0,0,0,2.19,0,0,0.154,36.99,43.19,-6.2,-6.27,12.64,rock,không rõ,0,0,0,0
SIM_02358,FAKE_CAR_0295,YARIS13_UK_MT,Toyota,Yaris hatchback 1.3 VVT-i,2008,1.3,7.2,6,90,86.4,88.4,35.9,0.39,1902,16,13,8,11,13,5.5,2.26,2.07,20,0.725,0,0,0,2.63,0,0,0.154,61.69,53.13,8.56,8.93,14.02,dân ca/pop,Phương Mỹ Chi,0,0,0,0
SIM_02359,FAKE_CAR_0295,YARIS13_UK_MT,Toyota,Yaris hatchback 1.3 VVT-i,2008,1.3,7.2,6,90,86.4,88.4,37.7,0.39,2206,12,13,0,9,0,4.9,2.26,2.07,65,0.268,0,0,0,4.7,0,0,0.154,67.43,31.6,35.83,38.27,14.07,instrumental,không rõ,0,0,0,0
SIM_02360,FAKE_CAR_0295,YARIS13_UK_MT,Toyota,Yaris hatchback 1.3 VVT-i,2008,1.3,7.2,6,90,86.4,88.4,36.9,0.39,889,0,13,10,5,0,6.5,2.26,2.07,95,0.824,0,0,0,9.85,0,0,0.154,34,44.35,-10.35,-2.76,12.47,pop,Hòa Minzy,0,0,1,0
SIM_02361,FAKE_CAR_0296,YARIS13_UK_MM,Toyota,Yaris hatchback 1.3 VVT-i,2008,1.3,6.7,5.8,80,90.4,97.2,43.2,0.35,1820,61,16.5,0,8,0,6.7,1.85,3.1,50,0.222,1,28,8.37,4.72,0,0,0.509,55.93,44.29,11.64,22.88,13.78,nhạc trẻ,Lam Trường,0,0,0,0
SIM_02362,FAKE_CAR_0296,YARIS13_UK_MM,Toyota,Yaris hatchback 1.3 VVT-i,2008,1.3,6.7,5.8,80,90.4,97.2,40.3,0.35,763,0,16.5,0,0,13,6.6,1.85,3.1,35,0.38,1,28,6.83,4.16,0,0,0.509,27.46,47.09,-19.63,-10.49,12.12,dân ca/pop,Phương Mỹ Chi,0,0,1,0
SIM_02363,FAKE_CAR_0296,YARIS13_UK_MM,Toyota,Yaris hatchback 1.3 VVT-i,2008,1.3,6.7,5.8,80,90.4,97.2,36.8,0.35,736,0,16.5,13,0,0,4,1.85,3.1,35,0.577,1,28,8.04,4.35,0,0,0.509,26.56,45.89,-19.33,-8.79,12.07,bolero,Lệ Quyên,0,0,1,0
SIM_02364,FAKE_CAR_0296,YARIS13_UK_MM,Toyota,Yaris hatchback 1.3 VVT-i,2008,1.3,6.7,5.8,80,90.4,97.2,39.7,0.35,985,0,16.5,12,11,11,6.4,1.85,3.1,20,0.367,1,28,4.53,3.51,0,0,0.509,34.8,64.94,-30.14,-23.95,11.83,rock,không rõ,0,0,1,0
SIM_02365,FAKE_CAR_0296,YARIS13_UK_MM,Toyota,Yaris hatchback 1.3 VVT-i,2008,1.3,6.7,5.8,80,90.4,97.2,43.9,0.35,2682,36,16.5,0,0,0,3.9,1.85,3.1,20,0.443,1,28,4.85,3.54,0,0,0.509,68.7,28.79,39.91,46.45,13.85,nhạc trẻ,Lam Trường,0,0,0,0
SIM_02366,FAKE_CAR_0296,YARIS13_UK_MM,Toyota,Yaris hatchback 1.3 VVT-i,2008,1.3,6.7,5.8,80,90.4,97.2,42.5,0.35,737,0,16.5,0,11,0,4.3,1.85,3.1,65,0.598,1,28,15.84,6.64,0,0,0.509,26.6,54.28,-27.68,-7.05,11.79,bolero,Lệ Quyên,0,0,1,0
SIM_02367,FAKE_CAR_0296,YARIS13_UK_MM,Toyota,Yaris hatchback 1.3 VVT-i,2008,1.3,6.7,5.8,80,90.4,97.2,48.5,0.35,2754,50,16.5,0,11,0,4.4,1.85,3.1,10,0.562,1,28,4.13,3.26,0,0,0.509,68.7,39.29,29.41,34.95,13.8,bolero,Lệ Quyên,0,0,0,0
SIM_02368,FAKE_CAR_0296,YARIS13_UK_MM,Toyota,Yaris hatchback 1.3 VVT-i,2008,1.3,6.7,5.8,80,90.4,97.2,43.2,0.35,819,0,16.5,9,5,9,7.1,1.85,3.1,95,0.332,1,28,20.84,8.35,0,0,0.509,29.31,75.79,-46.48,-19.14,11.45,instrumental,không rõ,0,0,1,0
SIM_02369,FAKE_CAR_0297,YARIS13_NCP_2NZ,Toyota,Yaris 1.3 NCP9# / 2NZ-FE,2008,1.3,,,80,88.5,78.8,46.9,0.42,988,0,20.5,0,0,0,6.5,1.58,2.2,95,0.626,1,12,11.4,8.96,1,6.18,0.145,34.16,53.54,-19.38,5.58,12.21,rock,không rõ,0,0,1,0
SIM_02370,FAKE_CAR_0297,YARIS13_NCP_2NZ,Toyota,Yaris 1.3 NCP9# / 2NZ-FE,2008,1.3,,,80,88.5,78.8,50.6,0.42,1739,31,20.5,0,15,0,5,1.58,2.2,35,0.787,1,12,4,3.66,1,6.18,0.145,53.37,54.34,-0.97,11.29,12.75,rock,không rõ,0,0,0,0
SIM_02371,FAKE_CAR_0297,YARIS13_NCP_2NZ,Toyota,Yaris 1.3 NCP9# / 2NZ-FE,2008,1.3,,,80,88.5,78.8,55.9,0.42,941,0,20.5,12,0,0,3.3,1.58,2.2,95,0.847,1,12,13.25,10,1,6.18,0.145,32.64,65.23,-32.59,-4.74,11.95,rock,không rõ,0,0,1,0
SIM_02372,FAKE_CAR_0297,YARIS13_NCP_2NZ,Toyota,Yaris 1.3 NCP9# / 2NZ-FE,2008,1.3,,,80,88.5,78.8,51.1,0.42,814,0,20.5,0,13,0,6.2,1.58,2.2,50,0.503,1,12,4.64,4.32,1,6.18,0.145,28.53,54.84,-26.31,-12.75,12.11,bolero,Lệ Quyên,0,0,1,0
SIM_02373,FAKE_CAR_0297,YARIS13_NCP_2NZ,Toyota,Yaris 1.3 NCP9# / 2NZ-FE,2008,1.3,,,80,88.5,78.8,48.6,0.42,2456,21,20.5,0,8,0,6.4,1.58,2.2,10,0.811,1,12,2.11,2.39,1,6.18,0.145,65.69,45.58,20.11,29.21,14.01,nhạc trẻ,Lam Trường,0,0,0,0
SIM_02374,FAKE_CAR_0297,YARIS13_NCP_2NZ,Toyota,Yaris 1.3 NCP9# / 2NZ-FE,2008,1.3,,,80,88.5,78.8,57.9,0.42,868,0,20.5,0,11,0,3.9,1.58,2.2,50,0.698,1,12,5.37,4.67,1,6.18,0.145,30.28,51.62,-21.34,-6.7,12.26,dân ca/pop,Phương Mỹ Chi,0,0,1,0
SIM_02375,FAKE_CAR_0297,YARIS13_NCP_2NZ,Toyota,Yaris 1.3 NCP9# / 2NZ-FE,2008,1.3,,,80,88.5,78.8,59.7,0.42,744,0,20.5,0,9,0,3.5,1.58,2.2,80,0.745,1,12,9.83,7.75,1,6.18,0.145,26.26,56.76,-30.5,-8.32,11.96,dân ca/pop,Phương Mỹ Chi,0,0,1,0
SIM_02376,FAKE_CAR_0297,YARIS13_NCP_2NZ,Toyota,Yaris 1.3 NCP9# / 2NZ-FE,2008,1.3,,,80,88.5,78.8,46.6,0.42,1831,41,20.5,0,0,13,4.3,1.58,2.2,35,0.437,1,12,3.08,3.31,1,6.18,0.145,54.95,50.37,4.58,15.57,14.06,instrumental,không rõ,0,0,0,0
SIM_02377,FAKE_CAR_0298,YARIS15_CA_MT,Toyota,Yaris hatchback 1.5,2008,1.5,7,6.3,80,95.9,57,55.1,0.5,2630,31,14,0,9,14,6.7,2.28,2.5,35,0.67,0,0,0,3.84,1,13.61,0.05,72.88,61.15,11.73,26.9,14.07,rock,không rõ,0,0,0,0
SIM_02378,FAKE_CAR_0298,YARIS15_CA_MT,Toyota,Yaris hatchback 1.5,2008,1.5,7,6.3,80,95.9,57,50.3,0.5,1920,37,14,0,5,13,4.5,2.28,2.5,10,0.796,0,0,0,2.69,1,13.61,0.05,61.2,52.8,8.4,22.42,14.17,pop,Hòa Minzy,0,0,0,0
SIM_02379,FAKE_CAR_0298,YARIS15_CA_MT,Toyota,Yaris hatchback 1.5,2008,1.5,7,6.3,80,95.9,57,55.9,0.5,980,0,14,0,0,0,4,2.28,2.5,65,0.254,0,0,0,5.09,1,13.61,0.05,36.74,36.7,0.04,16.46,14.06,bolero,Lệ Quyên,0,0,0,0
SIM_02380,FAKE_CAR_0298,YARIS15_CA_MT,Toyota,Yaris hatchback 1.5,2008,1.5,7,6.3,80,95.9,57,42.3,0.5,997,0,14,0,8,0,4.5,2.28,2.5,80,0.594,0,0,0,7.47,1,13.61,0.05,37.33,47.58,-10.25,8.55,12.61,nhạc trẻ,Lam Trường,0,0,1,0
SIM_02381,FAKE_CAR_0298,YARIS15_CA_MT,Toyota,Yaris hatchback 1.5,2008,1.5,7,6.3,80,95.9,57,49.1,0.5,2917,53,14,0,16,14,3.4,2.28,2.5,20,0.49,0,0,0,2.96,1,13.61,0.05,72.88,63.97,8.91,23.2,14.18,dân ca/pop,Phương Mỹ Chi,0,0,0,0
SIM_02382,FAKE_CAR_0298,YARIS15_CA_MT,Toyota,Yaris hatchback 1.5,2008,1.5,7,6.3,80,95.9,57,45.2,0.5,1633,44,14,0,0,0,3.8,2.28,2.5,95,0.72,0,0,0,9.74,1,13.61,0.05,55.85,41.15,14.7,35.77,14.14,instrumental,không rõ,0,0,0,0
SIM_02383,FAKE_CAR_0298,YARIS15_CA_MT,Toyota,Yaris hatchback 1.5,2008,1.5,7,6.3,80,95.9,57,44.2,0.5,769,0,14,0,0,11,5.6,2.28,2.5,95,0.562,0,0,0,8.93,1,13.61,0.05,29.34,53.14,-23.8,-3.54,12.24,rock,không rõ,0,0,1,0
SIM_02384,FAKE_CAR_0298,YARIS15_CA_MT,Toyota,Yaris hatchback 1.5,2008,1.5,7,6.3,80,95.9,57,55.3,0.5,796,0,14,11,5,11,5.9,2.28,2.5,20,0.605,0,0,0,3.01,1,13.61,0.05,30.28,63.52,-33.24,-18.9,11.99,rock,không rõ,0,0,1,0
SIM_02385,FAKE_CAR_0299,YARIS15_CA_AT,Toyota,Yaris hatchback 1.5,2008,1.5,7,6.4,80,92.4,84.5,58.4,0.37,864,0,14.7,0,10,12,5.7,3.01,1.64,10,0.36,0,0,0,1.77,0,0,0.067,31.48,44.17,-12.69,-13.93,12.53,bolero,Lệ Quyên,0,0,0,0
SIM_02386,FAKE_CAR_0299,YARIS15_CA_AT,Toyota,Yaris hatchback 1.5,2008,1.5,7,6.4,80,92.4,84.5,58.7,0.37,795,0,14.7,11,14,0,3.8,3.01,1.64,95,0.732,0,0,0,8.94,0,0,0.067,29.15,52.44,-23.29,-17.36,12.22,rock,không rõ,0,0,1,0
SIM_02387,FAKE_CAR_0299,YARIS15_CA_AT,Toyota,Yaris hatchback 1.5,2008,1.5,7,6.4,80,92.4,84.5,66.3,0.37,892,0,14.7,0,0,0,4.6,3.01,1.64,35,0.616,0,0,0,2.93,0,0,0.067,32.42,22.23,10.19,10.11,14.14,instrumental,không rõ,0,0,0,0
SIM_02388,FAKE_CAR_0299,YARIS15_CA_AT,Toyota,Yaris hatchback 1.5,2008,1.5,7,6.4,80,92.4,84.5,68,0.37,2996,38,14.7,0,12,0,5.1,3.01,1.64,50,0.278,0,0,0,3.36,0,0,0.067,70.22,35.16,35.06,35.41,14.13,pop,Hòa Minzy,0,0,0,0
SIM_02389,FAKE_CAR_0299,YARIS15_CA_AT,Toyota,Yaris hatchback 1.5,2008,1.5,7,6.4,80,92.4,84.5,68.6,0.37,1000,0,14.7,0,5,0,5.3,3.01,1.64,35,0.515,0,0,0,2.83,0,0,0.067,36.07,27.83,8.24,8.06,14.15,nhạc trẻ,Lam Trường,0,0,0,0
SIM_02390,FAKE_CAR_0299,YARIS15_CA_AT,Toyota,Yaris hatchback 1.5,2008,1.5,7,6.4,80,92.4,84.5,67.1,0.37,1960,32,14.7,8,13,0,5.2,3.01,1.64,50,0.521,0,0,0,3.8,0,0,0.067,59.69,44.7,14.99,15.78,14.14,pop,Hòa Minzy,0,0,0,0
SIM_02391,FAKE_CAR_0299,YARIS15_CA_AT,Toyota,Yaris hatchback 1.5,2008,1.5,7,6.4,80,92.4,84.5,59.7,0.37,2422,35,14.7,0,0,12,3.6,3.01,1.64,20,0.525,0,0,0,2.12,0,0,0.067,67.98,32.42,35.56,34.67,14.17,nhạc trẻ,Lam Trường,0,0,0,0
SIM_02392,FAKE_CAR_0299,YARIS15_CA_AT,Toyota,Yaris hatchback 1.5,2008,1.5,7,6.4,80,92.4,84.5,67.5,0.37,2969,24,14.7,14,5,0,5.6,3.01,1.64,80,0.566,0,0,0,6.5,0,0,0.067,70.22,45.8,24.42,27.91,14.06,dân ca/pop,Phương Mỹ Chi,0,0,0,0
SIM_02393,FAKE_CAR_0300,YARIS10_UK_MT,Toyota,Yaris hatchback 1.0 VVT-i,2008,1,6.4,5.4,75,97,89,42.7,0.36,2691,22,12.8,0,5,16,3.8,2.9,2.56,10,0.264,0,0,0,2.68,0,0,0.117,69.11,40.28,28.83,28.61,14.02,nhạc trẻ,Lam Trường,0,0,0,0
SIM_02394,FAKE_CAR_0300,YARIS10_UK_MT,Toyota,Yaris hatchback 1.0 VVT-i,2008,1,6.4,5.4,75,97,89,54.4,0.36,2809,63,12.8,0,0,0,4.8,2.9,2.56,10,0.271,0,0,0,2.68,0,0,0.117,69.11,20.28,48.83,48.61,14.15,dân ca/pop,Phương Mỹ Chi,0,0,0,0
SIM_02395,FAKE_CAR_0300,YARIS10_UK_MT,Toyota,Yaris hatchback 1.0 VVT-i,2008,1,6.4,5.4,75,97,89,51.9,0.36,1638,32,12.8,12,5,0,4.7,2.9,2.56,80,0.685,0,0,0,7.88,0,0,0.117,53.05,42.38,10.67,15.65,14.12,nhạc trẻ,Lam Trường,0,0,0,0
SIM_02396,FAKE_CAR_0300,YARIS10_UK_MT,Toyota,Yaris hatchback 1.0 VVT-i,2008,1,6.4,5.4,75,97,89,47.2,0.36,736,0,12.8,12,15,0,6.3,2.9,2.56,20,0.667,0,0,0,3.09,0,0,0.117,26.72,49.19,-22.47,-22.28,12.24,rock,không rõ,0,0,0,0
SIM_02397,FAKE_CAR_0300,YARIS10_UK_MT,Toyota,Yaris hatchback 1.0 VVT-i,2008,1,6.4,5.4,75,97,89,43.4,0.36,824,0,12.8,0,11,0,5.7,2.9,2.56,20,0.39,0,0,0,2.98,0,0,0.117,29.65,32.48,-2.83,-2.75,12.76,instrumental,không rõ,0,0,0,0
SIM_02398,FAKE_CAR_0300,YARIS10_UK_MT,Toyota,Yaris hatchback 1.0 VVT-i,2008,1,6.4,5.4,75,97,89,46.7,0.36,2686,17,12.8,0,0,0,6.8,2.9,2.56,50,0.444,0,0,0,4.58,0,0,0.117,69.11,24.18,44.93,46.61,14.01,instrumental,không rõ,0,0,0,0
SIM_02399,FAKE_CAR_0300,YARIS10_UK_MT,Toyota,Yaris hatchback 1.0 VVT-i,2008,1,6.4,5.4,75,97,89,46.4,0.36,2672,53,12.8,0,12,0,5.8,2.9,2.56,65,0.613,0,0,0,6.14,0,0,0.117,69.11,36.74,32.37,35.61,14.08,rock,không rõ,0,0,0,0
SIM_02400,FAKE_CAR_0300,YARIS10_UK_MT,Toyota,Yaris hatchback 1.0 VVT-i,2008,1,6.4,5.4,75,97,89,44.3,0.36,2322,36,12.8,0,14,0,7,2.9,2.56,80,0.585,0,0,0,7.49,0,0,0.117,65.14,41.29,23.85,28.44,14.03,dân ca/pop,Phương Mỹ Chi,0,0,0,0
SIM_02401,FAKE_CAR_0301,AYGO10_UK_MT,Toyota,Aygo hatchback 1.0 VVT-i,2008,1,5.5,4.6,70,90.8,82.6,81.7,0.72,2574,14,22,0,9,0,4.2,1.98,3,80,0.615,1,12,8.97,8.05,0,0,0.133,60.38,52.22,8.16,23.2,14.13,pop,Hòa Minzy,0,0,0,0
SIM_02402,FAKE_CAR_0301,AYGO10_UK_MT,Toyota,Aygo hatchback 1.0 VVT-i,2008,1,5.5,4.6,70,90.8,82.6,83,0.72,2173,45,22,0,0,0,1.9,1.98,3,50,0.705,1,12,5.4,5.48,0,0,0.133,54.61,34.78,19.83,28.73,14.11,nhạc trẻ,Lam Trường,0,0,0,0
SIM_02403,FAKE_CAR_0301,AYGO10_UK_MT,Toyota,Aygo hatchback 1.0 VVT-i,2008,1,5.5,4.6,70,90.8,82.6,84.5,0.72,733,0,22,0,16,0,2.2,1.98,3,20,0.23,1,12,1.7,3.36,0,0,0.133,23.26,45.26,-22,-18.92,12.25,nhạc trẻ,Lam Trường,0,0,0,0
SIM_02404,FAKE_CAR_0301,AYGO10_UK_MT,Toyota,Aygo hatchback 1.0 VVT-i,2008,1,5.5,4.6,70,90.8,82.6,73.2,0.72,840,0,22,0,14,14,4.8,1.98,3,10,0.622,1,12,1.85,3.16,0,0,0.133,26.37,59.81,-33.44,-30.41,11.99,instrumental,không rõ,0,0,0,0
SIM_02405,FAKE_CAR_0301,AYGO10_UK_MT,Toyota,Aygo hatchback 1.0 VVT-i,2008,1,5.5,4.6,70,90.8,82.6,79.7,0.72,2612,35,22,0,0,0,2.7,1.98,3,20,0.546,1,12,2.26,3.49,0,0,0.133,60.38,30.45,29.93,33.7,14.07,rock,không rõ,0,0,0,0
SIM_02406,FAKE_CAR_0301,AYGO10_UK_MT,Toyota,Aygo hatchback 1.0 VVT-i,2008,1,5.5,4.6,70,90.8,82.6,75,0.72,861,0,22,0,5,0,3.3,1.98,3,80,0.856,1,12,10.57,8.98,0,0,0.133,26.98,49.85,-22.87,-5.3,12.16,bolero,Lệ Quyên,0,0,1,0
SIM_02407,FAKE_CAR_0301,AYGO10_UK_MT,Toyota,Aygo hatchback 1.0 VVT-i,2008,1,5.5,4.6,70,90.8,82.6,82.9,0.72,2087,48,22,0,0,0,3.3,1.98,3,95,0.518,1,12,10.49,9.2,0,0,0.133,53.28,44.99,8.29,26,14.04,nhạc trẻ,Lam Trường,0,0,0,0
SIM_02408,FAKE_CAR_0301,AYGO10_UK_MT,Toyota,Aygo hatchback 1.0 VVT-i,2008,1,5.5,4.6,70,90.8,82.6,84.8,0.72,1908,39,22,0,16,15,1.6,1.98,3,50,0.666,1,12,5.25,5.42,0,0,0.133,50.52,65.27,-14.75,-6.06,12.47,bolero,Lệ Quyên,0,0,1,0
SIM_02409,FAKE_CAR_0302,AURIS14_UK_MT,Toyota,Auris hatchback 1.4 VVT-i,2008,1.4,8.7,6.9,90,71.7,75.3,33.3,0.56,930,0,16.8,13,0,11,5,1.36,1.95,35,0.657,0,0,0,3.28,0,0,0.096,29.43,49.08,-19.65,-17.73,12.27,rock,không rõ,0,0,0,0
SIM_02410,FAKE_CAR_0302,AURIS14_UK_MT,Toyota,Auris hatchback 1.4 VVT-i,2008,1.4,8.7,6.9,90,71.7,75.3,31.1,0.56,932,0,16.8,0,5,0,8,1.36,1.95,35,0.311,0,0,0,2.94,0,0,0.096,29.48,32.74,-3.26,-1.68,12.75,pop,Hòa Minzy,0,0,1,0
SIM_02411,FAKE_CAR_0302,AURIS14_UK_MT,Toyota,Auris hatchback 1.4 VVT-i,2008,1.4,8.7,6.9,90,71.7,75.3,25.7,0.56,963,0,16.8,0,0,0,7.8,1.36,1.95,50,0.812,0,0,0,4.63,0,0,0.096,30.4,29.23,1.17,4.44,14.04,rock,không rõ,0,0,0,0
SIM_02412,FAKE_CAR_0302,AURIS14_UK_MT,Toyota,Auris hatchback 1.4 VVT-i,2008,1.4,8.7,6.9,90,71.7,75.3,28.2,0.56,832,0,16.8,0,9,0,5.5,1.36,1.95,35,0.289,0,0,0,2.92,0,0,0.096,26.53,34.22,-7.69,-6.13,12.6,dân ca/pop,Phương Mỹ Chi,0,0,0,0
SIM_02413,FAKE_CAR_0302,AURIS14_UK_MT,Toyota,Auris hatchback 1.4 VVT-i,2008,1.4,8.7,6.9,90,71.7,75.3,24.9,0.56,1898,52,16.8,0,10,14,6.8,1.36,1.95,80,0.2,0,0,0,5.39,0,0,0.096,51.13,52.99,-1.86,2.17,12.7,bolero,Lệ Quyên,0,0,0,0
SIM_02414,FAKE_CAR_0302,AURIS14_UK_MT,Toyota,Auris hatchback 1.4 VVT-i,2008,1.4,8.7,6.9,90,71.7,75.3,32.4,0.56,846,0,16.8,0,14,14,6.7,1.36,1.95,20,0.37,0,0,0,2.37,0,0,0.096,26.95,53.87,-26.92,-25.91,12.06,pop,Hòa Minzy,0,0,0,0
SIM_02415,FAKE_CAR_0302,AURIS14_UK_MT,Toyota,Auris hatchback 1.4 VVT-i,2008,1.4,8.7,6.9,90,71.7,75.3,26.9,0.56,798,0,16.8,0,14,0,7.9,1.36,1.95,80,0.781,0,0,0,7.64,0,0,0.096,25.53,46.34,-20.81,-14.53,12.26,dân ca/pop,Phương Mỹ Chi,0,0,1,0
SIM_02416,FAKE_CAR_0302,AURIS14_UK_MT,Toyota,Auris hatchback 1.4 VVT-i,2008,1.4,8.7,6.9,90,71.7,75.3,33.5,0.56,815,0,16.8,0,9,0,6.7,1.36,1.95,95,0.401,0,0,0,7.55,0,0,0.096,26.03,40.05,-14.02,-7.83,12.46,pop,Hòa Minzy,0,0,1,0
SIM_02417,FAKE_CAR_0303,AURIS16_UK_MT,Toyota,Auris hatchback 1.6 VVT-i,2008,1.6,9,7.1,95,64.3,45.9,40.3,0.71,820,0,19.1,10,5,11,4.4,1.68,3.21,95,0.766,0,0,0,10,0,0,0.109,24.78,59.5,-34.72,-26.4,11.9,rock,không rõ,0,0,1,0
SIM_02418,FAKE_CAR_0303,AURIS16_UK_MT,Toyota,Auris hatchback 1.6 VVT-i,2008,1.6,9,7.1,95,64.3,45.9,40.2,0.71,776,0,19.1,0,0,0,6.5,1.68,3.21,80,0.242,0,0,0,6.81,0,0,0.109,23.55,32.41,-8.86,-3.73,12.62,pop,Hòa Minzy,0,0,1,0
SIM_02419,FAKE_CAR_0303,AURIS16_UK_MT,Toyota,Auris hatchback 1.6 VVT-i,2008,1.6,9,7.1,95,64.3,45.9,36.6,0.71,840,0,19.1,13,0,0,7.2,1.68,3.21,10,0.218,0,0,0,3.32,0,0,0.109,25.34,42.62,-17.28,-15.64,12.36,instrumental,không rõ,0,0,0,0
SIM_02420,FAKE_CAR_0303,AURIS16_UK_MT,Toyota,Auris hatchback 1.6 VVT-i,2008,1.6,9,7.1,95,64.3,45.9,35.7,0.71,2906,28,19.1,0,11,0,4.6,1.68,3.21,10,0.71,0,0,0,3.39,0,0,0.109,58.03,38.09,19.94,21.65,14.15,rock,không rõ,0,0,0,0
SIM_02421,FAKE_CAR_0303,AURIS16_UK_MT,Toyota,Auris hatchback 1.6 VVT-i,2008,1.6,9,7.1,95,64.3,45.9,43.9,0.71,838,0,19.1,9,0,0,3.7,1.68,3.21,65,0.783,0,0,0,7.26,0,0,0.109,25.29,39.06,-13.77,-8.19,12.39,pop,Hòa Minzy,0,0,1,0
SIM_02422,FAKE_CAR_0303,AURIS16_UK_MT,Toyota,Auris hatchback 1.6 VVT-i,2008,1.6,9,7.1,95,64.3,45.9,36.7,0.71,942,0,19.1,0,0,0,6.6,1.68,3.21,65,0.753,0,0,0,7.17,0,0,0.109,28.19,32.87,-4.68,0.81,12.68,dân ca/pop,Phương Mỹ Chi,0,0,1,0
SIM_02423,FAKE_CAR_0303,AURIS16_UK_MT,Toyota,Auris hatchback 1.6 VVT-i,2008,1.6,9,7.1,95,64.3,45.9,39.7,0.71,999,0,19.1,0,5,0,5.8,1.68,3.21,10,0.246,0,0,0,3.33,0,0,0.109,29.78,33.23,-3.45,-1.8,12.73,rock,không rõ,0,0,1,0
SIM_02424,FAKE_CAR_0303,AURIS16_UK_MT,Toyota,Auris hatchback 1.6 VVT-i,2008,1.6,9,7.1,95,64.3,45.9,45,0.71,2007,15,19.1,0,5,0,4.5,1.68,3.21,50,0.37,0,0,0,5.1,0,0,0.109,50.02,33.7,16.32,19.74,14.07,bolero,Lệ Quyên,0,0,0,0
SIM_02425,FAKE_CAR_0304,AVENSIS18_UK_MT,Toyota,Avensis sedan/hatch 1.8 VVT-i,2008,1.8,9.4,7.2,110,95.6,95.3,61.9,0.55,955,0,12.2,0,5,0,5.5,1.91,2.69,10,0.283,0,0,0,2.81,0,0,0.105,49.15,25.51,23.64,24.54,14.07,instrumental,không rõ,0,0,0,0
SIM_02426,FAKE_CAR_0304,AVENSIS18_UK_MT,Toyota,Avensis sedan/hatch 1.8 VVT-i,2008,1.8,9.4,7.2,110,95.6,95.3,50.7,0.55,723,0,12.2,0,0,0,3.9,1.91,2.69,95,0.371,0,0,0,8.14,0,0,0.105,38,24.24,13.76,19.99,14.11,dân ca/pop,Phương Mỹ Chi,0,0,0,0
SIM_02427,FAKE_CAR_0304,AVENSIS18_UK_MT,Toyota,Avensis sedan/hatch 1.8 VVT-i,2008,1.8,9.4,7.2,110,95.6,95.3,54.3,0.55,1965,37,12.2,0,5,0,6.4,1.91,2.69,95,0.305,0,0,0,7.8,0,0,0.105,85.04,31.4,53.64,59.53,14.11,dân ca/pop,Phương Mỹ Chi,0,0,0,0
SIM_02428,FAKE_CAR_0304,AVENSIS18_UK_MT,Toyota,Avensis sedan/hatch 1.8 VVT-i,2008,1.8,9.4,7.2,110,95.6,95.3,50.7,0.55,826,0,12.2,0,0,0,4.5,1.91,2.69,95,0.614,0,0,0,9.39,0,0,0.105,42.95,26.09,16.86,24.34,14.13,dân ca/pop,Phương Mỹ Chi,0,0,0,0
SIM_02429,FAKE_CAR_0304,AVENSIS18_UK_MT,Toyota,Avensis sedan/hatch 1.8 VVT-i,2008,1.8,9.4,7.2,110,95.6,95.3,51.7,0.55,801,0,12.2,0,5,0,3.1,1.91,2.69,65,0.797,0,0,0,6.77,0,0,0.105,41.75,27.07,14.68,19.54,14.02,instrumental,không rõ,0,0,0,0
SIM_02430,FAKE_CAR_0304,AVENSIS18_UK_MT,Toyota,Avensis sedan/hatch 1.8 VVT-i,2008,1.8,9.4,7.2,110,95.6,95.3,61.6,0.55,960,0,12.2,0,0,0,4.7,1.91,2.69,10,0.321,0,0,0,2.82,0,0,0.105,49.4,19.72,29.68,30.59,14.08,pop,Hòa Minzy,0,0,0,0
SIM_02431,FAKE_CAR_0304,AVENSIS18_UK_MT,Toyota,Avensis sedan/hatch 1.8 VVT-i,2008,1.8,9.4,7.2,110,95.6,95.3,63.1,0.55,898,0,12.2,0,0,15,4.6,1.91,2.69,80,0.632,0,0,0,7.8,0,0,0.105,46.41,39.6,6.81,12.7,14.14,instrumental,không rõ,0,0,0,0
SIM_02432,FAKE_CAR_0304,AVENSIS18_UK_MT,Toyota,Avensis sedan/hatch 1.8 VVT-i,2008,1.8,9.4,7.2,110,95.6,95.3,51.4,0.55,882,0,12.2,0,10,0,4.6,1.91,2.69,20,0.54,0,0,0,3.17,0,0,0.105,45.65,29.97,15.68,16.94,14.16,rock,không rõ,0,0,0,0
SIM_02433,FAKE_CAR_0305,RAV4_20_UK_MT,Toyota,RAV4 2.0 VVT-i,2008,2,11,8.6,115,85.7,82.6,66.4,0.48,838,0,22.5,14,13,0,4.3,3.02,2.25,10,0.51,0,0,0,2.4,0,0,0.106,40.8,56.2,-15.4,-16.02,12.38,nhạc trẻ,Lam Trường,0,0,0,0
SIM_02434,FAKE_CAR_0305,RAV4_20_UK_MT,Toyota,RAV4 2.0 VVT-i,2008,2,11,8.6,115,85.7,82.6,72.1,0.48,855,0,22.5,11,13,0,4.7,3.02,2.25,50,0.685,0,0,0,4.7,0,0,0.106,41.56,55.9,-14.34,-12.66,12.49,nhạc trẻ,Lam Trường,0,0,0,0
SIM_02435,FAKE_CAR_0305,RAV4_20_UK_MT,Toyota,RAV4 2.0 VVT-i,2008,2,11,8.6,115,85.7,82.6,69.6,0.48,1956,39,22.5,0,0,0,2.6,3.02,2.25,10,0.288,0,0,0,2.37,0,0,0.106,79.48,27.47,52.01,51.36,14.13,instrumental,không rõ,0,0,0,0
SIM_02436,FAKE_CAR_0305,RAV4_20_UK_MT,Toyota,RAV4 2.0 VVT-i,2008,2,11,8.6,115,85.7,82.6,74.7,0.48,895,0,22.5,0,5,16,2.8,3.02,2.25,80,0.74,0,0,0,7.78,0,0,0.106,43.36,54.08,-10.72,-5.96,12.51,nhạc trẻ,Lam Trường,0,0,0,0
SIM_02437,FAKE_CAR_0305,RAV4_20_UK_MT,Toyota,RAV4 2.0 VVT-i,2008,2,11,8.6,115,85.7,82.6,70.4,0.48,2626,48,22.5,0,5,0,3.3,3.02,2.25,95,0.378,0,0,0,7.73,0,0,0.106,93.63,38.53,55.1,59.81,14.05,bolero,Lệ Quyên,0,0,0,0
SIM_02438,FAKE_CAR_0305,RAV4_20_UK_MT,Toyota,RAV4 2.0 VVT-i,2008,2,11,8.6,115,85.7,82.6,67.3,0.48,1911,65,22.5,0,5,0,3.7,3.02,2.25,95,0.439,0,0,0,8.05,0,0,0.106,78.4,39.25,39.15,44.18,14.12,instrumental,không rõ,0,0,0,0
SIM_02439,FAKE_CAR_0305,RAV4_20_UK_MT,Toyota,RAV4 2.0 VVT-i,2008,2,11,8.6,115,85.7,82.6,68.3,0.48,2374,23,22.5,0,0,0,4,3.02,2.25,80,0.379,0,0,0,6.38,0,0,0.106,89.49,32.88,56.61,59.97,14.05,bolero,Lệ Quyên,0,0,0,0
SIM_02440,FAKE_CAR_0305,RAV4_20_UK_MT,Toyota,RAV4 2.0 VVT-i,2008,2,11,8.6,115,85.7,82.6,72.6,0.48,986,0,22.5,10,12,0,4,3.02,2.25,10,0.562,0,0,0,2.41,0,0,0.106,47.46,50.91,-3.45,-4.06,12.71,pop,Hòa Minzy,0,0,0,0
SIM_02441,FAKE_CAR_0306,MAZDA2_13_UK_MT,Mazda,Mazda2 hatchback 1.3 MZR 86ps 5 cửa,2008,1.349,6.9,5.2,75,76.3,82.6,37.9,0.17,2026,48,15,9,5,0,4.3,1.59,2.36,65,0.539,1,55,29.74,5.73,0,0,0.06,47.12,68.77,-21.65,12.23,12.26,bolero,Lệ Quyên,0,0,1,0
SIM_02442,FAKE_CAR_0306,MAZDA2_13_UK_MT,Mazda,Mazda2 hatchback 1.3 MZR 86ps 5 cửa,2008,1.349,6.9,5.2,75,76.3,82.6,38.6,0.17,2442,44,15,13,0,15,6.5,1.59,2.36,95,0.532,1,55,48.62,8.64,0,0,0.06,52.9,106.76,-53.86,1.81,11.53,pop,Hòa Minzy,0,0,1,0
SIM_02443,FAKE_CAR_0306,MAZDA2_13_UK_MT,Mazda,Mazda2 hatchback 1.3 MZR 86ps 5 cửa,2008,1.349,6.9,5.2,75,76.3,82.6,34.7,0.17,1818,16,15,0,16,11,5.9,1.59,2.36,35,0.4,1,55,13.66,3.44,0,0,0.06,44.23,65,-20.77,-5.26,12.33,instrumental,không rõ,0,0,1,0
SIM_02444,FAKE_CAR_0306,MAZDA2_13_UK_MT,Mazda,Mazda2 hatchback 1.3 MZR 86ps 5 cửa,2008,1.349,6.9,5.2,75,76.3,82.6,43.7,0.17,2405,12,15,0,9,0,7.7,1.59,2.36,10,0.615,1,55,8.45,2.52,0,0,0.06,52.39,42.67,9.72,19.1,14.16,rock,không rõ,0,0,0,0
SIM_02445,FAKE_CAR_0306,MAZDA2_13_UK_MT,Mazda,Mazda2 hatchback 1.3 MZR 86ps 5 cửa,2008,1.349,6.9,5.2,75,76.3,82.6,33,0.17,965,0,15,12,13,0,6.2,1.59,2.36,20,0.345,1,55,8.73,2.77,0,0,0.06,27.01,57.7,-30.69,-20.78,12.02,pop,Hòa Minzy,0,0,1,0
SIM_02446,FAKE_CAR_0306,MAZDA2_13_UK_MT,Mazda,Mazda2 hatchback 1.3 MZR 86ps 5 cửa,2008,1.349,6.9,5.2,75,76.3,82.6,39.7,0.17,2875,39,15,0,0,14,7.7,1.59,2.36,95,0.859,1,55,61.18,10,0,0,0.06,54.36,107.88,-53.52,16.07,11.54,instrumental,không rõ,0,0,1,0
SIM_02447,FAKE_CAR_0306,MAZDA2_13_UK_MT,Mazda,Mazda2 hatchback 1.3 MZR 86ps 5 cửa,2008,1.349,6.9,5.2,75,76.3,82.6,40.1,0.17,1730,59,15,14,9,0,7.8,1.59,2.36,10,0.701,1,55,8.98,2.53,0,0,0.06,43.01,57.31,-14.3,-4.38,12.49,bolero,Lệ Quyên,0,0,1,0
SIM_02448,FAKE_CAR_0306,MAZDA2_13_UK_MT,Mazda,Mazda2 hatchback 1.3 MZR 86ps 5 cửa,2008,1.349,6.9,5.2,75,76.3,82.6,36.5,0.17,2864,30,15,0,5,0,5.7,1.59,2.36,10,0.78,1,55,9.48,2.54,0,0,0.06,54.36,37.72,16.64,27.07,14.14,pop,Hòa Minzy,0,0,0,0
SIM_02449,FAKE_CAR_0307,MAZDA2_15_UK_MT,Mazda,Mazda2 hatchback 1.5 MZR 103ps,2008,1.498,7.6,5.7,95,96.2,84.6,61,0.69,998,0,14,0,5,0,4.5,1.82,2.34,65,0.604,1,55,31.26,5.89,0,0,0.027,44.51,60.65,-16.14,19.19,12.42,pop,Hòa Minzy,0,0,1,1
SIM_02450,FAKE_CAR_0307,MAZDA2_15_UK_MT,Mazda,Mazda2 hatchback 1.5 MZR 103ps,2008,1.498,7.6,5.7,95,96.2,84.6,69.4,0.69,916,0,14,0,14,0,1.8,1.82,2.34,20,0.525,1,55,10.19,2.82,0,0,0.027,41.09,42.81,-1.72,9.47,12.81,rock,không rõ,0,0,0,0
SIM_02451,FAKE_CAR_0307,MAZDA2_15_UK_MT,Mazda,Mazda2 hatchback 1.5 MZR 103ps,2008,1.498,7.6,5.7,95,96.2,84.6,73.7,0.69,962,0,14,0,5,18,3.1,1.82,2.34,95,0.675,1,55,54.11,9.35,0,0,0.027,43.01,103.56,-60.55,1.09,11.33,instrumental,không rõ,0,1,1,1
SIM_02452,FAKE_CAR_0307,MAZDA2_15_UK_MT,Mazda,Mazda2 hatchback 1.5 MZR 103ps,2008,1.498,7.6,5.7,95,96.2,84.6,62.2,0.69,918,0,14,12,8,0,2.6,1.82,2.34,10,0.761,1,55,9.36,2.52,0,0,0.027,41.17,48.48,-7.31,2.75,12.6,instrumental,không rõ,0,0,1,0
SIM_02453,FAKE_CAR_0307,MAZDA2_15_UK_MT,Mazda,Mazda2 hatchback 1.5 MZR 103ps,2008,1.498,7.6,5.7,95,96.2,84.6,64,0.69,2517,17,14,8,0,18,4.3,1.82,2.34,35,0.7,1,55,17.28,3.71,0,0,0.027,86.15,65.29,20.86,40.03,14.18,pop,Hòa Minzy,0,0,0,0
SIM_02454,FAKE_CAR_0307,MAZDA2_15_UK_MT,Mazda,Mazda2 hatchback 1.5 MZR 103ps,2008,1.498,7.6,5.7,95,96.2,84.6,63.1,0.69,734,0,14,0,5,0,3.5,1.82,2.34,50,0.68,1,55,24.31,4.78,0,0,0.027,33.49,51.59,-18.1,9.17,12.34,nhạc trẻ,Lam Trường,0,0,1,1
SIM_02455,FAKE_CAR_0307,MAZDA2_15_UK_MT,Mazda,Mazda2 hatchback 1.5 MZR 103ps,2008,1.498,7.6,5.7,95,96.2,84.6,72,0.69,988,0,14,0,5,17,4.4,1.82,2.34,95,0.45,1,55,45.47,8.19,0,0,0.027,44.1,94.06,-49.96,1.88,11.58,bolero,Lệ Quyên,0,0,1,1
SIM_02456,FAKE_CAR_0307,MAZDA2_15_UK_MT,Mazda,Mazda2 hatchback 1.5 MZR 103ps,2008,1.498,7.6,5.7,95,96.2,84.6,65.5,0.69,807,0,14,0,5,17,4.7,1.82,2.34,65,0.242,1,55,22.8,4.9,0,0,0.027,36.54,68.4,-31.86,-5.98,11.98,instrumental,không rõ,0,0,1,1
SIM_02457,FAKE_CAR_0308,HONDA_FIT15_CA_MT,Honda,Fit hatchback 1.5 DX,2008,1.5,7.1,6.5,80,94.2,47.1,63.9,0.18,2153,22,14.1,0,5,0,5.1,2.24,1.89,80,0.345,1,12,7.17,5.89,0,0,0.148,64.38,37.26,27.12,37.94,14.08,instrumental,không rõ,0,0,0,0
SIM_02458,FAKE_CAR_0308,HONDA_FIT15_CA_MT,Honda,Fit hatchback 1.5 DX,2008,1.5,7.1,6.5,80,94.2,47.1,66.3,0.18,2288,38,14.1,0,14,18,4.8,2.24,1.89,80,0.843,1,12,10.48,7.82,0,0,0.148,66.85,69.2,-2.35,13.71,12.72,pop,Hòa Minzy,0,0,0,0
SIM_02459,FAKE_CAR_0308,HONDA_FIT15_CA_MT,Honda,Fit hatchback 1.5 DX,2008,1.5,7.1,6.5,80,94.2,47.1,64.4,0.18,2753,29,14.1,0,5,0,5.4,2.24,1.89,80,0.71,1,12,9.6,7.31,0,0,0.148,71.59,41.41,30.18,44.85,14,pop,Hòa Minzy,0,0,0,0
SIM_02460,FAKE_CAR_0308,HONDA_FIT15_CA_MT,Honda,Fit hatchback 1.5 DX,2008,1.5,7.1,6.5,80,94.2,47.1,62.1,0.18,1640,45,14.1,0,16,0,2,2.24,1.89,20,0.848,1,12,2.79,2.49,0,0,0.148,54.99,37.38,17.61,20.65,14.03,nhạc trẻ,Lam Trường,0,0,0,0
SIM_02461,FAKE_CAR_0308,HONDA_FIT15_CA_MT,Honda,Fit hatchback 1.5 DX,2008,1.5,7.1,6.5,80,94.2,47.1,70.2,0.18,2605,15,14.1,0,10,0,2.5,2.24,1.89,20,0.349,1,12,1.91,2.3,0,0,0.148,71.59,30.81,40.78,42.75,14.08,dân ca/pop,Phương Mỹ Chi,0,0,0,0
SIM_02462,FAKE_CAR_0308,HONDA_FIT15_CA_MT,Honda,Fit hatchback 1.5 DX,2008,1.5,7.1,6.5,80,94.2,47.1,67.7,0.18,2720,16,14.1,0,10,0,2.1,2.24,1.89,65,0.859,1,12,8.12,6.14,0,0,0.148,71.59,40.46,31.13,43.15,14.01,instrumental,không rõ,0,0,0,0
SIM_02463,FAKE_CAR_0308,HONDA_FIT15_CA_MT,Honda,Fit hatchback 1.5 DX,2008,1.5,7.1,6.5,80,94.2,47.1,59.6,0.18,2679,55,14.1,0,8,0,3.5,2.24,1.89,50,0.635,1,12,5.14,4.25,0,0,0.148,71.59,34.99,36.6,43.75,14.08,instrumental,không rõ,0,0,0,0
SIM_02464,FAKE_CAR_0308,HONDA_FIT15_CA_MT,Honda,Fit hatchback 1.5 DX,2008,1.5,7.1,6.5,80,94.2,47.1,61.1,0.18,805,0,14.1,0,13,16,3.6,2.24,1.89,65,0.2,1,12,4.76,4.33,0,0,0.148,30.06,55.79,-25.73,-18.88,12.13,instrumental,không rõ,0,0,1,0
SIM_02465,FAKE_CAR_0309,YARIS13_UK_MT,Toyota,Yaris hatchback 1.3 VVT-i,2008,1.3,7.2,6,80,97.6,84.5,56.6,0.8,937,0,12.8,0,15,0,6,2.83,2.39,10,0.212,0,0,0,2.5,0,0,0.104,35.85,36.3,-0.45,-0.78,12.77,dân ca/pop,Phương Mỹ Chi,0,0,0,0
SIM_02466,FAKE_CAR_0309,YARIS13_UK_MT,Toyota,Yaris hatchback 1.3 VVT-i,2008,1.3,7.2,6,80,97.6,84.5,63,0.8,927,0,12.8,0,13,0,5.7,2.83,2.39,80,0.569,0,0,0,7.26,0,0,0.104,35.5,38.76,-3.26,1.17,12.7,instrumental,không rõ,0,0,1,0
SIM_02467,FAKE_CAR_0309,YARIS13_UK_MT,Toyota,Yaris hatchback 1.3 VVT-i,2008,1.3,7.2,6,80,97.6,84.5,65.9,0.8,931,0,12.8,0,5,15,6.1,2.83,2.39,10,0.233,0,0,0,2.51,0,0,0.104,35.64,41.41,-5.77,-6.09,12.67,nhạc trẻ,Lam Trường,0,0,0,0
SIM_02468,FAKE_CAR_0309,YARIS13_UK_MT,Toyota,Yaris hatchback 1.3 VVT-i,2008,1.3,7.2,6,80,97.6,84.5,54.8,0.8,2895,26,12.8,0,11,0,2.5,2.83,2.39,20,0.629,0,0,0,2.91,0,0,0.104,74.18,29.21,44.97,45.05,14.15,nhạc trẻ,Lam Trường,0,0,0,0
SIM_02469,FAKE_CAR_0309,YARIS13_UK_MT,Toyota,Yaris hatchback 1.3 VVT-i,2008,1.3,7.2,6,80,97.6,84.5,60.8,0.8,2310,59,12.8,0,8,11,2.4,2.83,2.39,80,0.446,0,0,0,6.78,0,0,0.104,69.68,40.98,28.7,32.65,14.02,pop,Hòa Minzy,0,0,0,0
SIM_02470,FAKE_CAR_0309,YARIS13_UK_MT,Toyota,Yaris hatchback 1.3 VVT-i,2008,1.3,7.2,6,80,97.6,84.5,60.9,0.8,987,0,12.8,0,0,9,3.8,2.83,2.39,10,0.657,0,0,0,2.56,0,0,0.104,37.64,28.16,9.48,9.21,14.07,dân ca/pop,Phương Mỹ Chi,0,0,0,0
SIM_02471,FAKE_CAR_0309,YARIS13_UK_MT,Toyota,Yaris hatchback 1.3 VVT-i,2008,1.3,7.2,6,80,97.6,84.5,54,0.8,995,0,12.8,10,16,0,5,2.83,2.39,95,0.569,0,0,0,8.86,0,0,0.104,37.92,52.66,-14.74,-8.71,12.48,rock,không rõ,0,0,1,0
SIM_02472,FAKE_CAR_0309,YARIS13_UK_MT,Toyota,Yaris hatchback 1.3 VVT-i,2008,1.3,7.2,6,80,97.6,84.5,60,0.8,2045,64,12.8,0,16,0,2.5,2.83,2.39,95,0.289,0,0,0,7.41,0,0,0.104,64.66,38.71,25.95,30.53,14.07,bolero,Lệ Quyên,0,0,0,0
SIM_02473,FAKE_CAR_0310,YARIS13_UK_MM,Toyota,Yaris hatchback 1.3 VVT-i,2008,1.3,6.7,5.8,80,87.1,81.5,54.9,0.84,741,0,18.1,9,5,0,4.3,2.24,2.46,20,0.365,1,28,4.53,2.87,0,0,0.013,25.75,43.8,-18.05,-12.89,12.45,rock,không rõ,0,0,1,1
SIM_02474,FAKE_CAR_0310,YARIS13_UK_MM,Toyota,Yaris hatchback 1.3 VVT-i,2008,1.3,6.7,5.8,80,87.1,81.5,48.8,0.84,815,0,18.1,0,0,0,3.8,2.24,2.46,65,0.348,1,28,12.87,5.31,0,0,0.013,28.11,40.08,-11.97,3.97,12.5,nhạc trẻ,Lam Trường,0,0,1,1
SIM_02475,FAKE_CAR_0310,YARIS13_UK_MM,Toyota,Yaris hatchback 1.3 VVT-i,2008,1.3,6.7,5.8,80,87.1,81.5,53.3,0.84,2552,57,18.1,0,10,0,3.6,2.24,2.46,20,0.781,1,28,6.24,3.04,0,0,0.013,66.2,40.98,25.22,32.26,14.11,instrumental,không rõ,0,0,0,0
SIM_02476,FAKE_CAR_0310,YARIS13_UK_MM,Toyota,Yaris hatchback 1.3 VVT-i,2008,1.3,6.7,5.8,80,87.1,81.5,56.5,0.84,834,0,18.1,14,16,12,3.4,2.24,2.46,10,0.538,1,28,4.05,2.61,0,0,0.013,28.72,70.16,-41.44,-37.02,11.85,dân ca/pop,Phương Mỹ Chi,0,0,0,0
SIM_02477,FAKE_CAR_0310,YARIS13_UK_MM,Toyota,Yaris hatchback 1.3 VVT-i,2008,1.3,6.7,5.8,80,87.1,81.5,46.5,0.84,866,0,18.1,11,0,15,4.6,2.24,2.46,65,0.274,1,28,11.99,5.11,0,0,0.013,29.74,65.8,-36.06,-21.2,11.97,pop,Hòa Minzy,0,0,1,1
SIM_02478,FAKE_CAR_0310,YARIS13_UK_MM,Toyota,Yaris hatchback 1.3 VVT-i,2008,1.3,6.7,5.8,80,87.1,81.5,53,0.84,2868,28,18.1,0,0,0,5.2,2.24,2.46,35,0.482,1,28,7.46,3.62,0,0,0.013,66.2,34.38,31.82,40.66,14.13,dân ca/pop,Phương Mỹ Chi,0,0,0,0
SIM_02479,FAKE_CAR_0310,YARIS13_UK_MM,Toyota,Yaris hatchback 1.3 VVT-i,2008,1.3,6.7,5.8,80,87.1,81.5,45.6,0.84,866,0,18.1,0,12,0,3.5,2.24,2.46,65,0.554,1,28,15.32,5.88,0,0,0.013,29.74,54.8,-25.06,-6.1,12.19,instrumental,không rõ,0,0,1,1
SIM_02480,FAKE_CAR_0310,YARIS13_UK_MM,Toyota,Yaris hatchback 1.3 VVT-i,2008,1.3,6.7,5.8,80,87.1,81.5,58.9,0.84,788,0,18.1,0,5,13,4.5,2.24,2.46,35,0.507,1,28,7.61,3.64,0,0,0.013,27.25,51.85,-24.6,-15.59,12.18,nhạc trẻ,Lam Trường,0,0,1,1
SIM_02481,FAKE_CAR_0311,YARIS13_NCP_2NZ,Toyota,Yaris 1.3 NCP9# / 2NZ-FE,2008,1.3,,,75,87.3,96.8,42.6,0.31,1835,53,14.1,0,13,0,4.3,2.48,2.7,10,0.543,0,0,0,2.85,0,0,0.002,50.88,34.25,16.63,17,14.08,instrumental,không rõ,0,0,0,0
SIM_02482,FAKE_CAR_0311,YARIS13_NCP_2NZ,Toyota,Yaris 1.3 NCP9# / 2NZ-FE,2008,1.3,,,75,87.3,96.8,46.1,0.31,2510,31,14.1,0,11,0,3.4,2.48,2.7,10,0.518,0,0,0,2.85,0,0,0.002,61.61,31.35,30.26,30.63,14.2,rock,không rõ,0,0,0,0
SIM_02483,FAKE_CAR_0311,YARIS13_NCP_2NZ,Toyota,Yaris 1.3 NCP9# / 2NZ-FE,2008,1.3,,,75,87.3,96.8,47.2,0.31,2403,24,14.1,0,8,0,5.5,2.48,2.7,35,0.731,0,0,0,4.11,0,0,0.002,59.91,31.71,28.2,29.83,14.2,dân ca/pop,Phương Mỹ Chi,0,0,0,0
SIM_02484,FAKE_CAR_0311,YARIS13_NCP_2NZ,Toyota,Yaris 1.3 NCP9# / 2NZ-FE,2008,1.3,,,75,87.3,96.8,53.2,0.31,800,0,14.1,10,14,10,6,2.48,2.7,80,0.302,0,0,0,6.53,0,0,0.002,25.97,60.63,-34.66,-30.61,11.98,rock,không rõ,0,0,0,0
SIM_02485,FAKE_CAR_0311,YARIS13_NCP_2NZ,Toyota,Yaris 1.3 NCP9# / 2NZ-FE,2008,1.3,,,75,87.3,96.8,43.9,0.31,1898,46,14.1,11,0,15,3.7,2.48,2.7,35,0.269,0,0,0,3.65,0,0,0.002,51.88,47.45,4.43,5.6,14.2,rock,không rõ,0,0,0,0
SIM_02486,FAKE_CAR_0311,YARIS13_NCP_2NZ,Toyota,Yaris 1.3 NCP9# / 2NZ-FE,2008,1.3,,,75,87.3,96.8,44.2,0.31,735,0,14.1,9,9,10,3.8,2.48,2.7,35,0.695,0,0,0,4.07,0,0,0.002,24.02,49.97,-25.95,-24.36,12.16,rock,không rõ,0,0,0,0
SIM_02487,FAKE_CAR_0311,YARIS13_NCP_2NZ,Toyota,Yaris 1.3 NCP9# / 2NZ-FE,2008,1.3,,,75,87.3,96.8,54.8,0.31,808,0,14.1,0,5,0,4.2,2.48,2.7,10,0.237,0,0,0,2.82,0,0,0.002,26.2,26.12,0.08,0.42,14.13,nhạc trẻ,Lam Trường,0,0,0,0
SIM_02488,FAKE_CAR_0311,YARIS13_NCP_2NZ,Toyota,Yaris 1.3 NCP9# / 2NZ-FE,2008,1.3,,,75,87.3,96.8,42.6,0.31,1886,40,14.1,11,10,0,6.4,2.48,2.7,80,0.824,0,0,0,8.56,0,0,0.002,51.69,50.06,1.63,7.71,14.12,dân ca/pop,Phương Mỹ Chi,0,0,0,0
SIM_02489,FAKE_CAR_0312,YARIS15_CA_MT,Toyota,Yaris hatchback 1.5,2008,1.5,7,6.3,80,89.7,52.8,46.8,0.39,868,0,22.6,0,0,0,4.8,3.02,2.63,50,0.688,0,0,0,5.08,0,0,0.379,30.69,32.48,-1.79,0.27,12.57,bolero,Lệ Quyên,0,0,0,0
SIM_02490,FAKE_CAR_0312,YARIS15_CA_MT,Toyota,Yaris hatchback 1.5,2008,1.5,7,6.3,80,89.7,52.8,42.2,0.39,2240,48,22.6,0,9,16,6.4,3.02,2.63,35,0.519,0,0,0,3.83,0,0,0.379,62.82,57.83,4.99,5.8,13.88,bolero,Lệ Quyên,0,0,0,0
SIM_02491,FAKE_CAR_0312,YARIS15_CA_MT,Toyota,Yaris hatchback 1.5,2008,1.5,7,6.3,80,89.7,52.8,50.7,0.39,2046,27,22.6,0,0,12,6.2,3.02,2.63,65,0.32,0,0,0,5.4,0,0,0.379,59.44,46.2,13.24,15.62,13.87,nhạc trẻ,Lam Trường,0,0,0,0
SIM_02492,FAKE_CAR_0312,YARIS15_CA_MT,Toyota,Yaris hatchback 1.5,2008,1.5,7,6.3,80,89.7,52.8,46,0.39,1986,60,22.6,0,0,0,7,3.02,2.63,65,0.633,0,0,0,6.26,0,0,0.379,58.39,35.86,22.53,25.77,13.92,nhạc trẻ,Lam Trường,0,0,0,0
SIM_02493,FAKE_CAR_0312,YARIS15_CA_MT,Toyota,Yaris hatchback 1.5,2008,1.5,7,6.3,80,89.7,52.8,40.6,0.39,2356,24,22.6,0,9,0,3.5,3.02,2.63,95,0.546,0,0,0,8.98,0,0,0.379,64.84,44.08,20.76,26.72,13.86,nhạc trẻ,Lam Trường,0,0,0,0
SIM_02494,FAKE_CAR_0312,YARIS15_CA_MT,Toyota,Yaris hatchback 1.5,2008,1.5,7,6.3,80,89.7,52.8,44.3,0.39,1803,57,22.6,0,11,0,4,3.02,2.63,10,0.63,0,0,0,2.8,0,0,0.379,55.2,40.4,14.8,14.58,13.85,rock,không rõ,0,0,0,0
SIM_02495,FAKE_CAR_0312,YARIS15_CA_MT,Toyota,Yaris hatchback 1.5,2008,1.5,7,6.3,80,89.7,52.8,50.3,0.39,1673,17,22.6,10,0,0,4.4,3.02,2.63,20,0.319,0,0,0,3.03,0,0,0.379,52.94,40.03,12.91,12.92,13.88,pop,Hòa Minzy,0,0,0,0
SIM_02496,FAKE_CAR_0312,YARIS15_CA_MT,Toyota,Yaris hatchback 1.5,2008,1.5,7,6.3,80,89.7,52.8,37,0.39,2114,40,22.6,0,0,0,7,3.02,2.63,10,0.245,0,0,0,2.75,0,0,0.379,60.62,32.35,28.27,28,13.99,instrumental,không rõ,0,0,0,0
SIM_02497,FAKE_CAR_0313,YARIS15_CA_AT,Toyota,Yaris hatchback 1.5,2008,1.5,7,6.4,80,96.7,86.9,59.9,0.81,1975,44,13.1,0,11,0,3.5,2.58,2.57,50,0.657,0,0,0,4.97,0,0,0.026,62.74,32.57,30.17,32.56,14.2,nhạc trẻ,Lam Trường,0,0,0,0
SIM_02498,FAKE_CAR_0313,YARIS15_CA_AT,Toyota,Yaris hatchback 1.5,2008,1.5,7,6.4,80,96.7,86.9,59.6,0.81,731,0,13.1,0,15,12,3.4,2.58,2.57,65,0.741,0,0,0,6.5,0,0,0.026,28.24,50,-21.76,-17.84,12.25,rock,không rõ,0,0,0,0
SIM_02499,FAKE_CAR_0313,YARIS15_CA_AT,Toyota,Yaris hatchback 1.5,2008,1.5,7,6.4,80,96.7,86.9,62.8,0.81,2985,18,13.1,0,10,9,3.6,2.58,2.57,20,0.237,0,0,0,2.93,0,0,0.026,73.49,38.63,34.86,35.21,14.2,dân ca/pop,Phương Mỹ Chi,0,0,0,0
SIM_02500,FAKE_CAR_0313,YARIS15_CA_AT,Toyota,Yaris hatchback 1.5,2008,1.5,7,6.4,80,96.7,86.9,60.7,0.81,802,0,13.1,0,0,16,3.7,2.58,2.57,20,0.598,0,0,0,3.08,0,0,0.026,30.75,35.88,-5.13,-4.63,12.77,rock,không rõ,0,0,0,0
SIM_02501,FAKE_CAR_0313,YARIS15_CA_AT,Toyota,Yaris hatchback 1.5,2008,1.5,7,6.4,80,96.7,86.9,64.7,0.81,915,0,13.1,0,10,0,3.4,2.58,2.57,20,0.775,0,0,0,3.15,0,0,0.026,34.75,29.65,5.1,5.67,14.19,rock,không rõ,0,0,0,0
SIM_02502,FAKE_CAR_0313,YARIS15_CA_AT,Toyota,Yaris hatchback 1.5,2008,1.5,7,6.4,80,96.7,86.9,57.3,0.81,880,0,13.1,0,0,0,4.5,2.58,2.57,80,0.367,0,0,0,6.66,0,0,0.026,33.51,24.26,9.25,13.33,14.06,instrumental,không rõ,0,0,0,0
SIM_02503,FAKE_CAR_0313,YARIS15_CA_AT,Toyota,Yaris hatchback 1.5,2008,1.5,7,6.4,80,96.7,86.9,63.3,0.81,920,0,13.1,0,12,0,5.3,2.58,2.57,95,0.457,0,0,0,8.46,0,0,0.026,34.92,38.86,-3.94,1.94,12.68,instrumental,không rõ,0,0,1,0
SIM_02504,FAKE_CAR_0313,YARIS15_CA_AT,Toyota,Yaris hatchback 1.5,2008,1.5,7,6.4,80,96.7,86.9,64.4,0.81,834,0,13.1,0,5,0,2.5,2.58,2.57,50,0.298,0,0,0,4.33,0,0,0.026,31.88,24.93,6.95,8.7,14.1,pop,Hòa Minzy,0,0,0,0
SIM_02505,FAKE_CAR_0314,YARIS10_UK_MT,Toyota,Yaris hatchback 1.0 VVT-i,2008,1,6.4,5.4,70,96.4,76.5,51,0.31,810,0,17.6,14,15,0,3.6,2.27,2.58,65,0.433,1,28,13.88,5.66,0,0,0.128,27.07,69.74,-42.67,-25.4,11.73,rock,không rõ,0,0,1,0
SIM_02506,FAKE_CAR_0314,YARIS10_UK_MT,Toyota,Yaris hatchback 1.0 VVT-i,2008,1,6.4,5.4,70,96.4,76.5,50.9,0.31,841,0,17.6,9,9,0,4.2,2.27,2.58,65,0.447,1,28,14.05,5.7,0,0,0.128,28.03,59.55,-31.52,-14.04,12.02,instrumental,không rõ,0,0,1,0
SIM_02507,FAKE_CAR_0314,YARIS10_UK_MT,Toyota,Yaris hatchback 1.0 VVT-i,2008,1,6.4,5.4,70,96.4,76.5,47.3,0.31,2450,14,17.6,0,0,0,5.2,2.27,2.58,35,0.419,1,28,7.07,3.68,0,0,0.128,62.52,33.55,28.97,37.45,14.01,dân ca/pop,Phương Mỹ Chi,0,0,0,0
SIM_02508,FAKE_CAR_0314,YARIS10_UK_MT,Toyota,Yaris hatchback 1.0 VVT-i,2008,1,6.4,5.4,70,96.4,76.5,45.2,0.31,2418,60,17.6,10,12,0,5.1,2.27,2.58,80,0.577,1,28,20.33,7.48,0,0,0.128,61.99,72.51,-10.52,15.02,12.52,bolero,Lệ Quyên,0,0,1,1
SIM_02509,FAKE_CAR_0314,YARIS10_UK_MT,Toyota,Yaris hatchback 1.0 VVT-i,2008,1,6.4,5.4,70,96.4,76.5,48.6,0.31,799,0,17.6,13,0,0,6.5,2.27,2.58,20,0.792,1,28,6.29,3.16,0,0,0.128,26.73,46.55,-19.82,-12.64,12.26,dân ca/pop,Phương Mỹ Chi,0,0,1,0
SIM_02510,FAKE_CAR_0314,YARIS10_UK_MT,Toyota,Yaris hatchback 1.0 VVT-i,2008,1,6.4,5.4,70,96.4,76.5,43.5,0.31,895,0,17.6,0,5,0,5.1,2.27,2.58,20,0.532,1,28,5.21,3.06,0,0,0.128,29.69,35.97,-6.28,-0.28,12.62,nhạc trẻ,Lam Trường,0,0,1,0
SIM_02511,FAKE_CAR_0314,YARIS10_UK_MT,Toyota,Yaris hatchback 1.0 VVT-i,2008,1,6.4,5.4,70,96.4,76.5,51.8,0.31,2464,41,17.6,0,9,0,4.9,2.27,2.58,10,0.399,1,28,3.61,2.72,0,0,0.128,62.74,37.83,24.91,28.97,14.09,dân ca/pop,Phương Mỹ Chi,0,0,0,0
SIM_02512,FAKE_CAR_0314,YARIS10_UK_MT,Toyota,Yaris hatchback 1.0 VVT-i,2008,1,6.4,5.4,70,96.4,76.5,43,0.31,763,0,17.6,0,16,0,3.4,2.27,2.58,65,0.249,1,28,11.69,5.16,0,0,0.128,25.62,53.85,-28.23,-13.65,12.09,pop,Hòa Minzy,0,0,1,0
SIM_02513,FAKE_CAR_0315,AYGO10_UK_MT,Toyota,Aygo hatchback 1.0 VVT-i,2008,1,5.5,4.6,65,87.7,60.6,64.1,0.41,2445,44,20.2,11,12,0,4.5,1.5,2.98,80,0.563,0,0,0,7.83,0,0,0,52.74,55.53,-2.79,3.54,12.79,nhạc trẻ,Lam Trường,0,0,0,0
SIM_02514,FAKE_CAR_0315,AYGO10_UK_MT,Toyota,Aygo hatchback 1.0 VVT-i,2008,1,5.5,4.6,65,87.7,60.6,63.4,0.41,927,0,20.2,0,16,0,3,1.5,2.98,80,0.557,0,0,0,7.8,0,0,0,25.92,47,-21.08,-14.78,12.36,pop,Hòa Minzy,0,0,1,0
SIM_02515,FAKE_CAR_0315,AYGO10_UK_MT,Toyota,Aygo hatchback 1.0 VVT-i,2008,1,5.5,4.6,65,87.7,60.6,74.7,0.41,2441,62,20.2,0,0,0,4.2,1.5,2.98,10,0.806,0,0,0,3.17,0,0,0,52.69,27.57,25.12,26.79,14.14,rock,không rõ,0,0,0,0
SIM_02516,FAKE_CAR_0315,AYGO10_UK_MT,Toyota,Aygo hatchback 1.0 VVT-i,2008,1,5.5,4.6,65,87.7,60.6,67.5,0.41,1731,53,20.2,9,13,0,3,1.5,2.98,35,0.226,0,0,0,3.88,0,0,0,42.86,49.08,-6.22,-3.84,12.75,nhạc trẻ,Lam Trường,0,0,0,0
SIM_02517,FAKE_CAR_0315,AYGO10_UK_MT,Toyota,Aygo hatchback 1.0 VVT-i,2008,1,5.5,4.6,65,87.7,60.6,67.4,0.41,961,0,20.2,0,15,0,3.5,1.5,2.98,65,0.544,0,0,0,6.37,0,0,0,26.8,45.07,-18.27,-13.4,12.44,rock,không rõ,0,0,0,0
SIM_02518,FAKE_CAR_0315,AYGO10_UK_MT,Toyota,Aygo hatchback 1.0 VVT-i,2008,1,5.5,4.6,65,87.7,60.6,64.9,0.41,867,0,20.2,0,13,0,3.5,1.5,2.98,10,0.543,0,0,0,3.13,0,0,0,24.35,39.83,-15.48,-13.85,12.41,bolero,Lệ Quyên,0,0,0,0
SIM_02519,FAKE_CAR_0315,AYGO10_UK_MT,Toyota,Aygo hatchback 1.0 VVT-i,2008,1,5.5,4.6,65,87.7,60.6,75.2,0.41,1843,18,20.2,0,5,16,4,1.5,2.98,20,0.655,0,0,0,3.51,0,0,0,44.41,48.71,-4.3,-2.29,12.81,instrumental,không rõ,0,0,1,0
SIM_02520,FAKE_CAR_0315,AYGO10_UK_MT,Toyota,Aygo hatchback 1.0 VVT-i,2008,1,5.5,4.6,65,87.7,60.6,72.9,0.41,930,0,20.2,14,0,0,4.6,1.5,2.98,50,0.26,0,0,0,4.67,0,0,0,25.99,43.47,-17.48,-14.31,12.35,rock,không rõ,0,0,0,0
SIM_02521,FAKE_CAR_0316,AURIS14_UK_MT,Toyota,Auris hatchback 1.4 VVT-i,2008,1.4,8.7,6.9,95,93.2,52.6,34.4,0.29,2929,26,12.9,0,11,0,5.4,3.02,2.4,10,0.52,0,0,0,2.55,0,0,0.101,84.11,31.85,52.26,51.79,14.07,pop,Hòa Minzy,0,0,0,0
SIM_02522,FAKE_CAR_0316,AURIS14_UK_MT,Toyota,Auris hatchback 1.4 VVT-i,2008,1.4,8.7,6.9,95,93.2,52.6,31.6,0.29,2934,48,12.9,0,10,0,4.4,3.02,2.4,95,0.396,0,0,0,7.98,0,0,0.101,84.11,35.28,48.83,53.79,14.13,rock,không rõ,0,0,0,0
SIM_02523,FAKE_CAR_0316,AURIS14_UK_MT,Toyota,Auris hatchback 1.4 VVT-i,2008,1.4,8.7,6.9,95,93.2,52.6,37.1,0.29,2290,47,12.9,0,11,0,4.6,3.02,2.4,50,0.207,0,0,0,4,0,0,0.101,78.59,32.5,46.09,47.07,14.02,nhạc trẻ,Lam Trường,0,0,0,0
SIM_02524,FAKE_CAR_0316,AURIS14_UK_MT,Toyota,Auris hatchback 1.4 VVT-i,2008,1.4,8.7,6.9,95,93.2,52.6,36.1,0.29,813,0,12.9,0,15,0,4.2,3.02,2.4,65,0.39,0,0,0,5.36,0,0,0.101,35.64,37.46,-1.82,0.52,12.72,rock,không rõ,0,0,0,0
SIM_02525,FAKE_CAR_0316,AURIS14_UK_MT,Toyota,Auris hatchback 1.4 VVT-i,2008,1.4,8.7,6.9,95,93.2,52.6,41,0.29,2463,55,12.9,11,11,0,7.8,3.02,2.4,80,0.343,0,0,0,6.39,0,0,0.101,82.31,49.09,33.22,36.59,14.07,nhạc trẻ,Lam Trường,0,0,0,0
SIM_02526,FAKE_CAR_0316,AURIS14_UK_MT,Toyota,Auris hatchback 1.4 VVT-i,2008,1.4,8.7,6.9,95,93.2,52.6,37.8,0.29,2034,64,12.9,13,14,0,4.2,3.02,2.4,10,0.512,0,0,0,2.55,0,0,0.101,73.08,46.65,26.43,25.96,14.07,rock,không rõ,0,0,0,0
SIM_02527,FAKE_CAR_0316,AURIS14_UK_MT,Toyota,Auris hatchback 1.4 VVT-i,2008,1.4,8.7,6.9,95,93.2,52.6,42,0.29,2226,42,12.9,0,8,17,4.6,3.02,2.4,95,0.755,0,0,0,9.82,0,0,0.101,77.21,52.32,24.89,31.69,14.11,rock,không rõ,0,0,0,0
SIM_02528,FAKE_CAR_0316,AURIS14_UK_MT,Toyota,Auris hatchback 1.4 VVT-i,2008,1.4,8.7,6.9,95,93.2,52.6,32.8,0.29,2103,49,12.9,0,8,0,5.7,3.02,2.4,95,0.308,0,0,0,7.52,0,0,0.101,74.56,34.12,40.44,44.94,14.15,pop,Hòa Minzy,0,0,0,0
SIM_02529,FAKE_CAR_0317,AURIS16_UK_MT,Toyota,Auris hatchback 1.6 VVT-i,2008,1.6,9,7.1,100,85.5,55.3,68.8,0.37,938,0,23,0,0,0,1.4,1.45,2.46,80,0.642,0,0,0,7.61,0,0,0.073,39.3,32.01,7.29,13.45,14.14,dân ca/pop,Phương Mỹ Chi,0,0,0,0
SIM_02530,FAKE_CAR_0317,AURIS16_UK_MT,Toyota,Auris hatchback 1.6 VVT-i,2008,1.6,9,7.1,100,85.5,55.3,79.9,0.37,2360,64,23,0,13,0,1.2,1.45,2.46,10,0.261,0,0,0,2.58,0,0,0.073,77.34,39.78,37.56,38.69,14.08,dân ca/pop,Phương Mỹ Chi,0,0,0,0
SIM_02531,FAKE_CAR_0317,AURIS16_UK_MT,Toyota,Auris hatchback 1.6 VVT-i,2008,1.6,9,7.1,100,85.5,55.3,80.7,0.37,2392,41,23,9,0,0,4.2,1.45,2.46,50,0.562,0,0,0,4.69,0,0,0.073,78.01,40.89,37.12,40.36,14.16,rock,không rõ,0,0,0,0
SIM_02532,FAKE_CAR_0317,AURIS16_UK_MT,Toyota,Auris hatchback 1.6 VVT-i,2008,1.6,9,7.1,100,85.5,55.3,72.4,0.37,982,0,23,0,15,0,3,1.45,2.46,95,0.213,0,0,0,7.09,0,0,0.073,41.02,48.09,-7.07,-1.43,12.69,nhạc trẻ,Lam Trường,0,0,1,0
SIM_02533,FAKE_CAR_0317,AURIS16_UK_MT,Toyota,Auris hatchback 1.6 VVT-i,2008,1.6,9,7.1,100,85.5,55.3,69.4,0.37,941,0,23,0,5,0,1.3,1.45,2.46,80,0.741,0,0,0,8,0,0,0.073,39.42,37.3,2.12,8.67,14.14,bolero,Lệ Quyên,0,0,0,0
SIM_02534,FAKE_CAR_0317,AURIS16_UK_MT,Toyota,Auris hatchback 1.6 VVT-i,2008,1.6,9,7.1,100,85.5,55.3,78.6,0.37,940,0,23,9,5,0,3.8,1.45,2.46,35,0.713,0,0,0,3.85,0,0,0.073,39.38,44.65,-5.27,-2.87,12.61,instrumental,không rõ,0,0,1,0
SIM_02535,FAKE_CAR_0317,AURIS16_UK_MT,Toyota,Auris hatchback 1.6 VVT-i,2008,1.6,9,7.1,100,85.5,55.3,72.9,0.37,2207,46,23,0,5,0,1.9,1.45,2.46,65,0.858,0,0,0,6.71,0,0,0.073,74.16,36.61,37.55,42.81,14.16,bolero,Lệ Quyên,0,0,0,0
SIM_02536,FAKE_CAR_0317,AURIS16_UK_MT,Toyota,Auris hatchback 1.6 VVT-i,2008,1.6,9,7.1,100,85.5,55.3,72,0.37,1880,34,23,8,0,0,2.2,1.45,2.46,80,0.243,0,0,0,6.07,0,0,0.073,67.37,39.27,28.1,32.72,14.13,nhạc trẻ,Lam Trường,0,0,0,0
SIM_02537,FAKE_CAR_0318,AVENSIS18_UK_MT,Toyota,Avensis sedan/hatch 1.8 VVT-i,2008,1.8,9.4,7.2,110,51.1,92,57.8,0.13,1628,12,14.7,0,0,0,5.3,2.79,2.58,50,0.559,0,0,0,4.8,0,0,0.123,40.85,24.8,16.05,18.06,14.03,instrumental,không rõ,1,0,0,0
SIM_02538,FAKE_CAR_0318,AVENSIS18_UK_MT,Toyota,Avensis sedan/hatch 1.8 VVT-i,2008,1.8,9.4,7.2,110,51.1,92,48,0.13,2128,28,14.7,0,11,15,4.8,2.79,2.58,20,0.554,0,0,0,3.07,0,0,0.123,47.68,48.57,-0.89,-0.61,12.82,instrumental,không rõ,1,0,0,0
SIM_02539,FAKE_CAR_0318,AVENSIS18_UK_MT,Toyota,Avensis sedan/hatch 1.8 VVT-i,2008,1.8,9.4,7.2,110,51.1,92,51.4,0.13,2143,12,14.7,10,0,11,5.5,2.79,2.58,35,0.826,0,0,0,4.08,0,0,0.123,47.88,45.28,2.6,3.89,14.06,nhạc trẻ,Lam Trường,1,0,0,0
SIM_02540,FAKE_CAR_0318,AVENSIS18_UK_MT,Toyota,Avensis sedan/hatch 1.8 VVT-i,2008,1.8,9.4,7.2,110,51.1,92,49,0.13,968,0,14.7,0,5,0,6.2,2.79,2.58,65,0.37,0,0,0,5.49,0,0,0.123,26.61,31.39,-4.78,-2.08,12.7,nhạc trẻ,Lam Trường,1,0,1,0
SIM_02541,FAKE_CAR_0318,AVENSIS18_UK_MT,Toyota,Avensis sedan/hatch 1.8 VVT-i,2008,1.8,9.4,7.2,110,51.1,92,52.4,0.13,2868,30,14.7,0,0,0,6.2,2.79,2.58,20,0.457,0,0,0,3.03,0,0,0.123,53.4,23.93,29.47,29.71,14.03,nhạc trẻ,Lam Trường,1,0,0,0
SIM_02542,FAKE_CAR_0318,AVENSIS18_UK_MT,Toyota,Avensis sedan/hatch 1.8 VVT-i,2008,1.8,9.4,7.2,110,51.1,92,60,0.13,2340,20,14.7,0,5,0,5.7,2.79,2.58,95,0.25,0,0,0,7.4,0,0,0.123,50.57,32.8,17.77,22.38,14.07,pop,Hòa Minzy,1,0,0,0
SIM_02543,FAKE_CAR_0318,AVENSIS18_UK_MT,Toyota,Avensis sedan/hatch 1.8 VVT-i,2008,1.8,9.4,7.2,110,51.1,92,60.1,0.13,2811,54,14.7,0,5,10,6.2,2.79,2.58,35,0.743,0,0,0,4,0,0,0.123,53.4,39.9,13.5,14.71,14.14,rock,không rõ,1,1,0,0
SIM_02544,FAKE_CAR_0318,AVENSIS18_UK_MT,Toyota,Avensis sedan/hatch 1.8 VVT-i,2008,1.8,9.4,7.2,110,51.1,92,56.6,0.13,2802,26,14.7,0,0,0,3.4,2.79,2.58,35,0.246,0,0,0,3.5,0,0,0.123,53.4,21.6,31.8,32.51,14.11,pop,Hòa Minzy,1,0,0,0
SIM_02545,FAKE_CAR_0319,RAV4_20_UK_MT,Toyota,RAV4 2.0 VVT-i,2008,2,11,8.6,130,78,89.5,67.6,0.38,849,0,17.6,0,10,0,5.5,2.36,2.43,65,0.779,1,55,35.35,6.46,0,0,0.03,42.48,74.91,-32.43,7.02,12.05,rock,không rõ,0,0,1,0
SIM_02546,FAKE_CAR_0319,RAV4_20_UK_MT,Toyota,RAV4 2.0 VVT-i,2008,2,11,8.6,130,78,89.5,62.7,0.38,1804,41,17.6,12,11,0,5.8,2.36,2.43,20,0.755,1,55,12.05,3,0,0,0.03,78.03,61.45,16.58,29.27,14.13,bolero,Lệ Quyên,0,0,0,0
SIM_02547,FAKE_CAR_0319,RAV4_20_UK_MT,Toyota,RAV4 2.0 VVT-i,2008,2,11,8.6,130,78,89.5,60.7,0.38,1941,49,17.6,13,5,9,4.8,2.36,2.43,80,0.529,1,55,38.47,7.14,0,0,0.03,81.41,95.01,-13.6,29.65,12.45,instrumental,không rõ,0,0,1,0
SIM_02548,FAKE_CAR_0319,RAV4_20_UK_MT,Toyota,RAV4 2.0 VVT-i,2008,2,11,8.6,130,78,89.5,58.4,0.38,913,0,17.6,11,0,0,5.1,2.36,2.43,80,0.461,1,55,36.4,6.88,0,0,0.03,45.45,76.98,-31.53,9.39,12.03,instrumental,không rõ,0,0,1,0
SIM_02549,FAKE_CAR_0319,RAV4_20_UK_MT,Toyota,RAV4 2.0 VVT-i,2008,2,11,8.6,130,78,89.5,66.4,0.38,2391,25,17.6,0,10,12,5.3,2.36,2.43,35,0.824,1,55,18.77,3.93,0,0,0.03,92.49,67.6,24.89,45.23,14.12,rock,không rõ,0,0,0,0
SIM_02550,FAKE_CAR_0319,RAV4_20_UK_MT,Toyota,RAV4 2.0 VVT-i,2008,2,11,8.6,130,78,89.5,64.8,0.38,2981,27,17.6,0,12,0,4.2,2.36,2.43,20,0.454,1,55,9.61,2.88,0,0,0.03,96.33,46.29,50.04,60.17,14.09,dân ca/pop,Phương Mỹ Chi,0,0,0,0
SIM_02551,FAKE_CAR_0319,RAV4_20_UK_MT,Toyota,RAV4 2.0 VVT-i,2008,2,11,8.6,130,78,89.5,62.2,0.38,1693,30,17.6,0,5,0,2.9,2.36,2.43,50,0.733,1,55,25.22,4.96,0,0,0.03,75.3,55.68,19.62,47.44,14.06,dân ca/pop,Phương Mỹ Chi,0,0,0,0
SIM_02552,FAKE_CAR_0319,RAV4_20_UK_MT,Toyota,RAV4 2.0 VVT-i,2008,2,11,8.6,130,78,89.5,56.3,0.38,743,0,17.6,0,11,12,2.4,2.36,2.43,80,0.575,1,55,39.87,7.32,0,0,0.03,37.57,90.19,-52.62,-7.79,11.47,rock,không rõ,0,0,1,0
SIM_02553,FAKE_CAR_0320,MAZDA2_13_UK_MT,Mazda,Mazda2 hatchback 1.3 MZR 86ps 5 cửa,2008,1.349,6.9,5.2,75,96.5,79.3,73.9,0.82,791,0,12.3,0,5,9,2.4,1.42,2.19,80,0.42,1,12,7.67,6.48,0,0,0.069,28.4,42.85,-14.45,-1.72,12.43,instrumental,không rõ,0,0,1,0
SIM_02554,FAKE_CAR_0320,MAZDA2_13_UK_MT,Mazda,Mazda2 hatchback 1.3 MZR 86ps 5 cửa,2008,1.349,6.9,5.2,75,96.5,79.3,68.5,0.82,727,0,12.3,0,11,15,2.6,1.42,2.19,35,0.736,1,12,3.86,3.6,0,0,0.069,26.29,48.36,-22.07,-16.03,12.25,rock,không rõ,0,0,1,0
SIM_02555,FAKE_CAR_0320,MAZDA2_13_UK_MT,Mazda,Mazda2 hatchback 1.3 MZR 86ps 5 cửa,2008,1.349,6.9,5.2,75,96.5,79.3,78.3,0.82,965,0,12.3,0,15,12,3,1.42,2.19,65,0.697,1,12,7.3,6,0,0,0.069,34.16,55.6,-21.44,-9.56,12.29,rock,không rõ,0,0,1,0
SIM_02556,FAKE_CAR_0320,MAZDA2_13_UK_MT,Mazda,Mazda2 hatchback 1.3 MZR 86ps 5 cửa,2008,1.349,6.9,5.2,75,96.5,79.3,74.9,0.82,2225,45,12.3,0,5,0,3.2,1.42,2.19,80,0.63,1,12,9.06,7.3,0,0,0.069,63.1,36.86,26.24,41.18,14.13,pop,Hòa Minzy,0,0,0,0
SIM_02557,FAKE_CAR_0320,MAZDA2_13_UK_MT,Mazda,Mazda2 hatchback 1.3 MZR 86ps 5 cửa,2008,1.349,6.9,5.2,75,96.5,79.3,80.8,0.82,983,0,12.3,13,0,0,1.2,1.42,2.19,35,0.39,1,12,2.95,3.26,0,0,0.069,34.76,32.71,2.05,6.84,14.17,dân ca/pop,Phương Mỹ Chi,0,0,0,0
SIM_02558,FAKE_CAR_0320,MAZDA2_13_UK_MT,Mazda,Mazda2 hatchback 1.3 MZR 86ps 5 cửa,2008,1.349,6.9,5.2,75,96.5,79.3,79.8,0.82,892,0,12.3,12,0,0,4.8,1.42,2.19,95,0.335,1,12,8.96,7.45,0,0,0.069,31.75,45.51,-13.76,1.23,12.43,dân ca/pop,Phương Mỹ Chi,0,0,1,0
SIM_02559,FAKE_CAR_0320,MAZDA2_13_UK_MT,Mazda,Mazda2 hatchback 1.3 MZR 86ps 5 cửa,2008,1.349,6.9,5.2,75,96.5,79.3,71.1,0.82,2159,61,12.3,11,8,0,3.6,1.42,2.19,95,0.517,1,12,10.48,8.39,0,0,0.069,61.94,53.77,8.17,25.62,14.09,rock,không rõ,0,0,0,0
SIM_02560,FAKE_CAR_0320,MAZDA2_13_UK_MT,Mazda,Mazda2 hatchback 1.3 MZR 86ps 5 cửa,2008,1.349,6.9,5.2,75,96.5,79.3,68.2,0.82,779,0,12.3,0,0,0,2.9,1.42,2.19,65,0.512,1,12,6.35,5.49,0,0,0.069,28.01,27.04,0.97,11.39,14.05,dân ca/pop,Phương Mỹ Chi,0,0,0,0
SIM_02561,FAKE_CAR_0321,MAZDA2_15_UK_MT,Mazda,Mazda2 hatchback 1.5 MZR 103ps,2008,1.498,7.6,5.7,90,100,80.4,40.8,0.35,2916,28,15.4,0,11,0,4,3.04,2.62,65,0.338,1,90,40.98,5.44,0,0,0.488,85.5,76.82,8.68,52.06,13.85,nhạc trẻ,Lam Trường,0,0,0,0
SIM_02562,FAKE_CAR_0321,MAZDA2_15_UK_MT,Mazda,Mazda2 hatchback 1.5 MZR 103ps,2008,1.498,7.6,5.7,90,100,80.4,39.7,0.35,2628,64,15.4,0,8,0,6.8,3.04,2.62,20,0.321,1,90,13.97,3.02,0,0,0.488,85.5,47.19,38.31,52.26,13.89,instrumental,không rõ,0,0,0,0
SIM_02563,FAKE_CAR_0321,MAZDA2_15_UK_MT,Mazda,Mazda2 hatchback 1.5 MZR 103ps,2008,1.498,7.6,5.7,90,100,80.4,43.5,0.35,1680,30,15.4,0,0,18,5.8,3.04,2.62,65,0.648,1,90,52.84,6.29,0,0,0.488,66.55,98.33,-31.78,24.31,11.79,instrumental,không rõ,0,0,1,0
SIM_02564,FAKE_CAR_0321,MAZDA2_15_UK_MT,Mazda,Mazda2 hatchback 1.5 MZR 103ps,2008,1.498,7.6,5.7,90,100,80.4,35.8,0.35,2370,22,15.4,11,9,9,7.1,3.04,2.62,35,0.271,1,90,19.81,3.57,0,0,0.488,81.63,74.88,6.75,27.09,13.89,nhạc trẻ,Lam Trường,0,0,0,0
SIM_02565,FAKE_CAR_0321,MAZDA2_15_UK_MT,Mazda,Mazda2 hatchback 1.5 MZR 103ps,2008,1.498,7.6,5.7,90,100,80.4,38.4,0.35,2134,31,15.4,0,5,16,6.5,3.04,2.62,35,0.676,1,90,27.8,3.97,0,0,0.488,76.47,74.67,1.8,30.53,13.92,dân ca/pop,Phương Mỹ Chi,0,0,0,0
SIM_02566,FAKE_CAR_0321,MAZDA2_15_UK_MT,Mazda,Mazda2 hatchback 1.5 MZR 103ps,2008,1.498,7.6,5.7,90,100,80.4,35.8,0.35,2433,58,15.4,12,5,0,6,3.04,2.62,65,0.722,1,90,55.67,6.5,0,0,0.488,83.01,100.57,-17.56,41.57,12.11,dân ca/pop,Phương Mỹ Chi,0,0,1,0
SIM_02567,FAKE_CAR_0321,MAZDA2_15_UK_MT,Mazda,Mazda2 hatchback 1.5 MZR 103ps,2008,1.498,7.6,5.7,90,100,80.4,42.5,0.35,2409,41,15.4,10,5,0,5.6,3.04,2.62,35,0.251,1,90,19.41,3.55,0,0,0.488,82.48,58.96,23.52,43.44,13.92,instrumental,không rõ,0,0,0,0
SIM_02568,FAKE_CAR_0321,MAZDA2_15_UK_MT,Mazda,Mazda2 hatchback 1.5 MZR 103ps,2008,1.498,7.6,5.7,90,100,80.4,41.1,0.35,2538,61,15.4,0,5,0,6,3.04,2.62,10,0.7,1,90,14.69,2.79,0,0,0.488,85.3,43.88,41.42,55.86,13.87,bolero,Lệ Quyên,0,0,0,0
SIM_02569,FAKE_CAR_0322,HONDA_FIT15_CA_MT,Honda,Fit hatchback 1.5 DX,2008,1.5,7.1,6.5,80,99.3,98,57.9,0.5,1642,24,13.1,0,0,16,4,1.72,1.62,95,0.487,0,0,0,7.66,1,6.35,0.075,58.01,47.11,10.9,23.19,14.17,instrumental,không rõ,0,0,0,0
SIM_02570,FAKE_CAR_0322,HONDA_FIT15_CA_MT,Honda,Fit hatchback 1.5 DX,2008,1.5,7.1,6.5,80,99.3,98,59,0.5,855,0,13.1,0,11,0,2.7,1.72,1.62,10,0.864,0,0,0,1.81,1,6.35,0.075,33.5,34.96,-1.46,4.98,12.7,bolero,Lệ Quyên,0,0,0,0
SIM_02571,FAKE_CAR_0322,HONDA_FIT15_CA_MT,Honda,Fit hatchback 1.5 DX,2008,1.5,7.1,6.5,80,99.3,98,59.7,0.5,2702,49,13.1,0,5,0,2.6,1.72,1.62,95,0.446,0,0,0,7.45,1,6.35,0.075,75.47,34.5,40.97,53.05,14.17,pop,Hòa Minzy,0,0,0,0
SIM_02572,FAKE_CAR_0322,HONDA_FIT15_CA_MT,Honda,Fit hatchback 1.5 DX,2008,1.5,7.1,6.5,80,99.3,98,58.3,0.5,2574,12,13.1,0,14,0,3.7,1.72,1.62,95,0.432,0,0,0,7.38,1,6.35,0.075,75.47,44.53,30.94,42.95,14.11,bolero,Lệ Quyên,0,0,0,0
SIM_02573,FAKE_CAR_0322,HONDA_FIT15_CA_MT,Honda,Fit hatchback 1.5 DX,2008,1.5,7.1,6.5,80,99.3,98,51.8,0.5,770,0,13.1,8,5,0,5.1,1.72,1.62,50,0.634,0,0,0,3.98,1,6.35,0.075,30.41,41.53,-11.12,-2.51,12.51,rock,không rõ,0,0,1,0
SIM_02574,FAKE_CAR_0322,HONDA_FIT15_CA_MT,Honda,Fit hatchback 1.5 DX,2008,1.5,7.1,6.5,80,99.3,98,52.3,0.5,957,0,13.1,9,9,0,6.4,1.72,1.62,10,0.844,0,0,0,1.81,1,6.35,0.075,37.21,45.66,-8.45,-2.01,12.61,bolero,Lệ Quyên,0,0,1,0
SIM_02575,FAKE_CAR_0322,HONDA_FIT15_CA_MT,Honda,Fit hatchback 1.5 DX,2008,1.5,7.1,6.5,80,99.3,98,60,0.5,921,0,13.1,0,9,10,5.8,1.72,1.62,20,0.367,0,0,0,2.03,1,6.35,0.075,35.9,46.28,-10.38,-3.72,12.56,rock,không rõ,0,0,1,0
SIM_02576,FAKE_CAR_0322,HONDA_FIT15_CA_MT,Honda,Fit hatchback 1.5 DX,2008,1.5,7.1,6.5,80,99.3,98,58.9,0.5,796,0,13.1,0,5,0,3.2,1.72,1.62,50,0.284,0,0,0,3.35,1,6.35,0.075,31.36,31,0.36,8.34,14.07,nhạc trẻ,Lam Trường,0,0,0,0
SIM_02577,FAKE_CAR_0323,YARIS13_UK_MT,Toyota,Yaris hatchback 1.3 VVT-i,2008,1.3,7.2,6,90,97.2,99.9,37.5,0.67,732,0,21.2,0,10,0,4.6,1.67,2.84,10,0.836,0,0,0,3.03,0,0,0.047,31.97,38.83,-6.86,-5.5,12.72,pop,Hòa Minzy,0,0,0,0
SIM_02578,FAKE_CAR_0323,YARIS13_UK_MT,Toyota,Yaris hatchback 1.3 VVT-i,2008,1.3,7.2,6,90,97.2,99.9,35.1,0.67,1824,14,21.2,0,5,12,7.5,1.67,2.84,95,0.202,0,0,0,7.42,0,0,0.047,67.74,53.12,14.62,20.37,14.06,instrumental,không rõ,0,0,0,0
SIM_02579,FAKE_CAR_0323,YARIS13_UK_MT,Toyota,Yaris hatchback 1.3 VVT-i,2008,1.3,7.2,6,90,97.2,99.9,37.8,0.67,779,0,21.2,0,9,0,7.2,1.67,2.84,95,0.303,0,0,0,7.94,0,0,0.047,33.85,45.34,-11.49,-5.22,12.55,nhạc trẻ,Lam Trường,0,0,1,0
SIM_02580,FAKE_CAR_0323,YARIS13_UK_MT,Toyota,Yaris hatchback 1.3 VVT-i,2008,1.3,7.2,6,90,97.2,99.9,43.3,0.67,2705,53,21.2,0,5,15,7.6,1.67,2.84,80,0.458,0,0,0,7.28,0,0,0.047,83.11,56.08,27.03,32.64,14.08,bolero,Lệ Quyên,0,0,0,0
SIM_02581,FAKE_CAR_0323,YARIS13_UK_MT,Toyota,Yaris hatchback 1.3 VVT-i,2008,1.3,7.2,6,90,97.2,99.9,44.4,0.67,962,0,21.2,0,9,15,6.5,1.67,2.84,80,0.846,0,0,0,8.78,0,0,0.047,41.17,60.48,-19.31,-12.2,12.35,bolero,Lệ Quyên,0,0,1,0
SIM_02582,FAKE_CAR_0323,YARIS13_UK_MT,Toyota,Yaris hatchback 1.3 VVT-i,2008,1.3,7.2,6,90,97.2,99.9,45.6,0.67,759,0,21.2,0,5,0,4.1,1.67,2.84,65,0.513,0,0,0,6.14,0,0,0.047,33.05,36.44,-3.39,1.08,12.71,nhạc trẻ,Lam Trường,0,0,1,0
SIM_02583,FAKE_CAR_0323,YARIS13_UK_MT,Toyota,Yaris hatchback 1.3 VVT-i,2008,1.3,7.2,6,90,97.2,99.9,41.3,0.67,2574,24,21.2,0,12,17,5,1.67,2.84,35,0.348,0,0,0,3.87,0,0,0.047,83.11,59.07,24.04,26.24,14.06,pop,Hòa Minzy,0,0,0,0
SIM_02584,FAKE_CAR_0323,YARIS13_UK_MT,Toyota,Yaris hatchback 1.3 VVT-i,2008,1.3,7.2,6,90,97.2,99.9,43.2,0.67,786,0,21.2,12,8,15,4.4,1.67,2.84,65,0.728,0,0,0,6.73,0,0,0.047,34.13,67.33,-33.2,-28.14,12.03,nhạc trẻ,Lam Trường,0,0,1,0
SIM_02585,FAKE_CAR_0324,YARIS13_UK_MM,Toyota,Yaris hatchback 1.3 VVT-i,2008,1.3,6.7,5.8,75,87,78.6,67.3,0.31,2712,52,22.2,0,15,0,2,2.46,1.85,10,0.416,1,55,7.2,1.99,0,0,0.096,61.99,48.39,13.6,20.33,14.06,bolero,Lệ Quyên,0,0,0,0
SIM_02586,FAKE_CAR_0324,YARIS13_UK_MM,Toyota,Yaris hatchback 1.3 VVT-i,2008,1.3,6.7,5.8,75,87,78.6,73.8,0.31,2546,60,22.2,0,16,18,5.4,2.46,1.85,65,0.393,1,55,26.33,4.82,0,0,0.096,61.97,92.75,-30.78,-2.09,12.08,dân ca/pop,Phương Mỹ Chi,0,0,1,1
SIM_02587,FAKE_CAR_0324,YARIS13_UK_MM,Toyota,Yaris hatchback 1.3 VVT-i,2008,1.3,6.7,5.8,75,87,78.6,64.4,0.31,935,0,22.2,0,16,0,2.3,2.46,1.85,80,0.488,1,55,37.22,6.41,0,0,0.096,29.9,84.13,-54.23,-13.06,11.49,dân ca/pop,Phương Mỹ Chi,0,0,1,1
SIM_02588,FAKE_CAR_0324,YARIS13_UK_MM,Toyota,Yaris hatchback 1.3 VVT-i,2008,1.3,6.7,5.8,75,87,78.6,68.8,0.31,1985,17,22.2,0,9,18,1.6,2.46,1.85,50,0.726,1,55,25.1,4.37,0,0,0.096,53.08,80.27,-27.19,-0.18,12.15,instrumental,không rõ,0,0,1,1
SIM_02589,FAKE_CAR_0324,YARIS13_UK_MM,Toyota,Yaris hatchback 1.3 VVT-i,2008,1.3,6.7,5.8,75,87,78.6,72.7,0.31,2757,57,22.2,0,0,0,4.5,2.46,1.85,80,0.541,1,55,38.84,6.61,0,0,0.096,61.99,72.15,-10.16,32.83,12.51,bolero,Lệ Quyên,0,0,1,1
SIM_02590,FAKE_CAR_0324,YARIS13_UK_MM,Toyota,Yaris hatchback 1.3 VVT-i,2008,1.3,6.7,5.8,75,87,78.6,65.5,0.31,2249,57,22.2,0,10,0,3.5,2.46,1.85,50,0.617,1,55,23.23,4.18,0,0,0.096,57.26,63.11,-5.85,19.1,12.62,bolero,Lệ Quyên,0,0,1,1
SIM_02591,FAKE_CAR_0324,YARIS13_UK_MM,Toyota,Yaris hatchback 1.3 VVT-i,2008,1.3,6.7,5.8,75,87,78.6,69.2,0.31,912,0,22.2,0,8,17,3.5,2.46,1.85,95,0.521,1,55,48.19,8.07,0,0,0.096,29.22,106.96,-77.74,-23.94,11.18,rock,không rõ,0,0,1,1
SIM_02592,FAKE_CAR_0324,YARIS13_UK_MM,Toyota,Yaris hatchback 1.3 VVT-i,2008,1.3,6.7,5.8,75,87,78.6,65.1,0.31,2326,40,22.2,9,0,13,4.3,2.46,1.85,65,0.611,1,55,31.43,5.42,0,0,0.096,58.48,85.35,-26.87,7.52,12.14,pop,Hòa Minzy,0,0,1,1
SIM_02593,FAKE_CAR_0325,YARIS13_NCP_2NZ,Toyota,Yaris 1.3 NCP9# / 2NZ-FE,2008,1.3,,,80,54.2,96.2,58.6,0.59,892,0,20.5,0,5,10,4.6,2.56,3.04,10,0.38,0,0,0,3.17,0,0,0.085,19.02,43.27,-24.25,-23.64,12.13,dân ca/pop,Phương Mỹ Chi,0,0,0,0
SIM_02594,FAKE_CAR_0325,YARIS13_NCP_2NZ,Toyota,Yaris 1.3 NCP9# / 2NZ-FE,2008,1.3,,,80,54.2,96.2,52.4,0.59,2480,46,20.5,10,8,16,2.7,2.56,3.04,20,0.425,0,0,0,3.48,0,0,0.085,40.49,60.68,-20.19,-19.27,12.26,nhạc trẻ,Lam Trường,0,0,0,0
SIM_02595,FAKE_CAR_0325,YARIS13_NCP_2NZ,Toyota,Yaris 1.3 NCP9# / 2NZ-FE,2008,1.3,,,80,54.2,96.2,65.6,0.59,878,0,20.5,0,11,0,4.7,2.56,3.04,65,0.817,0,0,0,7.18,0,0,0.085,18.74,43.38,-24.64,-20.02,12.15,instrumental,không rõ,0,0,0,0
SIM_02596,FAKE_CAR_0325,YARIS13_NCP_2NZ,Toyota,Yaris 1.3 NCP9# / 2NZ-FE,2008,1.3,,,80,54.2,96.2,65.2,0.59,849,0,20.5,0,13,0,2.9,2.56,3.04,80,0.715,0,0,0,8.47,0,0,0.085,18.17,44.87,-26.7,-20.79,12.06,bolero,Lệ Quyên,0,0,1,0
SIM_02597,FAKE_CAR_0325,YARIS13_NCP_2NZ,Toyota,Yaris 1.3 NCP9# / 2NZ-FE,2008,1.3,,,80,54.2,96.2,55.3,0.59,731,0,20.5,0,16,0,4.5,2.56,3.04,95,0.49,0,0,0,9.1,0,0,0.085,15.83,50.1,-34.27,-27.73,12,instrumental,không rõ,0,0,1,0
SIM_02598,FAKE_CAR_0325,YARIS13_NCP_2NZ,Toyota,Yaris 1.3 NCP9# / 2NZ-FE,2008,1.3,,,80,54.2,96.2,53.8,0.59,2753,21,20.5,0,16,18,4.8,2.56,3.04,95,0.462,0,0,0,8.95,0,0,0.085,41.19,68.25,-27.06,-20.67,12.17,bolero,Lệ Quyên,0,0,1,0
SIM_02599,FAKE_CAR_0325,YARIS13_NCP_2NZ,Toyota,Yaris 1.3 NCP9# / 2NZ-FE,2008,1.3,,,80,54.2,96.2,63.9,0.59,828,0,20.5,0,0,0,4.1,2.56,3.04,95,0.467,0,0,0,8.98,0,0,0.085,17.75,33.58,-15.83,-9.41,12.45,instrumental,không rõ,0,0,1,0
SIM_02600,FAKE_CAR_0325,YARIS13_NCP_2NZ,Toyota,Yaris 1.3 NCP9# / 2NZ-FE,2008,1.3,,,80,54.2,96.2,55.9,0.59,831,0,20.5,0,0,10,4.8,2.56,3.04,80,0.499,0,0,0,7.64,0,0,0.085,17.81,42.94,-25.13,-20.05,12.11,instrumental,không rõ,0,0,1,0
SIM_02601,FAKE_CAR_0326,YARIS15_CA_MT,Toyota,Yaris hatchback 1.5,2008,1.5,7,6.3,90,92.4,98.7,36.1,0.23,874,0,21.4,0,5,0,4,2.56,3.2,50,0.433,0,0,0,5.2,1,5.01,0.065,35.79,40.61,-4.82,2.83,12.66,nhạc trẻ,Lam Trường,0,0,1,0
SIM_02602,FAKE_CAR_0326,YARIS15_CA_MT,Toyota,Yaris hatchback 1.5,2008,1.5,7,6.3,90,92.4,98.7,49.3,0.23,2455,18,21.4,0,5,0,6,2.56,3.2,65,0.617,0,0,0,6.79,1,5.01,0.065,77.14,44.2,32.94,42.18,14.07,dân ca/pop,Phương Mỹ Chi,0,0,0,0
SIM_02603,FAKE_CAR_0326,YARIS15_CA_MT,Toyota,Yaris hatchback 1.5,2008,1.5,7,6.3,90,92.4,98.7,40.8,0.23,2258,46,21.4,0,14,10,7.5,2.56,3.2,80,0.482,0,0,0,7.73,1,5.01,0.065,73.16,65.64,7.52,17.7,14.04,rock,không rõ,0,0,0,0
SIM_02604,FAKE_CAR_0326,YARIS15_CA_MT,Toyota,Yaris hatchback 1.5,2008,1.5,7,6.3,90,92.4,98.7,40.9,0.23,2018,50,21.4,0,8,0,6.4,2.56,3.2,35,0.712,0,0,0,4.59,1,5.01,0.065,68.32,45.4,22.92,29.96,14.15,instrumental,không rõ,0,0,0,0
SIM_02605,FAKE_CAR_0326,YARIS15_CA_MT,Toyota,Yaris hatchback 1.5,2008,1.5,7,6.3,90,92.4,98.7,42.5,0.23,2482,27,21.4,10,11,14,7.3,2.56,3.2,65,0.525,0,0,0,6.54,1,5.01,0.065,77.69,75.25,2.44,11.43,14.14,dân ca/pop,Phương Mỹ Chi,0,0,0,0
SIM_02606,FAKE_CAR_0326,YARIS15_CA_MT,Toyota,Yaris hatchback 1.5,2008,1.5,7,6.3,90,92.4,98.7,49.1,0.23,2064,47,21.4,0,0,0,5.6,2.56,3.2,35,0.211,0,0,0,4.09,1,5.01,0.065,69.25,36.1,33.15,39.69,14.12,dân ca/pop,Phương Mỹ Chi,0,0,0,0
SIM_02607,FAKE_CAR_0326,YARIS15_CA_MT,Toyota,Yaris hatchback 1.5,2008,1.5,7,6.3,90,92.4,98.7,46.5,0.23,785,0,21.4,0,0,9,4.8,2.56,3.2,80,0.25,0,0,0,6.83,1,5.01,0.065,32.41,47.04,-14.63,-5.35,12.5,nhạc trẻ,Lam Trường,0,0,1,0
SIM_02608,FAKE_CAR_0326,YARIS15_CA_MT,Toyota,Yaris hatchback 1.5,2008,1.5,7,6.3,90,92.4,98.7,40.1,0.23,2585,60,21.4,0,5,0,6.3,2.56,3.2,35,0.853,0,0,0,4.73,1,5.01,0.065,79,42.44,36.56,43.74,14.17,pop,Hòa Minzy,0,0,0,0
SIM_02609,FAKE_CAR_0327,YARIS15_CA_AT,Toyota,Yaris hatchback 1.5,2008,1.5,7,6.4,80,92.2,97.2,59.2,0.37,2904,57,14.9,0,13,0,3.7,2.85,2.45,95,0.598,1,12,11.16,9.06,0,0,0.123,70.07,51.82,18.25,35.62,14.08,bolero,Lệ Quyên,0,0,0,0
SIM_02610,FAKE_CAR_0327,YARIS15_CA_AT,Toyota,Yaris hatchback 1.5,2008,1.5,7,6.4,80,92.2,97.2,56.3,0.37,1988,63,14.9,0,0,15,6.5,2.85,2.45,65,0.241,1,12,4.97,5,0,0,0.123,60.06,46.37,13.69,20.81,14.06,rock,không rõ,0,0,0,0
SIM_02611,FAKE_CAR_0327,YARIS15_CA_AT,Toyota,Yaris hatchback 1.5,2008,1.5,7,6.4,80,92.2,97.2,59.1,0.37,767,0,14.9,0,15,13,6.1,2.85,2.45,80,0.787,1,12,10.11,8.16,0,0,0.123,28.14,67.27,-39.13,-23.71,11.74,dân ca/pop,Phương Mỹ Chi,0,0,1,0
SIM_02612,FAKE_CAR_0327,YARIS15_CA_AT,Toyota,Yaris hatchback 1.5,2008,1.5,7,6.4,80,92.2,97.2,59.5,0.37,2160,56,14.9,0,10,9,5.8,2.85,2.45,50,0.649,1,12,5.19,4.83,0,0,0.123,63.14,49.72,13.42,20.59,14.09,pop,Hòa Minzy,0,0,0,0
SIM_02613,FAKE_CAR_0327,YARIS15_CA_AT,Toyota,Yaris hatchback 1.5,2008,1.5,7,6.4,80,92.2,97.2,52,0.37,2470,42,14.9,0,12,0,3.3,2.85,2.45,95,0.528,1,12,10.57,8.7,0,0,0.123,68.69,49.47,19.22,35.64,14.06,rock,không rõ,0,0,0,0
SIM_02614,FAKE_CAR_0327,YARIS15_CA_AT,Toyota,Yaris hatchback 1.5,2008,1.5,7,6.4,80,92.2,97.2,54.2,0.37,757,0,14.9,0,14,9,2.9,2.85,2.45,20,0.237,1,12,1.71,2.81,0,0,0.123,27.8,45.32,-17.52,-15.85,12.28,pop,Hòa Minzy,0,0,0,0
SIM_02615,FAKE_CAR_0327,YARIS15_CA_AT,Toyota,Yaris hatchback 1.5,2008,1.5,7,6.4,80,92.2,97.2,50.6,0.37,841,0,14.9,8,0,0,3.1,2.85,2.45,95,0.849,1,12,13.26,10,0,0,0.123,30.63,49.26,-18.63,1.78,12.33,dân ca/pop,Phương Mỹ Chi,0,0,1,0
SIM_02616,FAKE_CAR_0327,YARIS15_CA_AT,Toyota,Yaris hatchback 1.5,2008,1.5,7,6.4,80,92.2,97.2,57.3,0.37,935,0,14.9,11,0,0,4.1,2.85,2.45,10,0.719,1,12,1.98,2.63,0,0,0.123,33.8,34.61,-0.81,0.95,12.69,nhạc trẻ,Lam Trường,0,0,0,0
SIM_02617,FAKE_CAR_0328,YARIS10_UK_MT,Toyota,Yaris hatchback 1.0 VVT-i,2008,1,6.4,5.4,65,68.6,91.2,32.1,0.34,2305,55,19.7,0,0,18,7.3,2.29,2.56,50,0.787,0,0,0,5.19,0,0,0.034,39.74,50.19,-10.45,-7.55,12.63,bolero,Lệ Quyên,0,0,0,0
SIM_02618,FAKE_CAR_0328,YARIS10_UK_MT,Toyota,Yaris hatchback 1.0 VVT-i,2008,1,6.4,5.4,65,68.6,91.2,29.9,0.34,903,0,19.7,0,0,15,6.6,2.29,2.56,50,0.56,0,0,0,4.79,0,0,0.034,19.78,46.09,-26.31,-23.81,12.16,instrumental,không rõ,0,0,0,0
SIM_02619,FAKE_CAR_0328,YARIS10_UK_MT,Toyota,Yaris hatchback 1.0 VVT-i,2008,1,6.4,5.4,65,68.6,91.2,29.4,0.34,886,0,19.7,13,8,0,6.2,2.29,2.56,80,0.867,0,0,0,8.58,0,0,0.034,19.44,55.48,-36.04,-29.75,11.91,nhạc trẻ,Lam Trường,0,0,1,0
SIM_02620,FAKE_CAR_0328,YARIS10_UK_MT,Toyota,Yaris hatchback 1.0 VVT-i,2008,1,6.4,5.4,65,68.6,91.2,27.1,0.34,1896,36,19.7,0,14,0,7.6,2.29,2.56,10,0.438,0,0,0,2.7,0,0,0.034,35.31,44,-8.69,-8.28,12.63,bolero,Lệ Quyên,0,0,0,0
SIM_02621,FAKE_CAR_0328,YARIS10_UK_MT,Toyota,Yaris hatchback 1.0 VVT-i,2008,1,6.4,5.4,65,68.6,91.2,37.3,0.34,2998,23,19.7,0,5,9,5.5,2.29,2.56,95,0.555,0,0,0,8.95,0,0,0.034,42.36,48.15,-5.79,0.87,12.67,nhạc trẻ,Lam Trường,0,0,1,0
SIM_02622,FAKE_CAR_0328,YARIS10_UK_MT,Toyota,Yaris hatchback 1.0 VVT-i,2008,1,6.4,5.4,65,68.6,91.2,39.1,0.34,1872,63,19.7,0,8,16,7.5,2.29,2.56,95,0.485,0,0,0,8.59,0,0,0.034,35.05,59.79,-24.74,-18.44,12.18,bolero,Lệ Quyên,0,0,1,0
SIM_02623,FAKE_CAR_0328,YARIS10_UK_MT,Toyota,Yaris hatchback 1.0 VVT-i,2008,1,6.4,5.4,65,68.6,91.2,33.7,0.34,1658,61,19.7,0,0,0,5.1,2.29,2.56,95,0.772,0,0,0,10,0,0,0.034,32.73,34.8,-2.07,5.64,12.78,nhạc trẻ,Lam Trường,0,0,0,0
SIM_02624,FAKE_CAR_0328,YARIS10_UK_MT,Toyota,Yaris hatchback 1.0 VVT-i,2008,1,6.4,5.4,65,68.6,91.2,40,0.34,2513,41,19.7,10,5,0,6.9,2.29,2.56,35,0.688,0,0,0,3.92,0,0,0.034,41.99,45.52,-3.53,-1.9,12.7,dân ca/pop,Phương Mỹ Chi,0,0,1,0
SIM_02625,FAKE_CAR_0329,AYGO10_UK_MT,Toyota,Aygo hatchback 1.0 VVT-i,2008,1,5.5,4.6,65,45,92.2,75.9,0.72,860,0,20.9,0,16,0,1,1.43,3.13,50,0.38,1,12,4.18,5.03,0,0,0.815,12.4,47.11,-34.71,-26.93,11.48,dân ca/pop,Phương Mỹ Chi,0,0,1,0
SIM_02626,FAKE_CAR_0329,AYGO10_UK_MT,Toyota,Aygo hatchback 1.0 VVT-i,2008,1,5.5,4.6,65,45,92.2,70.8,0.72,2366,57,20.9,14,0,0,2,1.43,3.13,65,0.352,1,12,5.54,5.99,0,0,0.815,26.5,48.43,-21.93,-11.83,11.82,pop,Hòa Minzy,0,0,1,0
SIM_02627,FAKE_CAR_0329,AYGO10_UK_MT,Toyota,Aygo hatchback 1.0 VVT-i,2008,1,5.5,4.6,65,45,92.2,70.1,0.72,947,0,20.9,0,9,0,3,1.43,3.13,20,0.595,1,12,2.35,3.63,0,0,0.815,13.57,38.88,-25.31,-20.76,11.75,instrumental,không rõ,0,0,0,0
SIM_02628,FAKE_CAR_0329,AYGO10_UK_MT,Toyota,Aygo hatchback 1.0 VVT-i,2008,1,5.5,4.6,65,45,92.2,70.9,0.72,748,0,20.9,12,0,0,1.5,1.43,3.13,80,0.446,1,12,7.84,7.52,0,0,0.815,10.9,49.76,-38.86,-24.93,11.45,dân ca/pop,Phương Mỹ Chi,0,1,1,0
SIM_02629,FAKE_CAR_0329,AYGO10_UK_MT,Toyota,Aygo hatchback 1.0 VVT-i,2008,1,5.5,4.6,65,45,92.2,76.3,0.72,946,0,20.9,0,5,15,3.4,1.43,3.13,65,0.4,1,12,5.78,6.12,0,0,0.815,13.55,56.2,-42.65,-32.18,11.26,bolero,Lệ Quyên,0,0,1,0
SIM_02630,FAKE_CAR_0329,AYGO10_UK_MT,Toyota,Aygo hatchback 1.0 VVT-i,2008,1,5.5,4.6,65,45,92.2,71.3,0.72,792,0,20.9,0,16,0,4.1,1.43,3.13,10,0.267,1,12,1.37,3.25,0,0,0.815,11.49,45.62,-34.13,-30.94,11.48,rock,không rõ,0,0,0,0
SIM_02631,FAKE_CAR_0329,AYGO10_UK_MT,Toyota,Aygo hatchback 1.0 VVT-i,2008,1,5.5,4.6,65,45,92.2,81.3,0.72,1855,13,20.9,0,8,0,1.7,1.43,3.13,95,0.344,1,12,9.03,8.44,0,0,0.815,22.87,48.07,-25.2,-9.16,11.8,rock,không rõ,0,0,1,0
SIM_02632,FAKE_CAR_0329,AYGO10_UK_MT,Toyota,Aygo hatchback 1.0 VVT-i,2008,1,5.5,4.6,65,45,92.2,74.3,0.72,876,0,20.9,0,0,0,1.9,1.43,3.13,35,0.397,1,12,2.97,4.2,0,0,0.815,12.62,29.97,-17.35,-11.61,11.96,dân ca/pop,Phương Mỹ Chi,0,0,1,0
SIM_02633,FAKE_CAR_0330,AURIS14_UK_MT,Toyota,Auris hatchback 1.4 VVT-i,2008,1.4,8.7,6.9,90,86.9,93.5,60.6,0.7,905,0,13.2,9,0,0,2.8,1.5,2.46,35,0.203,1,12,2.46,3.34,0,0,0.047,34.77,30.8,3.97,8.27,14.12,bolero,Lệ Quyên,0,0,0,0
SIM_02634,FAKE_CAR_0330,AURIS14_UK_MT,Toyota,Auris hatchback 1.4 VVT-i,2008,1.4,8.7,6.9,90,86.9,93.5,64.2,0.7,2595,60,13.2,0,0,0,5.5,1.5,2.46,50,0.378,1,12,4.17,4.36,0,0,0.047,74.3,27.23,47.07,54.1,14.13,rock,không rõ,0,0,0,0
SIM_02635,FAKE_CAR_0330,AURIS14_UK_MT,Toyota,Auris hatchback 1.4 VVT-i,2008,1.4,8.7,6.9,90,86.9,93.5,52.1,0.7,756,0,13.2,0,0,0,6,1.5,2.46,35,0.828,1,12,4.11,3.96,0,0,0.047,29.44,27.27,2.17,8.74,14.12,instrumental,không rõ,0,0,0,0
SIM_02636,FAKE_CAR_0330,AURIS14_UK_MT,Toyota,Auris hatchback 1.4 VVT-i,2008,1.4,8.7,6.9,90,86.9,93.5,57.8,0.7,984,0,13.2,9,0,0,2.5,1.5,2.46,80,0.278,1,12,6.72,6.2,0,0,0.047,37.59,37.62,-0.03,11.39,12.76,nhạc trẻ,Lam Trường,0,0,0,0
SIM_02637,FAKE_CAR_0330,AURIS14_UK_MT,Toyota,Auris hatchback 1.4 VVT-i,2008,1.4,8.7,6.9,90,86.9,93.5,53.3,0.7,963,0,13.2,0,5,0,3.4,1.5,2.46,50,0.716,1,12,5.44,4.96,0,0,0.047,36.84,32,4.84,13.74,14.16,bolero,Lệ Quyên,0,0,0,0
SIM_02638,FAKE_CAR_0330,AURIS14_UK_MT,Toyota,Auris hatchback 1.4 VVT-i,2008,1.4,8.7,6.9,90,86.9,93.5,59.8,0.7,856,0,13.2,0,13,0,4.6,1.5,2.46,10,0.335,1,12,1.46,2.59,0,0,0.047,33.02,34.85,-1.83,0.72,12.78,rock,không rõ,0,0,0,0
SIM_02639,FAKE_CAR_0330,AURIS14_UK_MT,Toyota,Auris hatchback 1.4 VVT-i,2008,1.4,8.7,6.9,90,86.9,93.5,55.3,0.7,877,0,13.2,0,0,0,5.1,1.5,2.46,10,0.258,1,12,1.35,2.58,0,0,0.047,33.77,22.23,11.54,13.97,14.11,nhạc trẻ,Lam Trường,0,0,0,0
SIM_02640,FAKE_CAR_0330,AURIS14_UK_MT,Toyota,Auris hatchback 1.4 VVT-i,2008,1.4,8.7,6.9,90,86.9,93.5,57.7,0.7,924,0,13.2,0,11,13,4,1.5,2.46,35,0.386,1,12,2.94,3.52,0,0,0.047,35.45,47.66,-12.21,-7.25,12.51,dân ca/pop,Phương Mỹ Chi,0,0,0,0
SIM_02641,FAKE_CAR_0331,AURIS16_UK_MT,Toyota,Auris hatchback 1.6 VVT-i,2008,1.6,9,7.1,100,94.9,83.9,74.1,0.26,727,0,18,0,11,0,1.6,1.81,1.7,80,0.629,1,28,21.14,6.8,0,0,0.005,34.47,58.54,-24.07,2.06,12.24,pop,Hòa Minzy,1,1,1,0
SIM_02642,FAKE_CAR_0331,AURIS16_UK_MT,Toyota,Auris hatchback 1.6 VVT-i,2008,1.6,9,7.1,100,94.9,83.9,69.2,0.26,820,0,18,12,5,0,3.8,1.81,1.7,65,0.754,1,28,17.7,5.67,0,0,0.005,38.5,62.17,-23.67,-2.11,12.27,instrumental,không rõ,1,1,1,0
SIM_02643,FAKE_CAR_0331,AURIS16_UK_MT,Toyota,Auris hatchback 1.6 VVT-i,2008,1.6,9,7.1,100,94.9,83.9,71.3,0.26,2796,65,18,0,5,18,3,1.81,1.7,80,0.522,1,28,19.48,6.39,0,0,0.005,90.15,69.87,20.28,44.34,14.09,bolero,Lệ Quyên,1,0,0,0
SIM_02644,FAKE_CAR_0331,AURIS16_UK_MT,Toyota,Auris hatchback 1.6 VVT-i,2008,1.6,9,7.1,100,94.9,83.9,71.5,0.26,2895,29,18,0,5,0,1.8,1.81,1.7,95,0.318,1,28,20.56,6.87,0,0,0.005,90.15,52.23,37.92,63.54,14.2,rock,không rõ,1,0,0,0
SIM_02645,FAKE_CAR_0331,AURIS16_UK_MT,Toyota,Auris hatchback 1.6 VVT-i,2008,1.6,9,7.1,100,94.9,83.9,78.3,0.26,2957,43,18,0,14,0,3.4,1.81,1.7,80,0.231,1,28,14.96,5.26,0,0,0.005,90.15,55.62,34.53,52.94,14.22,nhạc trẻ,Lam Trường,1,0,0,0
SIM_02646,FAKE_CAR_0331,AURIS16_UK_MT,Toyota,Auris hatchback 1.6 VVT-i,2008,1.6,9,7.1,100,94.9,83.9,74.9,0.26,1792,39,18,0,9,0,2.5,1.81,1.7,95,0.216,1,28,18.57,6.35,0,0,0.005,72.75,54.42,18.33,41.44,14.1,nhạc trẻ,Lam Trường,1,1,0,0
SIM_02647,FAKE_CAR_0331,AURIS16_UK_MT,Toyota,Auris hatchback 1.6 VVT-i,2008,1.6,9,7.1,100,94.9,83.9,73.5,0.26,1693,61,18,14,15,9,2.7,1.81,1.7,10,0.695,1,28,4.55,1.87,0,0,0.005,70.47,65.12,5.35,9.96,14.16,nhạc trẻ,Lam Trường,1,0,0,0
SIM_02648,FAKE_CAR_0331,AURIS16_UK_MT,Toyota,Auris hatchback 1.6 VVT-i,2008,1.6,9,7.1,100,94.9,83.9,78.5,0.26,1898,52,18,14,0,15,2.1,1.81,1.7,80,0.344,1,28,16.71,5.7,0,0,0.005,75.2,71.51,3.69,24.29,14.2,nhạc trẻ,Lam Trường,1,0,0,0
SIM_02649,FAKE_CAR_0332,AVENSIS18_UK_MT,Toyota,Avensis sedan/hatch 1.8 VVT-i,2008,1.8,9.4,7.2,105,90.1,93.6,64.1,0.44,2528,21,16.3,8,16,0,5.1,2.39,2.16,35,0.572,0,0,0,3.41,0,0,0.28,89.44,48.81,40.63,41.65,14.01,instrumental,không rõ,0,0,0,0
SIM_02650,FAKE_CAR_0332,AVENSIS18_UK_MT,Toyota,Avensis sedan/hatch 1.8 VVT-i,2008,1.8,9.4,7.2,105,90.1,93.6,72.3,0.44,953,0,16.3,0,0,0,4,2.39,2.16,10,0.356,0,0,0,2.29,0,0,0.28,44.13,22.59,21.54,21.44,13.94,instrumental,không rõ,0,0,0,0
SIM_02651,FAKE_CAR_0332,AVENSIS18_UK_MT,Toyota,Avensis sedan/hatch 1.8 VVT-i,2008,1.8,9.4,7.2,105,90.1,93.6,66.8,0.44,2851,19,16.3,11,0,0,3,2.39,2.16,65,0.831,0,0,0,6.34,0,0,0.28,89.87,36.64,53.23,57.18,13.93,pop,Hòa Minzy,0,0,0,0
SIM_02652,FAKE_CAR_0332,AVENSIS18_UK_MT,Toyota,Avensis sedan/hatch 1.8 VVT-i,2008,1.8,9.4,7.2,105,90.1,93.6,66.3,0.44,859,0,16.3,0,5,0,2.9,2.39,2.16,65,0.476,0,0,0,5.36,0,0,0.28,40.07,29.56,10.51,13.48,13.92,nhạc trẻ,Lam Trường,0,0,0,0
SIM_02653,FAKE_CAR_0332,AVENSIS18_UK_MT,Toyota,Avensis sedan/hatch 1.8 VVT-i,2008,1.8,9.4,7.2,105,90.1,93.6,69.1,0.44,839,0,16.3,0,12,0,3,2.39,2.16,50,0.471,0,0,0,4.23,0,0,0.28,39.2,35.53,3.67,5.51,13.92,dân ca/pop,Phương Mỹ Chi,0,0,0,0
SIM_02654,FAKE_CAR_0332,AVENSIS18_UK_MT,Toyota,Avensis sedan/hatch 1.8 VVT-i,2008,1.8,9.4,7.2,105,90.1,93.6,77.2,0.44,967,0,16.3,0,5,0,3.6,2.39,2.16,35,0.689,0,0,0,3.52,0,0,0.28,44.74,28.42,16.32,17.45,14.03,dân ca/pop,Phương Mỹ Chi,0,0,0,0
SIM_02655,FAKE_CAR_0332,AVENSIS18_UK_MT,Toyota,Avensis sedan/hatch 1.8 VVT-i,2008,1.8,9.4,7.2,105,90.1,93.6,69,0.44,1862,59,16.3,0,5,0,2,2.39,2.16,65,0.524,0,0,0,5.49,0,0,0.28,74.14,28.79,45.35,48.45,13.97,nhạc trẻ,Lam Trường,0,0,0,0
SIM_02656,FAKE_CAR_0332,AVENSIS18_UK_MT,Toyota,Avensis sedan/hatch 1.8 VVT-i,2008,1.8,9.4,7.2,105,90.1,93.6,72,0.44,1651,59,16.3,12,14,18,3.1,2.39,2.16,50,0.428,0,0,0,4.15,0,0,0.28,69.29,67.55,1.74,3.5,13.96,nhạc trẻ,Lam Trường,0,0,0,0
SIM_02657,FAKE_CAR_0333,RAV4_20_UK_MT,Toyota,RAV4 2.0 VVT-i,2008,2,11,8.6,120,86.3,85.1,41.2,0.65,734,0,15.9,0,0,0,6,1.52,2.3,65,0.716,0,0,0,6.16,0,0,0.095,37.94,28.06,9.88,14.52,14.15,dân ca/pop,Phương Mỹ Chi,0,0,0,0
SIM_02658,FAKE_CAR_0333,RAV4_20_UK_MT,Toyota,RAV4 2.0 VVT-i,2008,2,11,8.6,120,86.3,85.1,30.7,0.65,913,0,15.9,0,0,0,7.5,1.52,2.3,10,0.448,0,0,0,2.44,0,0,0.095,46.42,25.84,20.58,21.5,14.05,bolero,Lệ Quyên,0,0,0,0
SIM_02659,FAKE_CAR_0333,RAV4_20_UK_MT,Toyota,RAV4 2.0 VVT-i,2008,2,11,8.6,120,86.3,85.1,40.7,0.65,2540,46,15.9,0,8,9,5.9,1.52,2.3,95,0.589,0,0,0,8.87,0,0,0.095,98.2,47.67,50.53,57.88,14.11,instrumental,không rõ,0,0,0,0
SIM_02660,FAKE_CAR_0333,RAV4_20_UK_MT,Toyota,RAV4 2.0 VVT-i,2008,2,11,8.6,120,86.3,85.1,42.7,0.65,2346,55,15.9,0,0,0,6.6,1.52,2.3,50,0.376,0,0,0,4.2,0,0,0.095,93.33,26.7,66.63,69.31,14.09,rock,không rõ,0,0,0,0
SIM_02661,FAKE_CAR_0333,RAV4_20_UK_MT,Toyota,RAV4 2.0 VVT-i,2008,2,11,8.6,120,86.3,85.1,33.5,0.65,906,0,15.9,0,0,9,7.4,1.52,2.3,35,0.308,0,0,0,3.29,0,0,0.095,46.09,35.59,10.5,12.27,14.16,dân ca/pop,Phương Mỹ Chi,0,0,0,0
SIM_02662,FAKE_CAR_0333,RAV4_20_UK_MT,Toyota,RAV4 2.0 VVT-i,2008,2,11,8.6,120,86.3,85.1,42,0.65,950,0,15.9,0,0,0,7.3,1.52,2.3,50,0.769,0,0,0,4.9,0,0,0.095,48.17,28.1,20.07,23.45,14.11,nhạc trẻ,Lam Trường,0,0,0,0
SIM_02663,FAKE_CAR_0333,RAV4_20_UK_MT,Toyota,RAV4 2.0 VVT-i,2008,2,11,8.6,120,86.3,85.1,33.9,0.65,989,0,15.9,0,5,12,4.3,1.52,2.3,95,0.565,0,0,0,8.74,0,0,0.095,50.02,45.94,4.08,11.3,14.04,pop,Hòa Minzy,0,0,0,0
SIM_02664,FAKE_CAR_0333,RAV4_20_UK_MT,Toyota,RAV4 2.0 VVT-i,2008,2,11,8.6,120,86.3,85.1,35.5,0.65,748,0,15.9,0,15,0,8,1.52,2.3,20,0.215,0,0,0,2.66,0,0,0.095,38.61,41.56,-2.95,-1.81,12.74,nhạc trẻ,Lam Trường,0,0,0,0
SIM_02665,FAKE_CAR_0334,MAZDA2_13_UK_MT,Mazda,Mazda2 hatchback 1.3 MZR 86ps 5 cửa,2008,1.349,6.9,5.2,80,98.9,85.6,42.8,0.16,2296,29,14.4,0,12,0,6.5,2.53,2.88,95,0.632,1,12,11.45,9.67,0,0,0.137,70.34,54.02,16.32,34.91,14.03,pop,Hòa Minzy,0,0,0,0
SIM_02666,FAKE_CAR_0334,MAZDA2_13_UK_MT,Mazda,Mazda2 hatchback 1.3 MZR 86ps 5 cửa,2008,1.349,6.9,5.2,80,98.9,85.6,43.9,0.16,1633,44,14.4,0,0,0,5.6,2.53,2.88,10,0.263,1,12,1.36,3,0,0,0.137,57.6,24.36,33.24,35.07,14.13,rock,không rõ,0,0,0,0
SIM_02667,FAKE_CAR_0334,MAZDA2_13_UK_MT,Mazda,Mazda2 hatchback 1.3 MZR 86ps 5 cửa,2008,1.349,6.9,5.2,80,98.9,85.6,35,0.16,2536,24,14.4,8,16,0,6.6,2.53,2.88,50,0.625,1,12,5.1,5.22,0,0,0.137,74.95,55.32,19.63,27.42,14.06,bolero,Lệ Quyên,0,0,0,0
SIM_02668,FAKE_CAR_0334,MAZDA2_13_UK_MT,Mazda,Mazda2 hatchback 1.3 MZR 86ps 5 cửa,2008,1.349,6.9,5.2,80,98.9,85.6,40.6,0.16,2663,41,14.4,10,15,0,5.9,2.53,2.88,95,0.824,1,12,13.06,10,0,0,0.137,75.16,68.36,6.8,27.33,14.07,bolero,Lệ Quyên,0,0,0,0
SIM_02669,FAKE_CAR_0334,MAZDA2_13_UK_MT,Mazda,Mazda2 hatchback 1.3 MZR 86ps 5 cửa,2008,1.349,6.9,5.2,80,98.9,85.6,37.5,0.16,2918,35,14.4,0,12,0,5.6,2.53,2.88,20,0.378,1,12,1.96,3.3,0,0,0.137,75.16,37.26,37.9,40.63,14.06,instrumental,không rõ,0,0,0,0
SIM_02670,FAKE_CAR_0334,MAZDA2_13_UK_MT,Mazda,Mazda2 hatchback 1.3 MZR 86ps 5 cửa,2008,1.349,6.9,5.2,80,98.9,85.6,39,0.16,2237,50,14.4,8,5,0,6.7,2.53,2.88,20,0.447,1,12,2.08,3.33,0,0,0.137,69.21,39.51,29.7,32.58,14.01,bolero,Lệ Quyên,0,0,0,0
SIM_02671,FAKE_CAR_0334,MAZDA2_13_UK_MT,Mazda,Mazda2 hatchback 1.3 MZR 86ps 5 cửa,2008,1.349,6.9,5.2,80,98.9,85.6,41.8,0.16,2634,30,14.4,0,5,0,4.2,2.53,2.88,95,0.709,1,12,12.09,10,0,0,0.137,75.16,45.69,29.47,49.03,14.05,rock,không rõ,0,0,0,0
SIM_02672,FAKE_CAR_0334,MAZDA2_13_UK_MT,Mazda,Mazda2 hatchback 1.3 MZR 86ps 5 cửa,2008,1.349,6.9,5.2,80,98.9,85.6,37.9,0.16,2585,55,14.4,12,14,0,5.2,2.53,2.88,95,0.493,1,12,10.28,8.95,0,0,0.137,75.16,64.83,10.33,27.03,14.03,nhạc trẻ,Lam Trường,0,0,0,0
SIM_02673,FAKE_CAR_0335,MAZDA2_15_UK_MT,Mazda,Mazda2 hatchback 1.5 MZR 103ps,2008,1.498,7.6,5.7,90,99.4,89.9,58.3,0.47,2568,15,21.1,0,0,0,4.7,2.79,2.39,65,0.303,1,90,39.64,5.11,0,0,0.082,84.99,70.55,14.44,56.4,14.1,rock,không rõ,0,0,0,1
SIM_02674,FAKE_CAR_0335,MAZDA2_15_UK_MT,Mazda,Mazda2 hatchback 1.5 MZR 103ps,2008,1.498,7.6,5.7,90,99.4,89.9,58.4,0.47,2424,24,21.1,0,13,10,3.2,2.79,2.39,50,0.563,1,90,36.49,4.62,0,0,0.082,82.31,88.41,-6.1,32.22,12.61,instrumental,không rõ,0,0,1,1
SIM_02675,FAKE_CAR_0335,MAZDA2_15_UK_MT,Mazda,Mazda2 hatchback 1.5 MZR 103ps,2008,1.498,7.6,5.7,90,99.4,89.9,60.2,0.47,721,0,21.1,0,8,14,3.5,2.79,2.39,50,0.624,1,90,38.2,4.73,0,0,0.082,32.25,89.53,-57.28,-17.14,11.42,pop,Hòa Minzy,0,1,1,1
SIM_02676,FAKE_CAR_0335,MAZDA2_15_UK_MT,Mazda,Mazda2 hatchback 1.5 MZR 103ps,2008,1.498,7.6,5.7,90,99.4,89.9,57.5,0.47,2767,18,21.1,0,5,0,3.4,2.79,2.39,65,0.356,1,90,41.67,5.26,0,0,0.082,84.99,76.43,8.56,52.7,14.06,rock,không rõ,0,0,0,1
SIM_02677,FAKE_CAR_0335,MAZDA2_15_UK_MT,Mazda,Mazda2 hatchback 1.5 MZR 103ps,2008,1.498,7.6,5.7,90,99.4,89.9,55.3,0.47,903,0,21.1,0,0,9,5.2,2.79,2.39,50,0.662,1,90,39.27,4.8,0,0,0.082,39.69,79.37,-39.68,1.6,11.83,bolero,Lệ Quyên,0,0,1,1
SIM_02678,FAKE_CAR_0335,MAZDA2_15_UK_MT,Mazda,Mazda2 hatchback 1.5 MZR 103ps,2008,1.498,7.6,5.7,90,99.4,89.9,56.7,0.47,2500,36,21.1,0,14,0,4.7,2.79,2.39,35,0.815,1,90,30.54,3.88,0,0,0.082,83.96,74.22,9.74,41.37,14.06,rock,không rõ,0,0,0,0
SIM_02679,FAKE_CAR_0335,MAZDA2_15_UK_MT,Mazda,Mazda2 hatchback 1.5 MZR 103ps,2008,1.498,7.6,5.7,90,99.4,89.9,61.1,0.47,907,0,21.1,8,5,14,3.4,2.79,2.39,50,0.712,1,90,40.68,4.89,0,0,0.082,39.85,97.07,-57.22,-14.44,11.43,dân ca/pop,Phương Mỹ Chi,0,1,1,1
SIM_02680,FAKE_CAR_0335,MAZDA2_15_UK_MT,Mazda,Mazda2 hatchback 1.5 MZR 103ps,2008,1.498,7.6,5.7,90,99.4,89.9,61.5,0.47,2147,13,21.1,0,0,15,2.9,2.79,2.39,80,0.478,1,90,60.41,6.91,0,0,0.082,76.3,106.32,-30.02,34.51,12.03,bolero,Lệ Quyên,0,0,1,1
SIM_02681,FAKE_CAR_0336,HONDA_FIT15_CA_MT,Honda,Fit hatchback 1.5 DX,2008,1.5,7.1,6.5,90,99.8,83.6,54,0.63,2682,19,18.1,13,0,0,5.7,1.56,3.16,50,0.581,0,0,0,5.42,0,0,0.03,85.33,42.22,43.11,46.97,14.16,pop,Hòa Minzy,0,0,0,0
SIM_02682,FAKE_CAR_0336,HONDA_FIT15_CA_MT,Honda,Fit hatchback 1.5 DX,2008,1.5,7.1,6.5,90,99.8,83.6,57.9,0.63,2424,34,18.1,0,16,16,3.9,1.56,3.16,35,0.227,0,0,0,4.07,0,0,0.03,82.64,58.07,24.57,27.08,14.11,rock,không rõ,0,0,0,0
SIM_02683,FAKE_CAR_0336,HONDA_FIT15_CA_MT,Honda,Fit hatchback 1.5 DX,2008,1.5,7.1,6.5,90,99.8,83.6,54.1,0.63,2449,21,18.1,0,14,0,5.4,1.56,3.16,50,0.662,0,0,0,5.57,0,0,0.03,83.19,43.07,40.12,44.13,14.07,dân ca/pop,Phương Mỹ Chi,0,0,0,0
SIM_02684,FAKE_CAR_0336,HONDA_FIT15_CA_MT,Honda,Fit hatchback 1.5 DX,2008,1.5,7.1,6.5,90,99.8,83.6,51.9,0.63,862,0,18.1,0,15,0,4.8,1.56,3.16,20,0.336,0,0,0,3.56,0,0,0.03,38.17,41.46,-3.29,-1.29,12.7,nhạc trẻ,Lam Trường,0,0,1,0
SIM_02685,FAKE_CAR_0336,HONDA_FIT15_CA_MT,Honda,Fit hatchback 1.5 DX,2008,1.5,7.1,6.5,90,99.8,83.6,55.9,0.63,2842,44,18.1,0,5,0,6.5,1.56,3.16,50,0.382,0,0,0,5.07,0,0,0.03,85.33,34.67,50.66,54.17,14.07,pop,Hòa Minzy,0,0,0,0
SIM_02686,FAKE_CAR_0336,HONDA_FIT15_CA_MT,Honda,Fit hatchback 1.5 DX,2008,1.5,7.1,6.5,90,99.8,83.6,53,0.63,2533,45,18.1,0,14,0,5,1.56,3.16,10,0.366,0,0,0,3.29,0,0,0.03,85.02,40.39,44.63,46.36,14.1,rock,không rõ,0,0,0,0
SIM_02687,FAKE_CAR_0336,HONDA_FIT15_CA_MT,Honda,Fit hatchback 1.5 DX,2008,1.5,7.1,6.5,90,99.8,83.6,50.7,0.63,776,0,18.1,9,13,0,4.3,1.56,3.16,65,0.589,0,0,0,6.67,0,0,0.03,34.63,51.07,-16.44,-11.33,12.44,nhạc trẻ,Lam Trường,0,0,1,0
SIM_02688,FAKE_CAR_0336,HONDA_FIT15_CA_MT,Honda,Fit hatchback 1.5 DX,2008,1.5,7.1,6.5,90,99.8,83.6,53.9,0.63,997,0,18.1,0,5,0,4.7,1.56,3.16,95,0.512,0,0,0,9.33,0,0,0.03,43.71,37.13,6.58,14.35,14.16,rock,không rõ,0,0,0,0
SIM_02689,FAKE_CAR_0337,YARIS13_UK_MT,Toyota,Yaris hatchback 1.3 VVT-i,2008,1.3,7.2,6,80,92,55.3,38.1,0.66,983,0,22.6,0,0,14,4.4,2.56,2.77,95,0.444,0,0,0,8.59,0,0,0.14,35.34,49.59,-14.25,-8.22,12.39,bolero,Lệ Quyên,0,0,1,0
SIM_02690,FAKE_CAR_0337,YARIS13_UK_MT,Toyota,Yaris hatchback 1.3 VVT-i,2008,1.3,7.2,6,80,92,55.3,46.3,0.66,1821,51,22.6,0,15,12,7.1,2.56,2.77,65,0.251,0,0,0,5.35,0,0,0.14,56.94,62.05,-5.11,-2.32,12.59,pop,Hòa Minzy,0,0,1,0
SIM_02691,FAKE_CAR_0337,YARIS13_UK_MT,Toyota,Yaris hatchback 1.3 VVT-i,2008,1.3,7.2,6,80,92,55.3,40.4,0.66,722,0,22.6,11,9,18,4.2,2.56,2.77,50,0.378,0,0,0,4.67,0,0,0.14,26.56,69.47,-42.91,-40.8,11.65,nhạc trẻ,Lam Trường,0,0,0,0
SIM_02692,FAKE_CAR_0337,YARIS13_UK_MT,Toyota,Yaris hatchback 1.3 VVT-i,2008,1.3,7.2,6,80,92,55.3,41,0.66,989,0,22.6,0,12,0,7.7,2.56,2.77,35,0.718,0,0,0,4.16,0,0,0.14,35.55,46.46,-10.91,-9.31,12.48,pop,Hòa Minzy,0,0,0,0
SIM_02693,FAKE_CAR_0337,YARIS13_UK_MT,Toyota,Yaris hatchback 1.3 VVT-i,2008,1.3,7.2,6,80,92,55.3,36.5,0.66,961,0,22.6,0,11,0,5.5,2.56,2.77,80,0.229,0,0,0,6.32,0,0,0.14,34.6,45.42,-10.82,-7.06,12.45,instrumental,không rõ,0,0,0,0
SIM_02694,FAKE_CAR_0337,YARIS13_UK_MT,Toyota,Yaris hatchback 1.3 VVT-i,2008,1.3,7.2,6,80,92,55.3,46.6,0.66,2262,22,22.6,0,12,0,7.7,2.56,2.77,10,0.631,0,0,0,2.94,0,0,0.14,64.82,45.24,19.58,19.96,14.13,dân ca/pop,Phương Mỹ Chi,0,0,0,0
SIM_02695,FAKE_CAR_0337,YARIS13_UK_MT,Toyota,Yaris hatchback 1.3 VVT-i,2008,1.3,7.2,6,80,92,55.3,43,0.66,736,0,22.6,0,15,0,4,2.56,2.77,35,0.377,0,0,0,3.82,0,0,0.14,27.03,45.42,-18.39,-17.13,12.26,pop,Hòa Minzy,0,0,0,0
SIM_02696,FAKE_CAR_0337,YARIS13_UK_MT,Toyota,Yaris hatchback 1.3 VVT-i,2008,1.3,7.2,6,80,92,55.3,39.2,0.66,771,0,22.6,0,13,10,5.4,2.56,2.77,10,0.502,0,0,0,2.92,0,0,0.14,28.21,53.92,-25.71,-25.35,12.07,rock,không rõ,0,0,0,0
SIM_02697,FAKE_CAR_0338,YARIS13_UK_MM,Toyota,Yaris hatchback 1.3 VVT-i,2008,1.3,6.7,5.8,80,89.7,77.7,66.1,0.82,898,0,22.2,12,11,0,4.3,1.78,2.5,20,0.79,0,0,0,3.08,1,4.3,0.533,31.67,56.88,-25.21,-19.61,11.85,bolero,Lệ Quyên,0,0,1,0
SIM_02698,FAKE_CAR_0338,YARIS13_UK_MM,Toyota,Yaris hatchback 1.3 VVT-i,2008,1.3,6.7,5.8,80,89.7,77.7,71.2,0.82,972,0,22.2,0,5,0,3.7,1.78,2.5,65,0.335,0,0,0,5.31,1,4.3,0.533,34.1,40.51,-6.41,1.42,12.33,pop,Hòa Minzy,0,0,1,0
SIM_02699,FAKE_CAR_0338,YARIS13_UK_MM,Toyota,Yaris hatchback 1.3 VVT-i,2008,1.3,6.7,5.8,80,89.7,77.7,69.5,0.82,2140,34,22.2,0,16,11,2.8,1.78,2.5,10,0.485,0,0,0,2.65,1,4.3,0.533,61.08,58.95,2.13,7.3,13.76,bolero,Lệ Quyên,0,0,0,0
SIM_02700,FAKE_CAR_0338,YARIS13_UK_MM,Toyota,Yaris hatchback 1.3 VVT-i,2008,1.3,6.7,5.8,80,89.7,77.7,75.6,0.82,931,0,22.2,0,5,0,5,1.78,2.5,50,0.745,0,0,0,5.06,1,4.3,0.533,32.76,41.56,-8.8,-1.22,12.26,dân ca/pop,Phương Mỹ Chi,0,0,1,0
SIM_02701,FAKE_CAR_0338,YARIS13_UK_MM,Toyota,Yaris hatchback 1.3 VVT-i,2008,1.3,6.7,5.8,80,89.7,77.7,74.6,0.82,841,0,22.2,0,9,0,1.5,1.78,2.5,80,0.415,0,0,0,6.77,1,4.3,0.533,29.8,43.77,-13.97,-4.68,12.18,bolero,Lệ Quyên,0,0,1,0
SIM_02702,FAKE_CAR_0338,YARIS13_UK_MM,Toyota,Yaris hatchback 1.3 VVT-i,2008,1.3,6.7,5.8,80,89.7,77.7,70.8,0.82,777,0,22.2,0,8,0,3.2,1.78,2.5,65,0.611,0,0,0,6.07,1,4.3,0.533,27.7,43.77,-16.07,-7.48,12.08,nhạc trẻ,Lam Trường,0,0,1,0
SIM_02703,FAKE_CAR_0338,YARIS13_UK_MM,Toyota,Yaris hatchback 1.3 VVT-i,2008,1.3,6.7,5.8,80,89.7,77.7,65.4,0.82,989,0,22.2,11,0,0,4.7,1.78,2.5,50,0.369,0,0,0,4.39,1,4.3,0.533,34.66,46.59,-11.93,-5.02,12.21,dân ca/pop,Phương Mỹ Chi,0,0,1,0
SIM_02704,FAKE_CAR_0338,YARIS13_UK_MM,Toyota,Yaris hatchback 1.3 VVT-i,2008,1.3,6.7,5.8,80,89.7,77.7,63.6,0.82,1914,60,22.2,8,0,0,4.2,1.78,2.5,35,0.389,0,0,0,3.57,1,4.3,0.533,57.14,42.27,14.87,20.96,13.84,instrumental,không rõ,0,0,0,0
SIM_02705,FAKE_CAR_0339,YARIS13_NCP_2NZ,Toyota,Yaris 1.3 NCP9# / 2NZ-FE,2008,1.3,,,90,49.9,87.6,46.9,0.48,2332,41,18.7,0,5,0,7.2,1.85,2.14,65,0.636,0,0,0,5.78,0,0,0.087,40.32,36.68,3.64,7.57,14.07,nhạc trẻ,Lam Trường,0,0,0,0
SIM_02706,FAKE_CAR_0339,YARIS13_NCP_2NZ,Toyota,Yaris 1.3 NCP9# / 2NZ-FE,2008,1.3,,,90,49.9,87.6,36.6,0.48,2358,36,18.7,0,0,0,4.5,1.85,2.14,35,0.342,0,0,0,3.16,0,0,0.087,40.6,26.36,14.24,15.55,14.12,dân ca/pop,Phương Mỹ Chi,0,0,0,0
SIM_02707,FAKE_CAR_0339,YARIS13_NCP_2NZ,Toyota,Yaris 1.3 NCP9# / 2NZ-FE,2008,1.3,,,90,49.9,87.6,44,0.48,869,0,18.7,0,15,0,3.9,1.85,2.14,65,0.784,0,0,0,6.19,0,0,0.087,19.23,43.79,-24.56,-20.22,12.2,pop,Hòa Minzy,0,0,0,0
SIM_02708,FAKE_CAR_0339,YARIS13_NCP_2NZ,Toyota,Yaris 1.3 NCP9# / 2NZ-FE,2008,1.3,,,90,49.9,87.6,38.5,0.48,2510,30,18.7,10,8,0,5.6,1.85,2.14,10,0.753,0,0,0,2.32,0,0,0.087,42.26,44.62,-2.36,-1.89,12.74,dân ca/pop,Phương Mỹ Chi,0,0,0,0
SIM_02709,FAKE_CAR_0339,YARIS13_NCP_2NZ,Toyota,Yaris 1.3 NCP9# / 2NZ-FE,2008,1.3,,,90,49.9,87.6,44.7,0.48,2414,35,18.7,13,16,16,3.9,1.85,2.14,50,0.781,0,0,0,4.76,0,0,0.087,41.21,72.36,-31.15,-28.24,12.08,nhạc trẻ,Lam Trường,0,0,0,0
SIM_02710,FAKE_CAR_0339,YARIS13_NCP_2NZ,Toyota,Yaris 1.3 NCP9# / 2NZ-FE,2008,1.3,,,90,49.9,87.6,45,0.48,1694,57,18.7,8,0,0,4.5,1.85,2.14,65,0.388,0,0,0,5.1,0,0,0.087,33.36,36.3,-2.94,0.31,12.75,rock,không rõ,0,0,0,0
SIM_02711,FAKE_CAR_0339,YARIS13_NCP_2NZ,Toyota,Yaris 1.3 NCP9# / 2NZ-FE,2008,1.3,,,90,49.9,87.6,42.9,0.48,775,0,18.7,0,9,10,6,1.85,2.14,50,0.739,0,0,0,4.69,0,0,0.087,17.3,48.39,-31.09,-28.25,11.99,pop,Hòa Minzy,0,0,0,0
SIM_02712,FAKE_CAR_0339,YARIS13_NCP_2NZ,Toyota,Yaris 1.3 NCP9# / 2NZ-FE,2008,1.3,,,90,49.9,87.6,42.7,0.48,1874,64,18.7,12,16,0,5.7,1.85,2.14,20,0.838,0,0,0,2.74,0,0,0.087,35.32,55.14,-19.82,-18.93,12.3,pop,Hòa Minzy,0,0,0,0
SIM_02713,FAKE_CAR_0340,YARIS15_CA_MT,Toyota,Yaris hatchback 1.5,2008,1.5,7,6.3,80,94.9,83.2,67.3,0.77,2123,60,15.5,0,0,16,5,1.48,2.91,10,0.834,0,0,0,3.1,0,0,0.16,64.31,39.6,24.71,26.33,14.1,nhạc trẻ,Lam Trường,0,0,0,0
SIM_02714,FAKE_CAR_0340,YARIS15_CA_MT,Toyota,Yaris hatchback 1.5,2008,1.5,7,6.3,80,94.9,83.2,62.8,0.77,1935,17,15.5,0,0,0,2.1,1.48,2.91,50,0.374,0,0,0,4.8,0,0,0.16,60.84,22.4,38.44,41.76,14.01,instrumental,không rõ,0,0,0,0
SIM_02715,FAKE_CAR_0340,YARIS15_CA_MT,Toyota,Yaris hatchback 1.5,2008,1.5,7,6.3,80,94.9,83.2,68.8,0.77,792,0,15.5,0,0,0,3.8,1.48,2.91,50,0.717,0,0,0,5.42,0,0,0.16,29.83,24.72,5.11,9.05,14.12,instrumental,không rõ,0,0,0,0
SIM_02716,FAKE_CAR_0340,YARIS15_CA_MT,Toyota,Yaris hatchback 1.5,2008,1.5,7,6.3,80,94.9,83.2,72,0.77,786,0,15.5,0,5,18,2.4,1.48,2.91,10,0.586,0,0,0,3.07,0,0,0.16,29.62,43.97,-14.35,-12.76,12.33,instrumental,không rõ,0,0,0,0
SIM_02717,FAKE_CAR_0340,YARIS15_CA_MT,Toyota,Yaris hatchback 1.5,2008,1.5,7,6.3,80,94.9,83.2,60.7,0.77,884,0,15.5,0,8,11,4.8,1.48,2.91,80,0.525,0,0,0,7.61,0,0,0.16,33.02,46.91,-13.89,-7.76,12.37,nhạc trẻ,Lam Trường,0,0,1,0
SIM_02718,FAKE_CAR_0340,YARIS15_CA_MT,Toyota,Yaris hatchback 1.5,2008,1.5,7,6.3,80,94.9,83.2,65.2,0.77,931,0,15.5,0,5,12,5.1,1.48,2.91,80,0.262,0,0,0,6.59,0,0,0.16,34.65,44.19,-9.54,-4.43,12.54,nhạc trẻ,Lam Trường,0,0,1,0
SIM_02719,FAKE_CAR_0340,YARIS15_CA_MT,Toyota,Yaris hatchback 1.5,2008,1.5,7,6.3,80,94.9,83.2,62.3,0.77,1903,51,15.5,0,5,12,2.2,1.48,2.91,65,0.209,0,0,0,5.38,0,0,0.16,60.25,40.08,20.17,24.07,14,rock,không rõ,0,0,0,0
SIM_02720,FAKE_CAR_0340,YARIS15_CA_MT,Toyota,Yaris hatchback 1.5,2008,1.5,7,6.3,80,94.9,83.2,71.9,0.77,868,0,15.5,0,8,0,4.6,1.48,2.91,80,0.388,0,0,0,7.08,0,0,0.16,32.47,35.18,-2.71,2.89,12.7,rock,không rõ,0,0,0,0
SIM_02721,FAKE_CAR_0341,YARIS15_CA_AT,Toyota,Yaris hatchback 1.5,2008,1.5,7,6.4,80,82.6,92.6,54.1,0.29,2678,38,16.1,0,16,0,2.2,1.7,2.81,35,0.442,0,0,0,3.93,1,13.34,0.144,62.78,51.57,11.21,26.78,14,dân ca/pop,Phương Mỹ Chi,0,0,0,0
SIM_02722,FAKE_CAR_0341,YARIS15_CA_AT,Toyota,Yaris hatchback 1.5,2008,1.5,7,6.4,80,82.6,92.6,67,0.29,2257,23,16.1,0,5,0,3.8,1.7,2.81,50,0.804,0,0,0,5.47,1,13.34,0.144,58.12,43.71,14.41,31.52,13.99,dân ca/pop,Phương Mỹ Chi,0,0,0,0
SIM_02723,FAKE_CAR_0341,YARIS15_CA_AT,Toyota,Yaris hatchback 1.5,2008,1.5,7,6.4,80,82.6,92.6,56.6,0.29,934,0,16.1,0,0,0,3.9,1.7,2.81,65,0.529,0,0,0,6.16,1,13.34,0.144,30.25,39.5,-9.25,8.55,12.55,rock,không rõ,0,0,1,0
SIM_02724,FAKE_CAR_0341,YARIS15_CA_AT,Toyota,Yaris hatchback 1.5,2008,1.5,7,6.4,80,82.6,92.6,62,0.29,2863,48,16.1,0,0,0,3.1,1.7,2.81,95,0.816,0,0,0,10,1,13.34,0.144,62.78,42.54,20.24,41.88,14.13,nhạc trẻ,Lam Trường,0,0,0,0
SIM_02725,FAKE_CAR_0341,YARIS15_CA_AT,Toyota,Yaris hatchback 1.5,2008,1.5,7,6.4,80,82.6,92.6,66.7,0.29,1710,40,16.1,12,5,0,3.4,1.7,2.81,10,0.283,0,0,0,2.93,1,13.34,0.144,49.34,52.77,-3.43,11.14,12.72,pop,Hòa Minzy,0,0,1,0
SIM_02726,FAKE_CAR_0341,YARIS15_CA_AT,Toyota,Yaris hatchback 1.5,2008,1.5,7,6.4,80,82.6,92.6,54.8,0.29,2446,43,16.1,0,15,0,5.1,1.7,2.81,80,0.666,0,0,0,8.05,1,13.34,0.144,61.15,57.59,3.56,23.25,14.02,instrumental,không rõ,0,0,0,0
SIM_02727,FAKE_CAR_0341,YARIS15_CA_AT,Toyota,Yaris hatchback 1.5,2008,1.5,7,6.4,80,82.6,92.6,53.3,0.29,2123,40,16.1,9,0,18,4.3,1.7,2.81,95,0.73,0,0,0,10,1,13.34,0.144,55.97,70.74,-14.77,6.87,12.42,pop,Hòa Minzy,0,0,1,0
SIM_02728,FAKE_CAR_0341,YARIS15_CA_AT,Toyota,Yaris hatchback 1.5,2008,1.5,7,6.4,80,82.6,92.6,66.4,0.29,778,0,16.1,0,0,0,4.7,1.7,2.81,50,0.21,0,0,0,4.41,1,13.34,0.144,25.54,38.55,-13.01,3.04,12.38,pop,Hòa Minzy,0,0,1,0
SIM_02729,FAKE_CAR_0342,YARIS10_UK_MT,Toyota,Yaris hatchback 1.0 VVT-i,2008,1,6.4,5.4,80,96.5,95.3,68.2,0.2,2889,22,19.6,14,10,0,5,1.73,2.73,50,0.39,0,0,0,4.65,0,0,0.052,73.34,53.25,20.09,23.01,14.14,dân ca/pop,Phương Mỹ Chi,0,0,0,0
SIM_02730,FAKE_CAR_0342,YARIS10_UK_MT,Toyota,Yaris hatchback 1.0 VVT-i,2008,1,6.4,5.4,80,96.5,95.3,63.8,0.2,774,0,19.6,9,11,0,4.7,1.73,2.73,50,0.341,0,0,0,4.57,0,0,0.052,29.7,48.87,-19.17,-16.33,12.38,dân ca/pop,Phương Mỹ Chi,0,0,0,0
SIM_02731,FAKE_CAR_0342,YARIS10_UK_MT,Toyota,Yaris hatchback 1.0 VVT-i,2008,1,6.4,5.4,80,96.5,95.3,68,0.2,1961,32,19.6,0,9,18,4.7,1.73,2.73,20,0.586,0,0,0,3.23,0,0,0.052,62.35,54.53,7.82,9.32,14.14,rock,không rõ,0,0,0,0
SIM_02732,FAKE_CAR_0342,YARIS10_UK_MT,Toyota,Yaris hatchback 1.0 VVT-i,2008,1,6.4,5.4,80,96.5,95.3,60.5,0.2,2518,21,19.6,0,5,0,2.1,1.73,2.73,20,0.583,0,0,0,3.23,0,0,0.052,72.8,29.93,42.87,44.37,14.19,nhạc trẻ,Lam Trường,0,0,0,0
SIM_02733,FAKE_CAR_0342,YARIS10_UK_MT,Toyota,Yaris hatchback 1.0 VVT-i,2008,1,6.4,5.4,80,96.5,95.3,65.4,0.2,2256,33,19.6,0,5,16,5.5,1.73,2.73,80,0.541,0,0,0,7.49,0,0,0.052,67.88,53.59,14.29,20.05,14.17,instrumental,không rõ,0,0,0,0
SIM_02734,FAKE_CAR_0342,YARIS10_UK_MT,Toyota,Yaris hatchback 1.0 VVT-i,2008,1,6.4,5.4,80,96.5,95.3,63.4,0.2,1611,56,19.6,0,5,0,5.5,1.73,2.73,35,0.354,0,0,0,3.76,0,0,0.052,55.79,33.86,21.93,23.96,14.09,instrumental,không rõ,0,0,0,0
SIM_02735,FAKE_CAR_0342,YARIS10_UK_MT,Toyota,Yaris hatchback 1.0 VVT-i,2008,1,6.4,5.4,80,96.5,95.3,64.2,0.2,2443,24,19.6,0,0,17,2.2,1.73,2.73,80,0.315,0,0,0,6.61,0,0,0.052,71.39,45.41,25.98,30.86,14.08,dân ca/pop,Phương Mỹ Chi,0,0,0,0
SIM_02736,FAKE_CAR_0342,YARIS10_UK_MT,Toyota,Yaris hatchback 1.0 VVT-i,2008,1,6.4,5.4,80,96.5,95.3,60.4,0.2,2927,12,19.6,13,5,0,4.8,1.73,2.73,50,0.603,0,0,0,5.03,0,0,0.052,73.34,47.43,25.91,29.21,14.05,bolero,Lệ Quyên,0,0,0,0
SIM_02737,FAKE_CAR_0343,AYGO10_UK_MT,Toyota,Aygo hatchback 1.0 VVT-i,2008,1,5.5,4.6,60,97.9,92.4,41.7,0.25,778,0,18.8,12,12,16,4.4,1.69,1.94,20,0.464,0,0,0,2.39,0,0,0.098,22.7,65.59,-42.89,-42.19,11.68,dân ca/pop,Phương Mỹ Chi,0,0,0,0
SIM_02738,FAKE_CAR_0343,AYGO10_UK_MT,Toyota,Aygo hatchback 1.0 VVT-i,2008,1,5.5,4.6,60,97.9,92.4,40.1,0.25,1797,36,18.8,14,14,18,6.5,1.69,1.94,95,0.405,0,0,0,7.56,0,0,0.098,45.1,78.86,-33.76,-27.89,11.92,instrumental,không rõ,0,0,1,0
SIM_02739,FAKE_CAR_0343,AYGO10_UK_MT,Toyota,Aygo hatchback 1.0 VVT-i,2008,1,5.5,4.6,60,97.9,92.4,30.3,0.25,2111,30,18.8,0,10,0,6.6,1.69,1.94,95,0.322,0,0,0,7.13,0,0,0.098,49.58,42.53,7.05,12.49,14.03,instrumental,không rõ,0,0,0,0
SIM_02740,FAKE_CAR_0343,AYGO10_UK_MT,Toyota,Aygo hatchback 1.0 VVT-i,2008,1,5.5,4.6,60,97.9,92.4,41.8,0.25,2606,49,18.8,0,5,0,4.2,1.69,1.94,65,0.782,0,0,0,5.98,0,0,0.098,55.8,33.98,21.82,26.11,14.14,dân ca/pop,Phương Mỹ Chi,0,0,0,0
SIM_02741,FAKE_CAR_0343,AYGO10_UK_MT,Toyota,Aygo hatchback 1.0 VVT-i,2008,1,5.5,4.6,60,97.9,92.4,37.6,0.25,2763,27,18.8,0,0,0,5,1.69,1.94,95,0.625,0,0,0,8.69,0,0,0.098,55.8,32.49,23.31,30.31,14.13,nhạc trẻ,Lam Trường,0,0,0,0
SIM_02742,FAKE_CAR_0343,AYGO10_UK_MT,Toyota,Aygo hatchback 1.0 VVT-i,2008,1,5.5,4.6,60,97.9,92.4,34.1,0.25,836,0,18.8,0,5,0,4.4,1.69,1.94,95,0.459,0,0,0,7.84,0,0,0.098,24.26,36.04,-11.78,-5.63,12.43,bolero,Lệ Quyên,0,0,1,0
SIM_02743,FAKE_CAR_0343,AYGO10_UK_MT,Toyota,Aygo hatchback 1.0 VVT-i,2008,1,5.5,4.6,60,97.9,92.4,39,0.25,1604,32,18.8,0,13,0,5.4,1.69,1.94,95,0.403,0,0,0,7.55,0,0,0.098,42.35,44.75,-2.4,3.46,12.69,dân ca/pop,Phương Mỹ Chi,0,0,0,0
SIM_02744,FAKE_CAR_0343,AYGO10_UK_MT,Toyota,Aygo hatchback 1.0 VVT-i,2008,1,5.5,4.6,60,97.9,92.4,32.1,0.25,2722,43,18.8,10,5,0,7,1.69,1.94,50,0.487,0,0,0,4.04,0,0,0.098,55.8,44.84,10.96,13.31,14.06,dân ca/pop,Phương Mỹ Chi,0,0,0,0
SIM_02745,FAKE_CAR_0344,AURIS14_UK_MT,Toyota,Auris hatchback 1.4 VVT-i,2008,1.4,8.7,6.9,95,68.8,86.1,58.2,0.66,750,0,21.6,0,0,0,5.3,1.77,2.86,95,0.399,1,12,9.49,8.45,0,0,0.127,24.43,44.84,-20.41,-4.24,12.2,instrumental,không rõ,0,0,1,0
SIM_02746,FAKE_CAR_0344,AURIS14_UK_MT,Toyota,Auris hatchback 1.4 VVT-i,2008,1.4,8.7,6.9,95,68.8,86.1,55.7,0.66,2459,35,21.6,0,13,0,2.2,1.77,2.86,80,0.743,1,12,9.82,8.4,0,0,0.127,60.69,55.02,5.67,22.12,14.11,rock,không rõ,0,0,0,0
SIM_02747,FAKE_CAR_0344,AURIS14_UK_MT,Toyota,Auris hatchback 1.4 VVT-i,2008,1.4,8.7,6.9,95,68.8,86.1,66.7,0.66,986,0,21.6,13,5,0,3.5,1.77,2.86,50,0.304,1,12,3.89,4.63,0,0,0.127,31.48,51.62,-20.14,-13.39,12.3,instrumental,không rõ,0,0,1,0
SIM_02748,FAKE_CAR_0344,AURIS14_UK_MT,Toyota,Auris hatchback 1.4 VVT-i,2008,1.4,8.7,6.9,95,68.8,86.1,56.7,0.66,2026,39,21.6,0,10,0,3.2,1.77,2.86,10,0.431,1,12,1.59,3,0,0,0.127,53.82,39.39,14.43,17.25,14.04,bolero,Lệ Quyên,0,0,0,0
SIM_02749,FAKE_CAR_0344,AURIS14_UK_MT,Toyota,Auris hatchback 1.4 VVT-i,2008,1.4,8.7,6.9,95,68.8,86.1,66.7,0.66,763,0,21.6,0,0,0,4.9,1.77,2.86,65,0.346,1,12,5.5,5.7,0,0,0.127,24.81,37.7,-12.89,-3.46,12.39,rock,không rõ,0,0,1,0
SIM_02750,FAKE_CAR_0344,AURIS14_UK_MT,Toyota,Auris hatchback 1.4 VVT-i,2008,1.4,8.7,6.9,95,68.8,86.1,63.4,0.66,868,0,21.6,0,0,0,5.5,1.77,2.86,20,0.428,1,12,2.05,3.3,0,0,0.127,27.95,32.45,-4.5,-0.92,12.66,instrumental,không rõ,0,0,1,0
SIM_02751,FAKE_CAR_0344,AURIS14_UK_MT,Toyota,Auris hatchback 1.4 VVT-i,2008,1.4,8.7,6.9,95,68.8,86.1,62.6,0.66,2144,49,21.6,11,10,0,3.2,1.77,2.86,10,0.32,1,12,1.44,2.99,0,0,0.127,55.69,50.23,5.46,8.12,14.08,dân ca/pop,Phương Mỹ Chi,0,0,0,0
SIM_02752,FAKE_CAR_0344,AURIS14_UK_MT,Toyota,Auris hatchback 1.4 VVT-i,2008,1.4,8.7,6.9,95,68.8,86.1,63.9,0.66,2419,55,21.6,0,13,17,2.2,1.77,2.86,35,0.822,1,12,4.09,4.36,0,0,0.127,60.06,62.25,-2.19,4.49,12.68,rock,không rõ,0,0,0,0
SIM_02753,FAKE_CAR_0345,AURIS16_UK_MT,Toyota,Auris hatchback 1.6 VVT-i,2008,1.6,9,7.1,100,99.7,86.2,34.6,0.77,733,0,20.1,0,5,0,6.6,1.58,3.05,35,0.472,0,0,0,4.2,1,12.92,0.101,36.48,48.82,-12.34,3.2,12.55,pop,Hòa Minzy,0,0,1,0
SIM_02754,FAKE_CAR_0345,AURIS16_UK_MT,Toyota,Auris hatchback 1.6 VVT-i,2008,1.6,9,7.1,100,99.7,86.2,37,0.77,2919,23,20.1,0,11,0,5.8,1.58,3.05,80,0.661,0,0,0,8.28,1,12.92,0.101,94.72,58.1,36.62,56.24,14.08,nhạc trẻ,Lam Trường,0,0,0,0
SIM_02755,FAKE_CAR_0345,AURIS16_UK_MT,Toyota,Auris hatchback 1.6 VVT-i,2008,1.6,9,7.1,100,99.7,86.2,39.2,0.77,2185,31,20.1,0,10,0,4.7,1.58,3.05,80,0.506,0,0,0,7.67,1,12.92,0.101,85.95,55.39,30.56,49.57,14.12,pop,Hòa Minzy,0,0,0,0
SIM_02756,FAKE_CAR_0345,AURIS16_UK_MT,Toyota,Auris hatchback 1.6 VVT-i,2008,1.6,9,7.1,100,99.7,86.2,36.9,0.77,730,0,20.1,0,14,0,6,1.58,3.05,95,0.708,0,0,0,10,1,12.92,0.101,36.35,63.02,-26.67,-5.33,12.18,bolero,Lệ Quyên,0,0,1,0
SIM_02757,FAKE_CAR_0345,AURIS16_UK_MT,Toyota,Auris hatchback 1.6 VVT-i,2008,1.6,9,7.1,100,99.7,86.2,39.6,0.77,878,0,20.1,0,5,0,7.1,1.58,3.05,20,0.532,0,0,0,3.53,1,12.92,0.101,43.09,48.65,-5.56,9.31,12.66,bolero,Lệ Quyên,0,0,1,0
SIM_02758,FAKE_CAR_0345,AURIS16_UK_MT,Toyota,Auris hatchback 1.6 VVT-i,2008,1.6,9,7.1,100,99.7,86.2,33.9,0.77,981,0,20.1,0,0,0,6.1,1.58,3.05,50,0.717,0,0,0,5.56,1,12.92,0.101,47.79,44.68,3.11,20.01,14.12,bolero,Lệ Quyên,0,0,0,0
SIM_02759,FAKE_CAR_0345,AURIS16_UK_MT,Toyota,Auris hatchback 1.6 VVT-i,2008,1.6,9,7.1,100,99.7,86.2,38.9,0.77,1626,14,20.1,0,9,0,4.5,1.58,3.05,65,0.529,0,0,0,6.4,1,12.92,0.101,72.41,52.92,19.49,37.23,14.14,rock,không rõ,0,0,0,0
SIM_02760,FAKE_CAR_0345,AURIS16_UK_MT,Toyota,Auris hatchback 1.6 VVT-i,2008,1.6,9,7.1,100,99.7,86.2,30.3,0.77,2300,29,20.1,0,5,0,7.7,1.58,3.05,65,0.467,0,0,0,6.23,1,12.92,0.101,88.73,51.95,36.78,54.35,14.16,pop,Hòa Minzy,0,0,0,0
SIM_02761,FAKE_CAR_0346,AVENSIS18_UK_MT,Toyota,Avensis sedan/hatch 1.8 VVT-i,2008,1.8,9.4,7.2,110,91,81.4,42.4,0.84,1830,43,19.9,0,0,0,5.1,1.38,1.67,20,0.312,0,0,0,2.06,0,0,0.089,77.66,27.06,50.6,51.28,14.16,dân ca/pop,Phương Mỹ Chi,0,0,0,0
SIM_02762,FAKE_CAR_0346,AVENSIS18_UK_MT,Toyota,Avensis sedan/hatch 1.8 VVT-i,2008,1.8,9.4,7.2,110,91,81.4,52.4,0.84,721,0,19.9,0,16,14,3.7,1.38,1.67,80,0.828,0,0,0,7.54,0,0,0.089,36.08,61.14,-25.06,-18.9,12.11,instrumental,không rõ,0,0,1,0
SIM_02763,FAKE_CAR_0346,AVENSIS18_UK_MT,Toyota,Avensis sedan/hatch 1.8 VVT-i,2008,1.8,9.4,7.2,110,91,81.4,54.2,0.84,906,0,19.9,0,0,0,6.9,1.38,1.67,35,0.599,0,0,0,2.94,0,0,0.089,44.55,29.74,14.81,16.37,14.03,pop,Hòa Minzy,0,0,0,0
SIM_02764,FAKE_CAR_0346,AVENSIS18_UK_MT,Toyota,Avensis sedan/hatch 1.8 VVT-i,2008,1.8,9.4,7.2,110,91,81.4,52.3,0.84,825,0,19.9,0,5,11,6.1,1.38,1.67,95,0.84,0,0,0,9.53,0,0,0.089,40.84,51.53,-10.69,-2.54,12.56,rock,không rõ,0,0,1,0
SIM_02765,FAKE_CAR_0346,AVENSIS18_UK_MT,Toyota,Avensis sedan/hatch 1.8 VVT-i,2008,1.8,9.4,7.2,110,91,81.4,48.2,0.84,955,0,19.9,0,0,0,4,1.38,1.67,35,0.306,0,0,0,2.65,0,0,0.089,46.79,26.55,20.24,21.51,14.14,bolero,Lệ Quyên,0,0,0,0
SIM_02766,FAKE_CAR_0346,AVENSIS18_UK_MT,Toyota,Avensis sedan/hatch 1.8 VVT-i,2008,1.8,9.4,7.2,110,91,81.4,54.6,0.84,720,0,19.9,10,5,0,7,1.38,1.67,35,0.838,0,0,0,3.18,0,0,0.089,36.04,45.08,-9.04,-7.24,12.64,dân ca/pop,Phương Mỹ Chi,0,0,0,0
SIM_02767,FAKE_CAR_0346,AVENSIS18_UK_MT,Toyota,Avensis sedan/hatch 1.8 VVT-i,2008,1.8,9.4,7.2,110,91,81.4,51.9,0.84,795,0,19.9,8,13,13,7.1,1.38,1.67,10,0.732,0,0,0,1.85,0,0,0.089,39.47,62.85,-23.38,-22.91,12.28,dân ca/pop,Phương Mỹ Chi,0,0,0,0
SIM_02768,FAKE_CAR_0346,AVENSIS18_UK_MT,Toyota,Avensis sedan/hatch 1.8 VVT-i,2008,1.8,9.4,7.2,110,91,81.4,44.7,0.84,744,0,19.9,0,5,0,3.5,1.38,1.67,95,0.859,0,0,0,9.63,0,0,0.089,37.13,38.03,-0.9,7.35,12.8,bolero,Lệ Quyên,0,0,0,0
SIM_02769,FAKE_CAR_0347,RAV4_20_UK_MT,Toyota,RAV4 2.0 VVT-i,2008,2,11,8.6,130,93.6,88.9,57.2,0.23,1840,63,13.6,0,0,0,2.8,2.31,2.07,20,0.354,0,0,0,2.48,0,0,0.112,94.7,18.88,75.82,75.99,14.08,pop,Hòa Minzy,0,0,0,0
SIM_02770,FAKE_CAR_0347,RAV4_20_UK_MT,Toyota,RAV4 2.0 VVT-i,2008,2,11,8.6,130,93.6,88.9,62.8,0.23,2613,12,13.6,0,0,12,5.5,2.31,2.07,35,0.81,0,0,0,3.55,0,0,0.112,115.6,34.65,80.95,82.19,14.12,pop,Hòa Minzy,0,0,0,0
SIM_02771,FAKE_CAR_0347,RAV4_20_UK_MT,Toyota,RAV4 2.0 VVT-i,2008,2,11,8.6,130,93.6,88.9,61.4,0.23,2243,45,13.6,0,15,0,5.5,2.31,2.07,95,0.459,0,0,0,7.97,0,0,0.112,106.61,42.07,64.54,70.2,14.08,nhạc trẻ,Lam Trường,0,0,0,0
SIM_02772,FAKE_CAR_0347,RAV4_20_UK_MT,Toyota,RAV4 2.0 VVT-i,2008,2,11,8.6,130,93.6,88.9,59.7,0.23,751,0,13.6,0,0,10,2.7,2.31,2.07,50,0.59,0,0,0,4.35,0,0,0.112,45.53,30.65,14.88,16.92,14.06,dân ca/pop,Phương Mỹ Chi,0,0,0,0
SIM_02773,FAKE_CAR_0347,RAV4_20_UK_MT,Toyota,RAV4 2.0 VVT-i,2008,2,11,8.6,130,93.6,88.9,60.9,0.23,2044,36,13.6,0,5,0,4.5,2.31,2.07,95,0.833,0,0,0,9.89,0,0,0.112,100.73,32.99,67.74,75.32,14.1,dân ca/pop,Phương Mỹ Chi,0,0,0,0
SIM_02774,FAKE_CAR_0347,RAV4_20_UK_MT,Toyota,RAV4 2.0 VVT-i,2008,2,11,8.6,130,93.6,88.9,57.7,0.23,916,0,13.6,0,0,0,3.4,2.31,2.07,80,0.658,0,0,0,7.28,0,0,0.112,54.71,24.28,30.43,35.4,14.1,nhạc trẻ,Lam Trường,0,0,0,0
SIM_02775,FAKE_CAR_0347,RAV4_20_UK_MT,Toyota,RAV4 2.0 VVT-i,2008,2,11,8.6,130,93.6,88.9,55.2,0.23,2162,56,13.6,0,0,16,3.1,2.31,2.07,80,0.809,0,0,0,7.87,0,0,0.112,104.22,40.57,63.65,69.21,14.03,dân ca/pop,Phương Mỹ Chi,0,0,0,0
SIM_02776,FAKE_CAR_0347,RAV4_20_UK_MT,Toyota,RAV4 2.0 VVT-i,2008,2,11,8.6,130,93.6,88.9,58.8,0.23,2285,60,13.6,0,5,0,2.4,2.31,2.07,95,0.388,0,0,0,7.6,0,0,0.112,107.85,28.6,79.25,84.54,14.14,instrumental,không rõ,0,0,0,0
SIM_02777,FAKE_CAR_0348,MAZDA2_13_UK_MT,Mazda,Mazda2 hatchback 1.3 MZR 86ps 5 cửa,2008,1.349,6.9,5.2,80,90.1,87.8,24.7,0.29,1785,38,15,0,0,0,6.8,2.2,3.11,80,0.38,0,0,0,7.25,0,0,0.074,55.14,29.05,26.09,31.14,14.13,nhạc trẻ,Lam Trường,0,0,0,0
SIM_02778,FAKE_CAR_0348,MAZDA2_13_UK_MT,Mazda,Mazda2 hatchback 1.3 MZR 86ps 5 cửa,2008,1.349,6.9,5.2,80,90.1,87.8,36.6,0.29,2510,17,15,0,15,0,7.3,2.2,3.11,95,0.499,0,0,0,9.22,0,0,0.074,67.83,46.52,21.31,28.33,14.09,pop,Hòa Minzy,0,0,0,0
SIM_02779,FAKE_CAR_0348,MAZDA2_13_UK_MT,Mazda,Mazda2 hatchback 1.3 MZR 86ps 5 cửa,2008,1.349,6.9,5.2,80,90.1,87.8,31.1,0.29,2165,15,15,0,12,0,7.5,2.2,3.11,95,0.783,0,0,0,10,0,0,0.074,61.79,44.5,17.29,25.09,14.1,rock,không rõ,0,0,0,0
SIM_02780,FAKE_CAR_0348,MAZDA2_13_UK_MT,Mazda,Mazda2 hatchback 1.3 MZR 86ps 5 cửa,2008,1.349,6.9,5.2,80,90.1,87.8,31.7,0.29,751,0,15,0,12,17,5.7,2.2,3.11,10,0.849,0,0,0,3.3,0,0,0.074,26.97,53,-26.03,-24.93,12.18,instrumental,không rõ,0,0,0,0
SIM_02781,FAKE_CAR_0348,MAZDA2_13_UK_MT,Mazda,Mazda2 hatchback 1.3 MZR 86ps 5 cửa,2008,1.349,6.9,5.2,80,90.1,87.8,31.4,0.29,1847,36,15,0,8,0,6.4,2.2,3.11,95,0.808,0,0,0,10,0,0,0.074,56.22,39.4,16.82,24.62,14.11,dân ca/pop,Phương Mỹ Chi,0,0,0,0
SIM_02782,FAKE_CAR_0348,MAZDA2_13_UK_MT,Mazda,Mazda2 hatchback 1.3 MZR 86ps 5 cửa,2008,1.349,6.9,5.2,80,90.1,87.8,24.2,0.29,866,0,15,0,0,9,8.1,2.2,3.11,50,0.246,0,0,0,4.78,0,0,0.074,30.76,36.88,-6.12,-3.54,12.71,rock,không rõ,0,0,0,0
SIM_02783,FAKE_CAR_0348,MAZDA2_13_UK_MT,Mazda,Mazda2 hatchback 1.3 MZR 86ps 5 cửa,2008,1.349,6.9,5.2,80,90.1,87.8,34.8,0.29,2245,21,15,0,5,0,4.6,2.2,3.11,10,0.369,0,0,0,3.24,0,0,0.074,63.19,27.84,35.35,36.39,14.06,dân ca/pop,Phương Mỹ Chi,0,0,0,0
SIM_02784,FAKE_CAR_0348,MAZDA2_13_UK_MT,Mazda,Mazda2 hatchback 1.3 MZR 86ps 5 cửa,2008,1.349,6.9,5.2,80,90.1,87.8,33.1,0.29,2103,54,15,14,15,15,5.8,2.2,3.11,95,0.549,0,0,0,9.47,0,0,0.074,60.7,74.27,-13.57,-6.3,12.51,rock,không rõ,0,0,1,0
SIM_02785,FAKE_CAR_0349,MAZDA2_15_UK_MT,Mazda,Mazda2 hatchback 1.5 MZR 103ps,2008,1.498,7.6,5.7,90,65.3,81.1,68,0.43,2582,65,20.6,0,5,0,1.5,1.87,2.56,20,0.543,0,0,0,3.04,0,0,0.014,55.83,30.14,25.69,26.86,14.16,bolero,Lệ Quyên,0,0,0,0
SIM_02786,FAKE_CAR_0349,MAZDA2_15_UK_MT,Mazda,Mazda2 hatchback 1.5 MZR 103ps,2008,1.498,7.6,5.7,90,65.3,81.1,78.7,0.43,2245,29,20.6,9,0,10,4.8,1.87,2.56,95,0.804,0,0,0,10,0,0,0.014,51.52,54.4,-2.88,5.25,12.83,bolero,Lệ Quyên,0,0,0,0
SIM_02787,FAKE_CAR_0349,MAZDA2_15_UK_MT,Mazda,Mazda2 hatchback 1.5 MZR 103ps,2008,1.498,7.6,5.7,90,65.3,81.1,76.4,0.43,1952,14,20.6,0,14,0,4.1,1.87,2.56,35,0.258,0,0,0,3.5,0,0,0.014,47.34,42.2,5.14,6.77,14.17,pop,Hòa Minzy,0,0,0,0
SIM_02788,FAKE_CAR_0349,MAZDA2_15_UK_MT,Mazda,Mazda2 hatchback 1.5 MZR 103ps,2008,1.498,7.6,5.7,90,65.3,81.1,75.6,0.43,937,0,20.6,14,10,10,1.3,1.87,2.56,50,0.752,0,0,0,5.13,0,0,0.014,26.99,61.03,-34.04,-30.78,11.99,bolero,Lệ Quyên,0,0,0,0
SIM_02789,FAKE_CAR_0349,MAZDA2_15_UK_MT,Mazda,Mazda2 hatchback 1.5 MZR 103ps,2008,1.498,7.6,5.7,90,65.3,81.1,70.8,0.43,1625,20,20.6,13,15,10,4.2,1.87,2.56,20,0.513,0,0,0,3.03,0,0,0.014,42.67,65.83,-23.16,-22,12.29,dân ca/pop,Phương Mỹ Chi,0,0,0,0
SIM_02790,FAKE_CAR_0349,MAZDA2_15_UK_MT,Mazda,Mazda2 hatchback 1.5 MZR 103ps,2008,1.498,7.6,5.7,90,65.3,81.1,79.6,0.43,2728,17,20.6,0,0,11,2.3,1.87,2.56,20,0.277,0,0,0,2.94,0,0,0.014,55.83,36.84,18.99,20.06,14.09,instrumental,không rõ,0,0,0,0
SIM_02791,FAKE_CAR_0349,MAZDA2_15_UK_MT,Mazda,Mazda2 hatchback 1.5 MZR 103ps,2008,1.498,7.6,5.7,90,65.3,81.1,76,0.43,779,0,20.6,0,0,15,4.3,1.87,2.56,65,0.575,0,0,0,6.03,0,0,0.014,22.74,45.93,-23.19,-19.03,12.19,instrumental,không rõ,0,0,0,0
SIM_02792,FAKE_CAR_0349,MAZDA2_15_UK_MT,Mazda,Mazda2 hatchback 1.5 MZR 103ps,2008,1.498,7.6,5.7,90,65.3,81.1,70.4,0.43,725,0,20.6,13,9,0,4.8,1.87,2.56,10,0.683,0,0,0,2.73,0,0,0.014,21.29,50.13,-28.84,-27.98,12.13,dân ca/pop,Phương Mỹ Chi,0,0,0,0
SIM_02793,FAKE_CAR_0350,HONDA_FIT15_CA_MT,Honda,Fit hatchback 1.5 DX,2008,1.5,7.1,6.5,80,94.3,88.9,78.9,0.69,1684,34,17.2,13,5,0,1.3,2.39,3.07,35,0.734,1,28,9,4.48,0,0,0.359,55.86,49.98,5.88,16.97,13.98,dân ca/pop,Phương Mỹ Chi,1,0,0,0
SIM_02794,FAKE_CAR_0350,HONDA_FIT15_CA_MT,Honda,Fit hatchback 1.5 DX,2008,1.5,7.1,6.5,80,94.3,88.9,66.6,0.69,913,0,17.2,0,0,0,4.6,2.39,3.07,95,0.666,1,28,27.37,10,0,0,0.359,33.81,59.17,-25.36,9.62,11.96,bolero,Lệ Quyên,1,0,1,0
SIM_02795,FAKE_CAR_0350,HONDA_FIT15_CA_MT,Honda,Fit hatchback 1.5 DX,2008,1.5,7.1,6.5,80,94.3,88.9,69.5,0.69,2941,54,17.2,0,10,0,2.8,2.39,3.07,95,0.67,1,28,27.45,10,0,0,0.359,71.67,67.45,4.22,39.28,13.88,pop,Hòa Minzy,1,0,0,0
SIM_02796,FAKE_CAR_0350,HONDA_FIT15_CA_MT,Honda,Fit hatchback 1.5 DX,2008,1.5,7.1,6.5,80,94.3,88.9,77.4,0.69,959,0,17.2,8,12,0,2.4,2.39,3.07,10,0.252,1,28,3.14,3.19,0,0,0.359,35.4,45.93,-10.53,-6.59,12.42,pop,Hòa Minzy,1,1,0,0
SIM_02797,FAKE_CAR_0350,HONDA_FIT15_CA_MT,Honda,Fit hatchback 1.5 DX,2008,1.5,7.1,6.5,80,94.3,88.9,69.3,0.69,985,0,17.2,0,10,0,4.1,2.39,3.07,35,0.352,1,28,6.66,4.1,0,0,0.359,36.3,42.06,-5.76,2.61,12.55,dân ca/pop,Phương Mỹ Chi,1,1,1,0
SIM_02798,FAKE_CAR_0350,HONDA_FIT15_CA_MT,Honda,Fit hatchback 1.5 DX,2008,1.5,7.1,6.5,80,94.3,88.9,73.6,0.69,761,0,17.2,0,0,0,1.9,2.39,3.07,20,0.527,1,28,5.19,3.55,0,0,0.359,28.57,27.84,0.73,7.08,13.89,bolero,Lệ Quyên,1,1,0,0
SIM_02799,FAKE_CAR_0350,HONDA_FIT15_CA_MT,Honda,Fit hatchback 1.5 DX,2008,1.5,7.1,6.5,80,94.3,88.9,66.7,0.69,790,0,17.2,0,0,14,2.2,2.39,3.07,35,0.405,1,28,6.98,4.15,0,0,0.359,29.57,44.53,-14.96,-6.22,12.19,dân ca/pop,Phương Mỹ Chi,1,0,1,0
SIM_02800,FAKE_CAR_0350,HONDA_FIT15_CA_MT,Honda,Fit hatchback 1.5 DX,2008,1.5,7.1,6.5,80,94.3,88.9,72.3,0.69,910,0,17.2,0,14,15,2,2.39,3.07,10,0.252,1,28,3.14,3.19,0,0,0.359,33.71,54.53,-20.82,-16.88,12.18,rock,không rõ,1,1,0,0
SIM_02801,FAKE_CAR_0351,YARIS13_UK_MT,Toyota,Yaris hatchback 1.3 VVT-i,2008,1.3,7.2,6,80,96.7,76,26.7,0.61,786,0,13.9,8,12,0,8.1,2.19,3.18,20,0.358,1,55,8.83,3.59,0,0,0.072,30.18,54.42,-24.24,-14.01,12.23,rock,không rõ,0,0,1,1
SIM_02802,FAKE_CAR_0351,YARIS13_UK_MT,Toyota,Yaris hatchback 1.3 VVT-i,2008,1.3,7.2,6,80,96.7,76,28.5,0.61,756,0,13.9,0,10,0,7,2.19,3.18,95,0.631,1,55,52.42,9.96,0,0,0.072,29.12,93.28,-64.16,-3.97,11.2,pop,Hòa Minzy,0,0,1,1
SIM_02803,FAKE_CAR_0351,YARIS13_UK_MT,Toyota,Yaris hatchback 1.3 VVT-i,2008,1.3,7.2,6,80,96.7,76,33.9,0.61,728,0,13.9,8,13,0,6.5,2.19,3.18,10,0.338,1,55,6.71,3.31,0,0,0.072,28.13,51.42,-23.29,-15.46,12.29,dân ca/pop,Phương Mỹ Chi,0,0,1,0
SIM_02804,FAKE_CAR_0351,YARIS13_UK_MT,Toyota,Yaris hatchback 1.3 VVT-i,2008,1.3,7.2,6,80,96.7,76,36.1,0.61,2033,18,13.9,0,10,13,4.5,2.19,3.18,20,0.481,1,55,9.83,3.64,0,0,0.072,63.83,54.87,8.96,20.24,14.09,dân ca/pop,Phương Mỹ Chi,0,0,0,0
SIM_02805,FAKE_CAR_0351,YARIS13_UK_MT,Toyota,Yaris hatchback 1.3 VVT-i,2008,1.3,7.2,6,80,96.7,76,27.9,0.61,1854,43,13.9,0,12,0,6,2.19,3.18,20,0.44,1,55,9.5,3.62,0,0,0.072,60.47,45.02,15.45,26.38,14.13,instrumental,không rõ,0,0,0,0
SIM_02806,FAKE_CAR_0351,YARIS13_UK_MT,Toyota,Yaris hatchback 1.3 VVT-i,2008,1.3,7.2,6,80,96.7,76,26.8,0.61,989,0,13.9,10,14,15,7.2,2.19,3.18,10,0.537,1,55,7.96,3.33,0,0,0.072,37.36,71.39,-34.03,-24.93,11.95,rock,không rõ,0,0,1,1
SIM_02807,FAKE_CAR_0351,YARIS13_UK_MT,Toyota,Yaris hatchback 1.3 VVT-i,2008,1.3,7.2,6,80,96.7,76,29,0.61,994,0,13.9,0,9,0,6.3,2.19,3.18,80,0.487,1,55,37.19,7.73,0,0,0.072,37.54,74.12,-36.58,6.15,11.93,dân ca/pop,Phương Mỹ Chi,0,0,1,1
SIM_02808,FAKE_CAR_0351,YARIS13_UK_MT,Toyota,Yaris hatchback 1.3 VVT-i,2008,1.3,7.2,6,80,96.7,76,37.4,0.61,755,0,13.9,0,0,0,7.1,2.19,3.18,50,0.619,1,55,23.26,5.51,0,0,0.072,29.09,49.77,-20.68,5.9,12.31,pop,Hòa Minzy,0,0,1,1
SIM_02809,FAKE_CAR_0352,YARIS13_UK_MM,Toyota,Yaris hatchback 1.3 VVT-i,2008,1.3,6.7,5.8,80,91.2,85,55.8,0.16,2248,17,13.8,0,5,0,6.3,2.89,2.87,20,0.362,1,90,14.51,3.28,1,13.67,0.159,64.01,56.56,7.45,36.02,14.02,rock,không rõ,0,0,0,0
SIM_02810,FAKE_CAR_0352,YARIS13_UK_MM,Toyota,Yaris hatchback 1.3 VVT-i,2008,1.3,6.7,5.8,80,91.2,85,62.1,0.16,2844,16,13.8,0,12,0,5.7,2.89,2.87,50,0.536,1,90,35.73,5.05,1,13.67,0.159,69.31,85.95,-16.64,34.92,12.38,instrumental,không rõ,0,0,1,0
SIM_02811,FAKE_CAR_0352,YARIS13_UK_MM,Toyota,Yaris hatchback 1.3 VVT-i,2008,1.3,6.7,5.8,80,91.2,85,56.6,0.16,1948,25,13.8,0,5,18,2.7,2.89,2.87,35,0.712,1,90,28.51,4.26,1,13.67,0.159,58.7,85.94,-27.24,16.31,12.03,pop,Hòa Minzy,0,0,1,0
SIM_02812,FAKE_CAR_0352,YARIS13_UK_MM,Toyota,Yaris hatchback 1.3 VVT-i,2008,1.3,6.7,5.8,80,91.2,85,58.5,0.16,938,0,13.8,0,10,12,2.9,2.89,2.87,80,0.528,1,90,62.9,7.58,1,13.67,0.159,33.54,122.85,-89.31,-8.05,11.16,rock,không rõ,0,0,1,0
SIM_02813,FAKE_CAR_0352,YARIS13_UK_MM,Toyota,Yaris hatchback 1.3 VVT-i,2008,1.3,6.7,5.8,80,91.2,85,62.4,0.16,1778,33,13.8,0,5,0,3.4,2.89,2.87,10,0.244,1,90,10.02,2.99,1,13.67,0.159,55.69,48.88,6.81,30.6,14.01,dân ca/pop,Phương Mỹ Chi,0,0,0,0
SIM_02814,FAKE_CAR_0352,YARIS13_UK_MM,Toyota,Yaris hatchback 1.3 VVT-i,2008,1.3,6.7,5.8,80,91.2,85,61.7,0.16,2786,56,13.8,0,5,0,4.4,2.89,2.87,95,0.826,1,90,98.04,10,1,13.67,0.159,69.31,144.91,-75.6,43.22,11.14,instrumental,không rõ,0,1,1,0
SIM_02815,FAKE_CAR_0352,YARIS13_UK_MM,Toyota,Yaris hatchback 1.3 VVT-i,2008,1.3,6.7,5.8,80,91.2,85,62.5,0.16,2033,14,13.8,0,12,0,6.2,2.89,2.87,10,0.779,1,90,15.5,3.05,1,13.67,0.159,60.2,64.22,-4.02,25.31,12.62,dân ca/pop,Phương Mỹ Chi,0,0,1,0
SIM_02816,FAKE_CAR_0352,YARIS13_UK_MM,Toyota,Yaris hatchback 1.3 VVT-i,2008,1.3,6.7,5.8,80,91.2,85,62.9,0.16,1846,33,13.8,8,13,0,4.4,2.89,2.87,65,0.218,1,90,36.39,5.36,1,13.67,0.159,56.89,94.62,-37.73,14.8,11.8,instrumental,không rõ,0,0,1,0
SIM_02817,FAKE_CAR_0353,YARIS13_NCP_2NZ,Toyota,Yaris 1.3 NCP9# / 2NZ-FE,2008,1.3,,,80,91.2,95.3,85.3,0.81,871,0,18.1,10,11,0,2.4,2.27,3.28,20,0.497,0,0,0,3.75,0,0,0.776,31.3,45.25,-13.95,-12.47,12.08,dân ca/pop,Phương Mỹ Chi,0,0,0,0
SIM_02818,FAKE_CAR_0353,YARIS13_NCP_2NZ,Toyota,Yaris 1.3 NCP9# / 2NZ-FE,2008,1.3,,,80,91.2,95.3,76,0.81,1616,58,18.1,0,15,0,2.3,2.27,3.28,35,0.842,0,0,0,4.8,0,0,0.776,52.81,40.2,12.61,15.14,13.67,instrumental,không rõ,0,0,0,0
SIM_02819,FAKE_CAR_0353,YARIS13_NCP_2NZ,Toyota,Yaris 1.3 NCP9# / 2NZ-FE,2008,1.3,,,80,91.2,95.3,84.9,0.81,785,0,18.1,0,0,0,1.8,2.27,3.28,20,0.568,0,0,0,3.77,0,0,0.776,28.43,23.67,4.76,6.26,13.67,pop,Hòa Minzy,0,0,0,0
SIM_02820,FAKE_CAR_0353,YARIS13_NCP_2NZ,Toyota,Yaris 1.3 NCP9# / 2NZ-FE,2008,1.3,,,80,91.2,95.3,77.8,0.81,783,0,18.1,0,10,0,1.4,2.27,3.28,10,0.743,0,0,0,3.46,0,0,0.776,28.37,32.96,-4.59,-3.4,12.26,instrumental,không rõ,0,0,0,0
SIM_02821,FAKE_CAR_0353,YARIS13_NCP_2NZ,Toyota,Yaris 1.3 NCP9# / 2NZ-FE,2008,1.3,,,80,91.2,95.3,78.5,0.81,884,0,18.1,0,12,0,4.4,2.27,3.28,65,0.73,0,0,0,7.18,0,0,0.776,31.74,41.68,-9.94,-5.03,12.1,bolero,Lệ Quyên,0,0,0,0
SIM_02822,FAKE_CAR_0353,YARIS13_NCP_2NZ,Toyota,Yaris 1.3 NCP9# / 2NZ-FE,2008,1.3,,,80,91.2,95.3,81.9,0.81,1647,63,18.1,0,10,0,4.8,2.27,3.28,95,0.214,0,0,0,7.92,0,0,0.776,53.36,40.82,12.54,18.19,13.67,bolero,Lệ Quyên,0,0,0,0
SIM_02823,FAKE_CAR_0353,YARIS13_NCP_2NZ,Toyota,Yaris 1.3 NCP9# / 2NZ-FE,2008,1.3,,,80,91.2,95.3,84.7,0.81,2861,47,18.1,0,8,10,2,2.27,3.28,80,0.325,0,0,0,7.2,0,0,0.776,69.31,45.3,24.01,28.94,13.72,rock,không rõ,0,0,0,0
SIM_02824,FAKE_CAR_0353,YARIS13_NCP_2NZ,Toyota,Yaris 1.3 NCP9# / 2NZ-FE,2008,1.3,,,80,91.2,95.3,76.9,0.81,850,0,18.1,14,11,11,3.7,2.27,3.28,65,0.542,0,0,0,6.66,0,0,0.776,30.6,64.46,-33.86,-29.47,11.6,dân ca/pop,Phương Mỹ Chi,0,0,0,0
SIM_02825,FAKE_CAR_0354,YARIS15_CA_MT,Toyota,Yaris hatchback 1.5,2008,1.5,7,6.3,85,89.3,49,58.7,0.55,784,0,19,13,9,0,3.6,1.79,1.9,35,0.83,0,0,0,3.4,0,0,0.739,29.55,48,-18.45,-16.84,11.97,bolero,Lệ Quyên,0,0,0,0
SIM_02826,FAKE_CAR_0354,YARIS15_CA_MT,Toyota,Yaris hatchback 1.5,2008,1.5,7,6.3,85,89.3,49,60.3,0.55,863,0,19,0,0,0,4.8,1.79,1.9,50,0.738,0,0,0,4.44,0,0,0.739,32.29,28.24,4.05,6.7,13.68,instrumental,không rõ,0,0,0,0
SIM_02827,FAKE_CAR_0354,YARIS15_CA_MT,Toyota,Yaris hatchback 1.5,2008,1.5,7,6.3,85,89.3,49,59.2,0.55,836,0,19,10,5,9,6.6,1.79,1.9,65,0.485,0,0,0,5.13,0,0,0.739,31.35,54.73,-23.38,-20.04,11.86,bolero,Lệ Quyên,0,0,0,0
SIM_02828,FAKE_CAR_0354,YARIS15_CA_MT,Toyota,Yaris hatchback 1.5,2008,1.5,7,6.3,85,89.3,49,57.2,0.55,835,0,19,0,14,0,4.7,1.79,1.9,65,0.514,0,0,0,5.21,0,0,0.739,31.32,42.91,-11.59,-8.17,12.11,rock,không rõ,0,0,0,0
SIM_02829,FAKE_CAR_0354,YARIS15_CA_MT,Toyota,Yaris hatchback 1.5,2008,1.5,7,6.3,85,89.3,49,57.7,0.55,2352,41,19,0,9,0,4.6,1.79,1.9,65,0.493,0,0,0,5.15,0,0,0.739,68.51,37.75,30.76,34.12,13.74,pop,Hòa Minzy,0,0,0,0
SIM_02830,FAKE_CAR_0354,YARIS15_CA_MT,Toyota,Yaris hatchback 1.5,2008,1.5,7,6.3,85,89.3,49,60.4,0.55,819,0,19,12,0,12,5.2,1.79,1.9,35,0.678,0,0,0,3.25,0,0,0.739,30.76,51.45,-20.69,-19.23,11.85,rock,không rõ,0,0,0,0
SIM_02831,FAKE_CAR_0354,YARIS15_CA_MT,Toyota,Yaris hatchback 1.5,2008,1.5,7,6.3,85,89.3,49,60.7,0.55,2856,47,19,0,11,0,3.9,1.79,1.9,95,0.508,0,0,0,8.05,0,0,0.739,72.11,41.95,30.16,36.42,13.72,instrumental,không rõ,0,0,0,0
SIM_02832,FAKE_CAR_0354,YARIS15_CA_MT,Toyota,Yaris hatchback 1.5,2008,1.5,7,6.3,85,89.3,49,58.6,0.55,904,0,19,8,13,0,4.2,1.79,1.9,35,0.6,0,0,0,3.18,0,0,0.739,33.71,47.38,-13.67,-12.28,12.06,rock,không rõ,0,0,0,0
SIM_02833,FAKE_CAR_0355,YARIS15_CA_AT,Toyota,Yaris hatchback 1.5,2008,1.5,7,6.4,90,89.8,88,28.9,0.33,834,0,14.5,0,11,0,6.9,1.3,2.73,80,0.634,0,0,0,7.85,0,0,0.052,33.31,40.25,-6.94,-0.39,12.69,nhạc trẻ,Lam Trường,0,0,1,0
SIM_02834,FAKE_CAR_0355,YARIS15_CA_AT,Toyota,Yaris hatchback 1.5,2008,1.5,7,6.4,90,89.8,88,30.4,0.33,1840,26,14.5,0,16,0,8,1.3,2.73,65,0.85,0,0,0,6.96,0,0,0.052,62.9,45.46,17.44,23.1,14.15,bolero,Lệ Quyên,0,0,0,0
SIM_02835,FAKE_CAR_0355,YARIS15_CA_AT,Toyota,Yaris hatchback 1.5,2008,1.5,7,6.4,90,89.8,88,35.2,0.33,829,0,14.5,0,9,0,5,1.3,2.73,35,0.637,0,0,0,4.04,0,0,0.052,33.12,32.54,0.58,3.32,14.13,bolero,Lệ Quyên,0,0,0,0
SIM_02836,FAKE_CAR_0355,YARIS15_CA_AT,Toyota,Yaris hatchback 1.5,2008,1.5,7,6.4,90,89.8,88,25.2,0.33,2405,49,14.5,0,0,0,7.3,1.3,2.73,65,0.773,0,0,0,6.75,0,0,0.052,73.99,28.55,45.44,50.89,14.08,bolero,Lệ Quyên,0,0,0,0
SIM_02837,FAKE_CAR_0355,YARIS15_CA_AT,Toyota,Yaris hatchback 1.5,2008,1.5,7,6.4,90,89.8,88,33.7,0.33,1759,29,14.5,0,5,14,7.6,1.3,2.73,80,0.348,0,0,0,6.74,0,0,0.052,61.31,47.84,13.47,18.91,14.15,instrumental,không rõ,0,0,0,0
SIM_02838,FAKE_CAR_0355,YARIS15_CA_AT,Toyota,Yaris hatchback 1.5,2008,1.5,7,6.4,90,89.8,88,28.9,0.33,865,0,14.5,0,0,0,7.2,1.3,2.73,80,0.847,0,0,0,8.68,0,0,0.052,34.45,30.38,4.07,11.45,14.06,rock,không rõ,0,0,0,0
SIM_02839,FAKE_CAR_0355,YARIS15_CA_AT,Toyota,Yaris hatchback 1.5,2008,1.5,7,6.4,90,89.8,88,28.3,0.33,873,0,14.5,0,5,0,5.1,1.3,2.73,65,0.484,0,0,0,5.95,0,0,0.052,34.75,30.55,4.2,8.85,14.06,pop,Hòa Minzy,0,0,0,0
SIM_02840,FAKE_CAR_0355,YARIS15_CA_AT,Toyota,Yaris hatchback 1.5,2008,1.5,7,6.4,90,89.8,88,24.4,0.33,1930,51,14.5,0,0,0,5.8,1.3,2.73,65,0.58,0,0,0,6.22,0,0,0.052,64.67,26.52,38.15,43.07,14.17,dân ca/pop,Phương Mỹ Chi,0,0,0,0
SIM_02841,FAKE_CAR_0356,YARIS10_UK_MT,Toyota,Yaris hatchback 1.0 VVT-i,2008,1,6.4,5.4,70,63.9,95.3,67.9,0.32,2708,57,14.1,0,13,0,3.4,2.71,1.83,35,0.545,1,12,3.36,3.05,0,0,0.154,42.49,36.91,5.58,9.28,14.08,nhạc trẻ,Lam Trường,0,0,0,0
SIM_02842,FAKE_CAR_0356,YARIS10_UK_MT,Toyota,Yaris hatchback 1.0 VVT-i,2008,1,6.4,5.4,70,63.9,95.3,62.4,0.32,775,0,14.1,0,5,17,3.3,2.71,1.83,65,0.803,1,12,7.84,5.93,0,0,0.154,17.23,53.17,-35.94,-24.88,11.83,rock,không rõ,0,0,1,0
SIM_02843,FAKE_CAR_0356,YARIS10_UK_MT,Toyota,Yaris hatchback 1.0 VVT-i,2008,1,6.4,5.4,70,63.9,95.3,59.5,0.32,2336,47,14.1,13,14,0,5.8,2.71,1.83,65,0.353,1,12,5.54,4.69,0,0,0.154,40.2,57.13,-16.93,-9.41,12.29,bolero,Lệ Quyên,0,0,1,0
SIM_02844,FAKE_CAR_0356,YARIS10_UK_MT,Toyota,Yaris hatchback 1.0 VVT-i,2008,1,6.4,5.4,70,63.9,95.3,63.8,0.32,2297,29,14.1,9,14,18,3.3,2.71,1.83,95,0.722,1,12,12.2,9.08,0,0,0.154,39.78,79.68,-39.9,-21.33,11.74,instrumental,không rõ,0,0,1,0
SIM_02845,FAKE_CAR_0356,YARIS10_UK_MT,Toyota,Yaris hatchback 1.0 VVT-i,2008,1,6.4,5.4,70,63.9,95.3,67,0.32,2007,20,14.1,0,5,0,2.7,2.71,1.83,20,0.513,1,12,2.2,2.3,0,0,0.154,36.63,26.3,10.33,12.12,14,rock,không rõ,0,0,0,0
SIM_02846,FAKE_CAR_0356,YARIS10_UK_MT,Toyota,Yaris hatchback 1.0 VVT-i,2008,1,6.4,5.4,70,63.9,95.3,56.6,0.32,2048,46,14.1,0,12,0,2.1,2.71,1.83,35,0.463,1,12,3.15,2.97,0,0,0.154,37.07,34.32,2.75,6.16,14,nhạc trẻ,Lam Trường,0,0,0,0
SIM_02847,FAKE_CAR_0356,YARIS10_UK_MT,Toyota,Yaris hatchback 1.0 VVT-i,2008,1,6.4,5.4,70,63.9,95.3,69.1,0.32,2460,12,14.1,0,5,0,3,2.71,1.83,65,0.235,1,12,4.94,4.37,0,0,0.154,41.55,31.41,10.14,16.74,14,bolero,Lệ Quyên,0,0,0,0
SIM_02848,FAKE_CAR_0356,YARIS10_UK_MT,Toyota,Yaris hatchback 1.0 VVT-i,2008,1,6.4,5.4,70,63.9,95.3,56.8,0.32,2501,52,14.1,0,15,11,2.3,2.71,1.83,80,0.416,1,12,7.64,6.11,0,0,0.154,41.99,56.15,-14.16,-3.12,12.42,rock,không rõ,0,0,1,0
SIM_02849,FAKE_CAR_0357,AYGO10_UK_MT,Toyota,Aygo hatchback 1.0 VVT-i,2008,1,5.5,4.6,75,92.5,61,29.8,0.65,2569,34,16.3,0,5,0,6.9,2.33,2.86,65,0.227,1,28,11.43,5.38,0,0,0.064,65.91,45.01,20.9,35.38,14.04,pop,Hòa Minzy,0,0,0,0
SIM_02850,FAKE_CAR_0357,AYGO10_UK_MT,Toyota,Aygo hatchback 1.0 VVT-i,2008,1,5.5,4.6,75,92.5,61,31.2,0.65,999,0,16.3,14,0,0,7.9,2.33,2.86,35,0.776,1,28,9.26,4.31,0,0,0.064,33.82,51.77,-17.95,-6.71,12.4,rock,không rõ,0,0,1,0
SIM_02851,FAKE_CAR_0357,AYGO10_UK_MT,Toyota,Aygo hatchback 1.0 VVT-i,2008,1,5.5,4.6,75,92.5,61,27.5,0.65,870,0,16.3,0,14,0,5.7,2.33,2.86,35,0.234,1,28,5.94,3.77,0,0,0.064,29.73,45.71,-15.98,-8.6,12.35,pop,Hòa Minzy,0,0,1,0
SIM_02852,FAKE_CAR_0357,AYGO10_UK_MT,Toyota,Aygo hatchback 1.0 VVT-i,2008,1,5.5,4.6,75,92.5,61,35.7,0.65,861,0,16.3,0,8,0,8.1,2.33,2.86,50,0.572,1,28,11.43,5.11,0,0,0.064,29.45,48.94,-19.49,-5.28,12.29,dân ca/pop,Phương Mỹ Chi,0,0,1,0
SIM_02853,FAKE_CAR_0357,AYGO10_UK_MT,Toyota,Aygo hatchback 1.0 VVT-i,2008,1,5.5,4.6,75,92.5,61,36.4,0.65,807,0,16.3,10,5,0,4.5,2.33,2.86,80,0.444,1,28,18.27,7.24,0,0,0.064,27.73,61.31,-33.58,-10.4,11.92,rock,không rõ,0,0,1,0
SIM_02854,FAKE_CAR_0357,AYGO10_UK_MT,Toyota,Aygo hatchback 1.0 VVT-i,2008,1,5.5,4.6,75,92.5,61,35.9,0.65,932,0,16.3,0,0,0,4.5,2.33,2.86,35,0.501,1,28,7.57,4.04,0,0,0.064,31.7,32.41,-0.71,8.57,12.79,rock,không rõ,0,0,0,0
SIM_02855,FAKE_CAR_0357,AYGO10_UK_MT,Toyota,Aygo hatchback 1.0 VVT-i,2008,1,5.5,4.6,75,92.5,61,38.4,0.65,956,0,16.3,0,8,14,7.4,2.33,2.86,35,0.483,1,28,7.46,4.02,0,0,0.064,32.46,57.18,-24.72,-15.57,12.18,dân ca/pop,Phương Mỹ Chi,0,0,1,0
SIM_02856,FAKE_CAR_0357,AYGO10_UK_MT,Toyota,Aygo hatchback 1.0 VVT-i,2008,1,5.5,4.6,75,92.5,61,25.6,0.65,2835,56,16.3,10,12,0,6.9,2.33,2.86,50,0.246,1,28,8.58,4.53,0,0,0.064,65.91,58.31,7.6,18.38,14.15,instrumental,không rõ,0,0,0,0
SIM_02857,FAKE_CAR_0358,AURIS14_UK_MT,Toyota,Auris hatchback 1.4 VVT-i,2008,1.4,8.7,6.9,90,99.1,93.9,81.6,0.76,935,0,12.6,0,0,13,3.7,2.5,2.46,35,0.44,0,0,0,3.58,0,0,0.129,40.87,32.88,7.99,9.07,14.05,rock,không rõ,0,0,0,0
SIM_02858,FAKE_CAR_0358,AURIS14_UK_MT,Toyota,Auris hatchback 1.4 VVT-i,2008,1.4,8.7,6.9,90,99.1,93.9,71.4,0.76,832,0,12.6,0,0,0,1.8,2.5,2.46,35,0.279,0,0,0,3.42,0,0,0.129,36.67,17.82,18.85,19.77,14.01,dân ca/pop,Phương Mỹ Chi,0,0,0,0
SIM_02859,FAKE_CAR_0358,AURIS14_UK_MT,Toyota,Auris hatchback 1.4 VVT-i,2008,1.4,8.7,6.9,90,99.1,93.9,75.4,0.76,840,0,12.6,10,10,0,2.1,2.5,2.46,65,0.687,0,0,0,6.24,0,0,0.129,37,40.94,-3.94,-0.2,12.73,nhạc trẻ,Lam Trường,0,0,1,0
SIM_02860,FAKE_CAR_0358,AURIS14_UK_MT,Toyota,Auris hatchback 1.4 VVT-i,2008,1.4,8.7,6.9,90,99.1,93.9,73.7,0.76,837,0,12.6,0,0,0,5,2.5,2.46,10,0.204,0,0,0,2.57,0,0,0.129,36.88,20.17,16.71,16.78,14.07,nhạc trẻ,Lam Trường,0,0,0,0
SIM_02861,FAKE_CAR_0358,AURIS14_UK_MT,Toyota,Auris hatchback 1.4 VVT-i,2008,1.4,8.7,6.9,90,99.1,93.9,83.2,0.76,912,0,12.6,0,14,0,4.2,2.5,2.46,10,0.332,0,0,0,2.59,0,0,0.129,39.94,33.39,6.55,6.64,14.04,dân ca/pop,Phương Mỹ Chi,0,0,0,0
SIM_02862,FAKE_CAR_0358,AURIS14_UK_MT,Toyota,Auris hatchback 1.4 VVT-i,2008,1.4,8.7,6.9,90,99.1,93.9,72.5,0.76,786,0,12.6,11,12,11,4.1,2.5,2.46,80,0.762,0,0,0,8.08,0,0,0.129,34.8,58.78,-23.98,-18.4,12.2,rock,không rõ,0,0,1,0
SIM_02863,FAKE_CAR_0358,AURIS14_UK_MT,Toyota,Auris hatchback 1.4 VVT-i,2008,1.4,8.7,6.9,90,99.1,93.9,70.2,0.76,751,0,12.6,10,0,0,4.2,2.5,2.46,65,0.249,0,0,0,5.04,0,0,0.129,33.37,31.84,1.53,4.07,14.03,bolero,Lệ Quyên,0,0,0,0
SIM_02864,FAKE_CAR_0358,AURIS14_UK_MT,Toyota,Auris hatchback 1.4 VVT-i,2008,1.4,8.7,6.9,90,99.1,93.9,74.4,0.76,1635,50,12.6,11,13,15,4.8,2.5,2.46,95,0.682,0,0,0,9.51,0,0,0.129,64.97,65.91,-0.94,6.07,12.71,rock,không rõ,0,0,0,0
SIM_02865,FAKE_CAR_0359,AURIS16_UK_MT,Toyota,Auris hatchback 1.6 VVT-i,2008,1.6,9,7.1,100,89.9,92,46.1,0.2,1674,33,20.4,14,9,0,6.6,2.97,2.49,10,0.597,0,0,0,2.65,0,0,0.157,66.34,52.65,13.69,13.37,13.99,pop,Hòa Minzy,0,0,0,0
SIM_02866,FAKE_CAR_0359,AURIS16_UK_MT,Toyota,Auris hatchback 1.6 VVT-i,2008,1.6,9,7.1,100,89.9,92,56.7,0.2,722,0,20.4,0,14,0,3.6,2.97,2.49,20,0.55,0,0,0,2.98,0,0,0.157,32.45,40.98,-8.53,-8.52,12.56,bolero,Lệ Quyên,0,0,0,0
SIM_02867,FAKE_CAR_0359,AURIS16_UK_MT,Toyota,Auris hatchback 1.6 VVT-i,2008,1.6,9,7.1,100,89.9,92,57,0.2,2587,52,20.4,0,5,0,5.2,2.97,2.49,20,0.546,0,0,0,2.98,0,0,0.157,85.41,33.58,51.83,51.84,14.09,nhạc trẻ,Lam Trường,0,0,0,0
SIM_02868,FAKE_CAR_0359,AURIS16_UK_MT,Toyota,Auris hatchback 1.6 VVT-i,2008,1.6,9,7.1,100,89.9,92,50.7,0.2,746,0,20.4,0,15,0,6.6,2.97,2.49,95,0.376,0,0,0,7.96,0,0,0.157,33.43,49.96,-16.53,-11.54,12.32,nhạc trẻ,Lam Trường,0,0,0,0
SIM_02869,FAKE_CAR_0359,AURIS16_UK_MT,Toyota,Auris hatchback 1.6 VVT-i,2008,1.6,9,7.1,100,89.9,92,52.1,0.2,824,0,20.4,0,15,16,5.1,2.97,2.49,80,0.547,0,0,0,7.27,0,0,0.157,36.64,63.77,-27.13,-22.83,12.03,bolero,Lệ Quyên,0,0,0,0
SIM_02870,FAKE_CAR_0359,AURIS16_UK_MT,Toyota,Auris hatchback 1.6 VVT-i,2008,1.6,9,7.1,100,89.9,92,47.6,0.2,2668,60,20.4,11,0,0,4,2.97,2.49,65,0.444,0,0,0,5.6,0,0,0.157,85.41,41,44.41,47.04,14.09,nhạc trẻ,Lam Trường,0,0,0,0
SIM_02871,FAKE_CAR_0359,AURIS16_UK_MT,Toyota,Auris hatchback 1.6 VVT-i,2008,1.6,9,7.1,100,89.9,92,45.2,0.2,919,0,20.4,9,0,0,4,2.97,2.49,95,0.839,0,0,0,10,0,0,0.157,40.54,43.4,-2.86,4.17,12.65,nhạc trẻ,Lam Trường,0,0,0,0
SIM_02872,FAKE_CAR_0359,AURIS16_UK_MT,Toyota,Auris hatchback 1.6 VVT-i,2008,1.6,9,7.1,100,89.9,92,54,0.2,2097,35,20.4,0,8,9,5.7,2.97,2.49,95,0.59,0,0,0,9.06,0,0,0.157,75.58,52.16,23.42,29.51,14.07,dân ca/pop,Phương Mỹ Chi,0,0,0,0
SIM_02873,FAKE_CAR_0360,AVENSIS18_UK_MT,Toyota,Avensis sedan/hatch 1.8 VVT-i,2008,1.8,9.4,7.2,105,91.3,77.9,30.6,0.54,829,0,15.2,0,5,0,5.7,2.02,2.78,35,0.849,1,55,19.07,4.3,0,0,0.126,39.29,49.27,-9.98,11.37,12.47,instrumental,không rõ,0,0,1,1
SIM_02874,FAKE_CAR_0360,AVENSIS18_UK_MT,Toyota,Avensis sedan/hatch 1.8 VVT-i,2008,1.8,9.4,7.2,105,91.3,77.9,27.1,0.54,1924,32,15.2,13,5,0,8.2,2.02,2.78,65,0.499,1,55,28.81,6.04,0,0,0.126,76.57,76.25,0.32,33.15,14.09,bolero,Lệ Quyên,0,0,0,0
SIM_02875,FAKE_CAR_0360,AVENSIS18_UK_MT,Toyota,Avensis sedan/hatch 1.8 VVT-i,2008,1.8,9.4,7.2,105,91.3,77.9,31.2,0.54,2590,19,15.2,0,10,0,5.1,2.02,2.78,80,0.582,1,55,40.08,7.7,0,0,0.126,91.07,78.08,12.99,58.75,14.13,instrumental,không rõ,0,0,0,0
SIM_02876,FAKE_CAR_0360,AVENSIS18_UK_MT,Toyota,Avensis sedan/hatch 1.8 VVT-i,2008,1.8,9.4,7.2,105,91.3,77.9,37.9,0.54,1640,61,15.2,0,14,17,4.6,2.02,2.78,10,0.285,1,55,6.38,2.9,0,0,0.126,69.95,60.08,9.87,17.13,14.14,dân ca/pop,Phương Mỹ Chi,0,0,0,0
SIM_02877,FAKE_CAR_0360,AVENSIS18_UK_MT,Toyota,Avensis sedan/hatch 1.8 VVT-i,2008,1.8,9.4,7.2,105,91.3,77.9,33.5,0.54,829,0,15.2,0,8,0,8,2.02,2.78,80,0.697,1,55,43.59,8.15,0,0,0.126,39.29,82.94,-43.65,6.07,11.62,rock,không rõ,0,0,1,1
SIM_02878,FAKE_CAR_0360,AVENSIS18_UK_MT,Toyota,Avensis sedan/hatch 1.8 VVT-i,2008,1.8,9.4,7.2,105,91.3,77.9,28.1,0.54,989,0,15.2,9,5,9,5.3,2.02,2.78,95,0.301,1,55,39.74,7.87,0,0,0.126,46.3,91.11,-44.81,0.78,11.71,rock,không rõ,0,0,1,1
SIM_02879,FAKE_CAR_0360,AVENSIS18_UK_MT,Toyota,Avensis sedan/hatch 1.8 VVT-i,2008,1.8,9.4,7.2,105,91.3,77.9,36.3,0.54,920,0,15.2,0,14,13,6.6,2.02,2.78,35,0.65,1,55,16.67,4.1,0,0,0.126,43.28,69.57,-26.29,-7.54,12.15,pop,Hòa Minzy,0,0,1,1
SIM_02880,FAKE_CAR_0360,AVENSIS18_UK_MT,Toyota,Avensis sedan/hatch 1.8 VVT-i,2008,1.8,9.4,7.2,105,91.3,77.9,34.4,0.54,2527,29,15.2,0,9,0,8.1,2.02,2.78,65,0.515,1,55,29.18,6.09,0,0,0.126,90.6,67.57,23.03,56.28,14.1,bolero,Lệ Quyên,0,0,0,0
